MedInc,HouseAge,AveRooms,AveBedrms,Population,AveOccup,Latitude,Longitude,Price
6.0377,9.6,3.6231,0.9567,309.0,5.2607,38.6519,-120.1448,2.7099
4.1249,10.7,4.4072,1.1621,31.0,3.2802,35.0096,-122.6342,2.6459
6.6102,24.5,4.9355,1.414,106.0,4.1483,34.5175,-116.5069,3.3576
11.1766,15.6,7.6015,1.2701,168.0,4.0487,33.7436,-116.4989,5.4265
3.8943,13.6,3.1741,0.8738,1208.0,1.237,34.7985,-114.0432,1.8857
3.8943,33.9,4.7852,0.9865,803.0,2.9903,33.9994,-116.3002,2.2704
11.5597,34.2,7.406,1.8619,232.0,2.705,38.362,-122.9747,5.2229
7.1026,43.1,4.9002,1.4929,837.0,1.9094,38.1884,-121.1133,3.1319
3.3815,22.3,6.4208,1.8693,980.0,3.6105,38.0686,-119.7569,1.5929
6.2061,4.7,5.2209,0.9073,344.0,5.9692,38.598,-123.1701,2.9955
3.3938,15.0,6.0136,1.6131,101.0,1.0313,40.2405,-116.2256,1.8106
3.3891,51.0,5.0431,1.7339,328.0,2.4259,41.1788,-118.9697,1.1091
5.1819,31.4,6.8341,1.2394,366.0,1.8252,34.6886,-114.5833,2.8777
1.422,37.2,2.4099,0.7726,118.0,3.0917,38.0839,-118.3123,0.4753
1.5921,1.4,4.7734,1.3867,582.0,2.6373,33.2442,-119.0096,0.9476
3.1983,27.4,6.0931,1.8572,534.0,2.3578,33.6414,-123.75,1.6243
2.4407,2.9,6.5674,1.3555,630.0,3.9583,38.7162,-122.9319,0.96
5.4116,30.0,8.4859,1.7615,533.0,5.7804,37.1225,-115.58,2.0898
2.5992,48.0,4.718,1.5626,837.0,8.7105,39.7042,-114.0979,1.0312
1.9206,50.4,8.459,1.8776,337.0,2.2348,36.5439,-120.1406,1.0201
10.7983,28.6,4.182,0.68,494.0,1.4501,33.7122,-115.9941,5.5
3.9139,24.4,8.1573,2.2034,271.0,3.7572,40.7845,-117.9103,1.5705
4.667,49.2,7.1349,1.2484,225.0,5.7213,33.2874,-114.4299,2.3865
1.9063,35.4,3.6731,1.1362,1538.0,4.1598,34.2952,-121.9996,0.2
3.2329,4.3,6.1141,1.7018,52.0,5.7118,35.1313,-118.7792,0.8388
4.7901,24.8,5.3975,1.7539,969.0,2.7451,41.9552,-120.2076,1.9169
2.2466,13.3,6.7512,2.0724,217.0,2.3541,36.4602,-118.812,1.7375
5.6149,25.0,5.0535,0.8713,191.0,3.1461,37.2662,-121.677,2.9909
3.1256,24.2,4.8855,1.1052,524.0,2.6321,39.8121,-119.2737,1.0156
3.7621,30.7,8.2382,2.5119,91.0,3.9167,38.5459,-117.9396,1.8079
3.1236,19.2,5.3026,1.238,178.0,4.4278,40.4935,-123.6472,0.9129
13.6177,9.4,7.1528,2.464,173.0,4.5687,37.1211,-116.6986,5.5
4.4455,26.7,5.0493,1.5004,323.0,3.6849,41.7357,-117.0815,1.8756
2.3759,43.3,8.8333,1.3524,181.0,3.3146,40.0697,-115.2552,1.2638
7.3414,34.9,4.1433,1.3507,2000.0,4.1279,36.313,-120.0285,2.7059
2.1544,18.3,4.2717,0.7269,2433.0,1.37,36.1221,-123.8525,0.5091
5.08,48.7,8.549,1.5226,53.0,3.2682,41.3302,-119.6547,2.2378
1.3829,47.5,4.6101,1.3687,695.0,3.0679,39.0019,-123.0551,0.2
2.02,11.7,8.7021,2.8107,952.0,3.2714,38.4036,-117.7018,0.4839
5.0436,3.0,7.2837,1.8739,694.0,2.9007,39.6994,-124.0051,2.3921
6.9802,38.8,5.1907,1.0787,209.0,3.5706,37.8279,-120.573,2.9347
4.967,43.2,1.8734,0.5,316.0,2.3873,34.0121,-123.6301,3.0271
4.1813,50.4,5.4614,1.1937,191.0,4.72,35.5325,-124.4647,1.6376
3.7409,46.4,5.7033,1.2281,265.0,3.6308,37.8005,-114.4141,1.5031
1.8458,31.6,7.8344,1.5558,120.0,3.1908,32.6726,-114.0407,1.1636
2.9098,28.0,8.6769,2.3581,360.0,2.2728,36.6548,-118.6672,1.04
3.3995,2.4,4.13,1.3632,90.0,4.1625,39.6801,-121.991,1.4402
8.4509,13.6,7.1024,1.5016,330.0,3.2631,34.0602,-114.9335,4.3834
5.5078,24.4,7.0308,1.3171,116.0,2.2207,33.1133,-114.8081,2.8598
1.5561,33.1,7.6468,2.4295,496.0,2.9368,40.4423,-115.5277,0.5639
5.4437,29.4,6.4974,1.9385,205.0,3.8637,38.3641,-118.7841,2.5638
3.5571,38.9,1.615,0.5429,539.0,3.7458,34.1775,-123.7156,1.903
2.9857,15.3,5.1892,0.9502,1190.0,3.6503,40.1599,-123.5714,1.7919
6.4689,29.8,3.1886,0.5703,1977.0,3.1174,38.7522,-115.0855,2.3959
8.3195,5.5,5.0948,1.3159,32.0,4.5282,35.6741,-115.3038,3.5719
7.8363,22.1,7.46,2.0357,175.0,4.9289,36.0739,-119.9388,3.7323
2.7087,39.3,6.1103,1.5033,298.0,4.0347,33.9809,-121.0544,0.6152
3.7228,36.4,7.7962,2.1034,639.0,2.3751,40.4349,-117.7367,1.816
5.4672,51.5,6.1835,1.1506,77.0,1.9675,37.3356,-116.0266,2.7063
8.0472,15.2,2.9033,0.714,151.0,2.4168,37.7917,-116.8173,3.9237
3.3619,26.4,1.0,0.5,460.0,6.5631,40.8932,-118.0362,0.6701
4.0093,17.8,5.7976,1.3714,439.0,3.3625,32.6504,-122.0691,2.1179
2.3076,23.5,5.0721,1.4501,589.0,7.0327,33.1358,-121.7437,0.8752
2.1864,44.7,3.5461,0.8519,629.0,2.8631,34.035,-116.8973,1.0061
7.2974,35.9,2.0987,0.5,566.0,2.7087,32.7854,-116.0725,3.1416
10.1122,46.0,4.0305,0.8493,490.0,2.9165,38.7525,-123.2806,4.755
4.2922,11.4,5.111,1.1867,427.0,2.8954,38.5219,-122.5334,2.4793
8.1835,45.5,6.8318,1.0563,784.0,2.2046,34.5026,-117.3551,4.1983
5.5677,4.0,5.8773,1.6674,43.0,1.8974,33.9194,-120.4156,3.004
3.0433,46.3,8.7161,2.7806,1890.0,3.6713,33.884,-118.5854,1.8213
5.5669,17.8,3.4288,0.7575,45.0,4.5812,41.5558,-118.0444,1.975
11.2776,17.0,7.2621,1.1562,137.0,7.9884,39.0883,-116.3499,5.2715
4.3864,27.1,5.5946,1.9433,322.0,2.5257,38.0616,-116.04,1.8441
11.4591,49.0,6.8893,1.3967,790.0,2.6089,35.5636,-121.559,5.5
0.9307,3.4,4.627,0.8112,20.0,2.2067,36.6139,-118.8164,0.6934
7.3386,19.0,7.6434,1.7117,392.0,4.7128,33.3494,-123.203,3.4934
4.722,44.7,6.0904,1.8132,891.0,4.162,41.9824,-115.6588,1.6694
3.7457,21.2,4.1411,0.8646,1091.0,2.1154,39.6733,-115.6228,1.842
4.7354,11.2,5.476,1.4508,201.0,2.0941,38.4038,-121.3552,1.7048
1.36,22.7,5.0209,1.1704,299.0,4.3974,38.0838,-122.8135,0.2
3.9283,20.7,6.4784,1.1243,218.0,3.5018,37.291,-123.764,2.0014
5.5526,47.7,3.1404,0.6785,272.0,4.0688,34.9456,-118.4627,2.387
10.8779,39.9,5.4413,1.605,144.0,2.1104,34.6507,-123.54,5.4996
3.2839,26.8,6.2906,1.7136,166.0,1.4175,37.7206,-117.3538,1.0277
2.7591,51.4,5.566,0.9682,623.0,2.117,33.1669,-117.3797,1.1776
3.3166,24.7,8.1939,1.4967,460.0,3.9555,33.2075,-118.0531,1.9106
7.762,4.0,7.048,1.9604,660.0,6.9896,37.8277,-115.2961,3.1154
5.4589,14.4,5.485,1.7151,500.0,2.53,41.2382,-120.5281,2.0007
3.2614,23.2,5.9334,1.3047,816.0,7.4659,41.1856,-115.0262,1.1097
6.098,9.0,6.0913,1.6389,971.0,4.1868,32.6029,-124.1123,3.1288
4.7505,49.3,6.3066,1.1612,71.0,1.7208,33.5202,-123.3161,2.2138
8.014,40.1,1.8487,0.5,172.0,3.2727,38.0392,-120.1718,3.6444
2.9411,14.7,4.8969,0.7544,320.0,4.2444,40.5605,-118.2631,0.7046
3.6818,31.1,2.5311,0.7686,394.0,1.1386,41.5673,-124.1601,1.4471
3.5422,37.8,8.0566,1.8546,206.0,3.8876,40.6755,-118.5419,1.4838
1.8624,49.0,5.3783,1.6846,1004.0,4.8023,38.9373,-121.2723,0.2
5.3531,46.0,5.1133,1.4914,2922.0,3.5238,34.405,-115.185,2.4885
5.2416,27.3,7.2936,2.3029,486.0,2.9309,33.1899,-118.9005,2.9569
4.4955,40.5,6.3446,1.3142,439.0,2.8034,32.9514,-118.3271,2.3886
3.8933,29.7,3.2427,0.6065,943.0,2.7387,38.3147,-114.571,1.7154
1.917,29.2,5.3582,1.8453,62.0,1.8769,32.8438,-116.4762,0.6723
3.482,6.9,4.8297,1.4173,415.0,2.2819,39.5228,-119.8981,1.9249
3.6487,7.4,2.0109,0.6371,1074.0,2.543,39.2685,-119.4928,1.382
2.7694,28.0,4.1194,0.6287,212.0,3.1437,33.2563,-117.6968,1.0805
4.0683,14.7,5.1329,1.1338,118.0,2.4043,41.1129,-122.3979,1.8019
5.7112,2.1,5.2701,1.5735,335.0,2.122,37.4583,-123.5692,3.007
13.8975,37.9,2.5355,0.5,380.0,4.0711,41.0922,-121.232,5.5
4.9766,2.7,7.8033,2.0559,163.0,3.4842,41.0653,-116.327,1.8976
5.2306,31.4,5.2958,1.2488,3282.0,2.4213,34.3718,-121.7981,2.5558
4.2859,28.5,5.5751,0.8559,250.0,3.6785,36.1155,-123.127,1.9637
1.4173,50.4,6.3013,1.2426,127.0,2.5061,33.779,-122.2003,0.9213
4.411,25.7,3.9238,0.8121,367.0,3.0809,39.8623,-117.3708,1.5894
4.6466,4.2,6.4127,1.1054,1000.0,4.4372,37.2892,-118.0535,2.3468
15.0,29.1,4.7659,1.3168,411.0,2.3596,41.3237,-117.2727,5.5
3.9932,43.9,3.7068,0.7357,656.0,1.8796,34.478,-121.1194,2.2939
5.3705,51.8,6.6469,1.3661,169.0,2.8347,39.0395,-115.041,1.9965
4.3893,22.9,8.4833,2.7965,1786.0,1.7413,41.8977,-119.7564,1.443
2.2229,17.3,6.9497,1.6917,707.0,2.6886,38.8211,-119.106,0.8539
8.8968,47.2,7.346,1.678,1150.0,2.6852,33.1534,-114.5375,4.9032
7.0368,10.8,4.4587,1.3143,581.0,1.1213,38.09,-114.2176,4.0314
7.2039,32.4,2.3048,0.765,920.0,3.7145,34.2085,-117.5538,3.0313
2.597,21.7,8.4803,1.3145,169.0,2.7925,32.7898,-114.5795,1.5569
10.3987,3.1,9.609,2.3028,247.0,4.8199,35.6821,-118.8142,5.1872
1.9326,18.7,8.5856,2.3366,1551.0,3.2747,35.028,-121.2735,1.0962
6.3733,14.5,4.8284,1.0319,1919.0,4.0319,39.9933,-121.1915,2.8784
15.0,36.0,3.1907,0.9715,128.0,4.8356,36.05,-118.6311,5.5
2.4736,49.4,3.3686,1.1598,518.0,2.85,39.4631,-118.1471,0.8195
3.1906,14.7,2.1325,0.7223,262.0,3.0032,32.6543,-119.884,0.9319
4.7578,42.4,5.2852,1.0739,201.0,1.6009,32.6407,-115.2204,2.7965
3.3132,3.8,8.7114,1.701,536.0,4.9323,32.7785,-120.0197,1.5791
1.7676,28.4,5.2167,1.7815,1263.0,2.8341,34.5839,-121.6291,0.366
4.6699,4.6,6.1046,1.4756,634.0,2.0091,36.0529,-124.4162,2.4548
2.3694,48.6,8.2512,1.5814,293.0,4.0386,38.2745,-114.309,0.8289
5.9545,40.1,4.6918,1.3672,675.0,1.2562,41.8662,-115.8447,3.019
2.5814,34.6,9.5711,1.9801,281.0,2.5302,35.8669,-118.0366,1.1287
11.3584,43.0,9.4842,1.9296,609.0,4.3203,33.0288,-115.7793,5.5
2.8012,34.0,5.2378,1.7067,1630.0,2.5216,34.3516,-115.992,1.4998
3.6942,50.4,4.3449,0.7929,51.0,2.2543,41.0296,-114.7156,1.8861
7.3017,37.4,6.8945,1.123,895.0,2.5435,39.1441,-120.4463,3.1161
2.1414,48.2,4.805,0.9794,87.0,1.3445,40.0069,-118.6741,1.4186
5.137,27.4,3.1869,0.8649,1378.0,3.9996,33.6796,-123.4644,1.903
9.8187,7.0,8.0625,1.4079,213.0,2.8601,33.7824,-114.3642,5.0328
1.7083,27.9,7.9329,1.9382,119.0,2.6941,33.5663,-114.1562,1.3991
5.0067,7.5,5.811,1.6007,809.0,2.6981,40.6431,-116.2146,2.3342
5.2379,31.2,2.9743,0.951,581.0,3.0211,34.4947,-119.7317,2.0605
7.1642,25.6,3.0409,0.5959,149.0,3.9016,38.6099,-119.286,3.5142
2.1336,32.8,5.7145,1.7913,115.0,2.9422,37.4036,-119.9286,0.9914
2.0294,1.5,4.5003,0.8865,334.0,1.7425,37.6717,-121.4202,0.8351
6.1298,10.9,4.8178,1.3748,121.0,3.7818,34.3566,-118.9582,2.5082
5.3559,26.1,7.5439,1.7814,140.0,3.6672,38.5348,-123.9388,2.6048
5.2085,49.5,6.9664,1.2047,453.0,3.2616,32.9095,-114.0852,2.5895
5.5172,20.6,8.2563,2.4179,154.0,4.6186,41.938,-120.0475,2.3563
2.9802,22.6,3.5188,0.6811,618.0,3.0409,32.7542,-114.7627,0.9643
5.1518,37.4,4.8136,0.8921,1790.0,4.6859,32.9765,-116.8951,2.134
5.3433,31.8,7.018,1.5556,348.0,5.2745,35.5842,-121.4556,2.5494
2.9194,16.2,6.3962,1.7951,460.0,3.7921,40.4004,-122.1684,1.643
13.7284,22.0,8.5648,1.6855,3035.0,2.2274,34.9433,-114.0454,5.5
5.9554,12.1,6.3411,1.1841,123.0,2.851,36.9834,-116.3927,3.3596
2.1929,50.3,9.1962,1.3977,1328.0,4.931,32.6708,-121.8786,1.2266
6.6454,7.7,6.58,1.6077,1177.0,1.6503,33.2494,-123.7918,3.547
2.4973,20.0,7.6243,1.7973,948.0,2.5682,38.2757,-117.1824,0.7989
7.1868,2.3,4.853,0.9549,1468.0,2.6191,34.3464,-121.3183,3.226
8.9814,12.3,5.5286,0.8886,534.0,2.1253,39.0954,-122.176,4.5215
2.739,40.8,7.3219,1.7269,225.0,4.2595,39.9612,-116.7832,0.8304
7.9887,11.3,8.726,2.6845,1205.0,3.4929,40.5782,-117.3678,3.4674
5.7412,5.1,6.9585,2.0392,1252.0,2.2605,33.7711,-119.4452,2.8828
7.3392,25.2,5.3337,1.7183,1218.0,3.8275,36.8273,-114.6021,3.2721
13.9863,1.5,8.2547,1.254,422.0,2.8197,41.4973,-117.3638,5.5
3.8681,5.3,1.116,0.5,197.0,2.1042,39.8348,-115.1191,1.4357
2.8513,42.2,2.6555,0.5797,489.0,2.2588,33.6111,-122.4992,1.5859
2.6282,40.3,6.8633,2.389,1035.0,3.5766,37.2738,-121.3852,1.1381
2.747,47.7,5.5282,1.1085,1124.0,4.3737,41.2626,-123.4025,0.2452
4.2791,44.6,6.711,1.6396,263.0,2.4727,36.6804,-121.3019,2.1512
5.4997,35.8,5.6288,1.2428,553.0,3.7351,40.4555,-114.2963,1.508
5.291,3.7,6.6419,1.4689,109.0,5.6559,37.2105,-114.39,2.0559
7.3618,40.9,3.8712,1.2328,1080.0,1.8157,33.5147,-116.5159,3.7669
4.5168,44.1,6.641,1.9875,184.0,3.4635,33.9046,-119.029,2.2095
10.7201,41.8,7.4888,2.6093,885.0,4.1882,32.9434,-116.3018,4.7118
3.8237,26.9,7.9411,2.1656,128.0,2.892,34.3555,-118.6884,1.6629
15.0,12.9,9.5271,2.3118,1132.0,4.9299,40.9893,-124.4632,5.5
6.5234,44.1,5.9882,1.0061,557.0,7.2394,38.6769,-119.2338,2.1664
2.6797,38.1,6.0478,2.1126,185.0,3.4464,39.5191,-118.2113,1.1662
2.3572,51.0,2.4537,0.6387,805.0,2.7362,38.4058,-121.7096,0.582
5.9864,8.9,4.4372,1.2872,224.0,4.4406,36.1721,-122.3654,2.7716
3.9193,12.5,5.1138,1.1831,854.0,4.2073,34.5602,-121.625,1.763
6.8785,11.8,7.6006,1.9727,307.0,1.0969,41.2933,-117.9519,3.3715
5.9533,41.4,4.278,1.4482,72.0,3.0009,37.3909,-122.9663,3.0299
4.2901,10.5,7.0927,1.3,151.0,2.5655,37.0704,-116.9366,2.0906
2.6964,4.4,5.4968,1.1459,262.0,3.5208,41.963,-120.0619,1.2152
1.806,51.9,5.1457,0.9283,1585.0,2.7802,36.1473,-120.7898,0.2
3.4284,2.3,5.9978,1.85,993.0,2.9035,40.6142,-116.0241,1.6986
7.492,43.6,4.7177,0.7662,2046.0,2.127,40.6923,-119.1863,2.8751
5.096,19.6,4.6419,0.7721,2108.0,4.0302,34.7104,-120.5268,1.8887
2.1224,43.9,2.0904,0.5,236.0,5.8242,33.401,-115.2794,0.4204
4.9724,29.3,5.0041,1.2652,334.0,2.1403,41.7684,-120.6334,2.4665
5.6474,47.0,4.5401,1.0499,267.0,1.718,36.546,-115.4805,2.4721
2.6371,48.2,4.468,0.7103,206.0,3.0283,32.5211,-119.2059,1.1208
4.9147,1.5,6.3337,2.163,64.0,2.9699,37.2407,-122.3159,2.0807
4.641,4.8,6.8173,2.3218,398.0,4.7988,38.3834,-118.0654,2.0466
2.2574,13.8,5.9644,1.2279,112.0,1.8373,39.8728,-121.5041,1.2348
5.5549,35.1,7.4908,2.2196,390.0,2.4225,41.458,-122.9549,3.0001
6.2744,46.3,6.6511,1.7673,3347.0,1.2724,41.1941,-123.5914,3.3548
8.5834,24.5,4.9099,0.9697,242.0,5.2069,41.4313,-121.9622,3.878
8.4341,32.0,4.5743,0.926,490.0,3.3208,32.8052,-116.7662,4.2831
1.9609,10.6,6.1256,1.5206,999.0,2.4958,39.2619,-115.701,0.3769
2.5531,42.1,6.6475,1.5545,534.0,1.7702,34.6457,-115.4519,1.9227
6.1045,50.3,8.2957,1.7275,540.0,1.8364,34.2818,-121.6634,3.2601
6.0999,14.7,7.8823,2.4554,281.0,3.5456,40.103,-117.5598,2.6919
6.1045,26.2,4.4171,1.0879,320.0,1.9291,36.4627,-122.0813,3.0953
15.0,5.4,5.296,1.488,154.0,3.1318,41.2077,-117.961,5.5
6.3125,29.5,6.842,1.2853,940.0,6.8017,32.9031,-115.1843,2.1173
8.8582,26.6,7.636,1.9602,71.0,2.6142,40.1207,-124.0706,4.4262
7.9439,8.4,7.3779,1.5759,1065.0,2.045,33.7999,-114.1551,4.5128
6.6249,23.5,5.3722,1.3714,99.0,3.5001,34.1775,-115.8156,3.4274
3.7093,18.0,2.992,0.916,1056.0,1.8398,37.0348,-116.5025,1.638
7.0666,27.6,3.5021,1.0639,283.0,5.9774,36.2581,-117.2407,3.0256
2.8188,30.9,6.0453,1.3351,118.0,5.2669,37.1186,-116.4121,1.1038
3.8881,1.4,6.1845,1.7864,720.0,2.8132,41.4303,-114.0567,1.6466
3.3494,39.8,3.3026,1.1171,1021.0,2.0982,38.7452,-116.413,1.2981
4.7073,37.4,5.5891,1.5378,260.0,2.5337,35.2579,-120.8082,2.3122
15.0,19.7,6.7624,1.2151,829.0,2.6691,34.1426,-118.0538,5.5
1.4618,3.7,3.1975,0.9143,41.0,3.5023,36.4904,-120.9623,0.6596
6.765,39.5,7.71,1.3183,108.0,4.5533,36.7906,-114.3143,3.2122
1.703,49.7,4.7449,1.5394,1469.0,1.9846,38.2123,-115.0485,0.7195
3.3765,13.2,8.0152,2.0305,323.0,4.5013,35.027,-118.54,1.7953
8.6138,17.5,4.4331,1.0064,63.0,3.8462,39.7913,-116.2966,4.2067
4.6579,10.4,3.4467,0.5563,201.0,2.452,33.4354,-114.9483,2.1442
2.3475,30.4,4.5837,1.0366,160.0,1.9451,37.8243,-121.9422,0.9047
2.9178,8.9,5.3097,1.7556,342.0,3.1471,38.4236,-118.4154,0.9722
6.738,19.2,4.723,0.7283,278.0,1.9663,34.4649,-119.442,3.67
2.8915,36.5,5.068,1.2413,482.0,4.5243,40.3471,-116.3983,1.1237
5.1032,29.6,6.1679,2.0739,376.0,1.9164,38.3466,-120.5196,2.0394
4.6059,20.7,5.1576,1.1809,1571.0,3.74,38.6344,-117.0557,1.9766
3.0314,22.4,5.3678,1.2648,617.0,2.9088,37.2286,-120.2686,1.7363
15.0,29.7,2.0815,0.5531,638.0,2.4007,41.1411,-123.3337,5.5
6.5558,1.3,6.2834,1.5243,1294.0,2.8831,39.0923,-123.3752,3.1004
1.3296,5.0,5.3216,0.9777,273.0,4.6274,36.1274,-123.2499,0.6545
5.0122,45.9,8.7206,1.3405,114.0,1.8647,34.7668,-124.1585,2.3142
3.013,5.0,3.6209,0.9847,1349.0,2.5476,33.1751,-118.9038,1.4854
7.4742,37.0,1.8834,0.6294,462.0,2.224,34.0709,-117.445,3.9915
2.7857,47.9,6.7361,1.1537,464.0,2.9581,41.9305,-123.1694,0.821
4.1835,14.8,6.1931,1.1902,214.0,2.2845,36.3643,-118.0755,2.3559
6.0678,19.9,3.4831,0.7804,218.0,1.4811,41.0375,-118.2237,2.7734
7.5342,30.0,2.4405,0.7608,941.0,1.9698,34.1204,-122.9555,3.4492
2.1811,46.0,8.5748,1.748,1080.0,5.784,36.5409,-120.2571,0.665
3.6667,49.0,8.3282,2.7184,883.0,3.3158,41.6249,-116.5711,1.234
3.3704,38.7,1.0,0.5,892.0,3.2705,33.3658,-124.3241,1.1368
3.0283,5.4,4.5836,1.5501,713.0,2.6831,38.1429,-122.957,1.1975
12.9264,35.1,8.8284,2.3144,460.0,2.9428,41.2321,-114.0438,5.5
5.7144,21.9,4.5479,1.2814,339.0,2.5296,41.522,-116.7978,2.4268
2.1032,25.0,4.5188,1.0101,1353.0,3.709,40.5371,-119.6266,0.4244
7.7735,3.5,4.9345,1.5119,278.0,3.1278,40.6314,-117.8871,3.6117
15.0,10.7,3.2582,0.5973,584.0,1.8804,38.6957,-115.6147,5.5
8.3268,41.3,2.0904,0.5,181.0,3.3251,34.594,-115.6558,3.5918
1.8011,24.2,7.6051,1.7424,209.0,1.1236,39.4414,-121.0906,0.8318
3.3517,16.4,1.8141,0.5819,319.0,3.545,41.7947,-119.3414,0.4923
9.5845,20.6,5.9945,1.8043,181.0,1.7096,37.4964,-117.8004,4.7161
2.9312,44.6,7.2732,1.8432,896.0,2.8909,34.9766,-123.7451,1.434
5.8491,39.2,2.5975,0.6869,105.0,1.8629,37.948,-114.5691,2.8753
7.1333,14.9,3.6515,0.6426,446.0,3.0076,39.0608,-119.9562,3.2917
2.5698,7.0,7.9264,2.5217,461.0,3.786,34.4787,-120.6059,1.4322
4.3244,13.9,6.5658,2.0183,66.0,5.4801,39.3323,-114.9754,1.7304
0.641,48.0,4.2654,1.1998,260.0,1.6217,38.0806,-123.258,0.2
2.4239,30.7,7.9045,1.9227,521.0,4.4379,38.3173,-124.0878,0.5724
3.8515,28.2,7.9131,2.7133,619.0,3.166,35.4069,-117.3075,1.7787
2.1198,31.4,6.0381,1.9673,329.0,2.5086,33.975,-120.4575,0.8579
11.9347,19.7,3.6997,1.0318,794.0,4.0712,38.4228,-116.473,5.4781
1.9001,42.2,4.6731,1.0485,362.0,2.7336,38.0692,-123.7803,0.5469
3.4417,27.7,6.0728,1.6615,409.0,4.0029,35.7111,-120.4705,1.6516
4.8474,7.0,5.1228,1.358,519.0,2.02,35.311,-122.0291,2.4569
10.6415,7.6,7.3779,1.6884,1019.0,2.3322,35.7988,-116.7341,5.4661
1.8936,28.4,2.4405,0.5158,205.0,4.3817,37.1539,-122.1147,0.6578
9.0061,48.8,2.5115,0.5812,248.0,5.4421,41.7608,-119.6916,3.6469
4.5093,16.7,5.8617,1.5521,207.0,2.9624,39.7539,-115.9018,1.9621
2.487,45.3,4.5169,1.0643,289.0,1.0,40.5915,-114.8884,1.1781
5.9136,40.0,4.2459,0.8607,1679.0,2.7742,37.3037,-116.9126,3.328
5.0502,13.6,1.9639,0.5935,715.0,3.0434,37.4982,-119.9931,1.8748
3.1264,2.9,5.5391,1.4196,130.0,2.7371,34.4411,-118.4941,1.6314
4.6734,6.2,5.3945,0.8822,221.0,3.4368,39.3499,-117.2583,1.7167
3.5566,38.2,6.807,1.5225,586.0,2.4824,36.505,-115.3132,1.6931
4.7976,11.2,5.6378,1.8435,163.0,4.2019,39.5532,-115.17,1.8182
6.6677,19.9,5.2348,1.5759,195.0,1.8838,36.386,-114.7248,3.2795
11.607,26.6,7.854,1.6859,1548.0,4.927,33.5309,-115.9875,5.5
2.1325,38.0,2.8751,0.9707,218.0,5.5847,34.144,-122.9586,0.5109
15.0,6.8,6.5728,1.0866,1048.0,2.085,40.2099,-116.6498,5.5
1.3892,21.7,2.1577,0.7385,1416.0,2.0846,34.9569,-115.9468,0.9093
4.0916,25.7,3.8233,0.7614,194.0,3.5405,35.0114,-115.2824,2.1328
6.3789,28.6,3.0747,0.5,166.0,1.8685,41.329,-114.7894,2.807
5.3047,42.7,7.0639,1.6725,306.0,2.4669,38.7475,-119.1538,2.2201
3.0845,9.8,5.3692,1.1909,136.0,4.6693,33.5859,-117.6215,1.4592
3.9556,42.2,5.473,1.411,455.0,4.0351,33.8641,-124.3997,1.9266
3.3341,36.3,3.2865,1.0167,328.0,6.6331,35.0875,-118.4858,1.3485
3.1468,29.3,4.9006,1.5608,579.0,3.2166,38.143,-119.5314,1.5193
7.4615,36.7,3.9731,0.9148,1631.0,2.3529,39.6518,-114.3958,3.6037
5.5523,22.0,6.2669,1.4788,914.0,3.0664,35.1077,-115.0321,2.1607
2.9572,8.1,3.5178,0.6319,658.0,2.8286,40.7711,-116.1252,0.9845
7.6888,35.0,8.1596,1.3015,56.0,2.8445,33.5372,-123.9016,4.3114
5.3891,27.8,2.1488,0.5979,629.0,2.9757,34.4722,-120.2787,2.2114
7.2989,33.6,3.887,0.6331,2259.0,2.0695,41.7194,-117.1916,3.4482
6.539,18.2,8.8544,2.6277,20.0,3.3632,33.7801,-124.1886,3.9364
2.7254,47.3,4.6297,1.1936,804.0,1.7101,40.9371,-122.024,1.3611
3.2024,31.0,2.8702,0.5445,344.0,2.2553,39.1874,-115.1812,1.4902
7.0173,5.4,5.9381,1.5315,172.0,2.8647,33.1943,-123.1373,3.4859
6.4638,23.9,4.5492,0.8489,899.0,1.2167,37.0952,-123.9606,3.2457
4.4258,39.6,3.8283,0.9102,2230.0,4.0861,37.4303,-118.4038,1.2318
4.8086,41.5,3.3083,1.0253,876.0,1.3215,41.3553,-114.5621,1.7738
9.6465,26.2,11.0367,2.6751,278.0,3.9268,36.5005,-115.7364,4.6069
3.1426,46.6,4.9969,0.8981,157.0,1.7912,36.7443,-114.2649,1.5285
6.223,14.7,1.6489,0.5,466.0,2.5549,33.5686,-116.588,2.8965
3.9697,21.9,8.4874,1.5901,966.0,3.6975,38.5721,-119.9076,1.8352
3.933,46.8,6.7221,2.0012,274.0,7.2374,34.5035,-114.5605,1.7659
8.6648,46.7,3.9671,0.9754,302.0,3.1474,33.2366,-120.0204,4.0286
7.354,36.0,3.6338,0.8748,6782.0,1.3593,41.9707,-120.824,2.7337
7.3017,44.8,6.8469,2.193,1186.0,4.3994,35.0615,-119.7939,3.2294
9.8089,5.5,5.0062,1.4604,1274.0,2.738,33.84,-115.9533,4.8991
4.5385,45.1,1.648,0.5,94.0,3.0894,39.1452,-114.8642,2.0217
6.7475,17.4,9.0745,1.8987,199.0,3.7552,40.306,-120.7443,3.4325
3.7204,10.1,4.632,1.5016,435.0,1.2335,33.1087,-119.6464,2.2404
5.4439,13.2,8.4911,1.3048,148.0,3.012,33.5012,-115.0676,3.051
4.145,22.3,8.0569,2.0871,1999.0,2.5501,33.3567,-124.006,1.6484
4.7503,13.8,3.498,1.0339,1653.0,4.8975,32.9461,-116.2694,1.7043
6.4051,17.3,7.5664,2.076,237.0,4.0182,38.7648,-119.7307,2.7021
2.743,7.9,4.1971,1.268,2402.0,1.5671,38.089,-120.5466,1.1712
15.0,16.1,1.7666,0.5214,402.0,4.9781,38.7967,-119.8073,5.5
2.4507,30.2,4.6508,1.3413,5374.0,3.596,37.3038,-120.1037,0.5329
2.163,23.5,6.2953,1.9787,466.0,1.6179,40.2663,-116.5555,0.9777
8.9788,18.7,4.5745,1.2769,718.0,3.0719,37.6933,-114.7566,3.6353
7.2066,39.1,4.8859,1.1261,1636.0,4.5446,41.2281,-119.3397,2.5687
6.5174,46.6,7.7871,1.903,1448.0,1.8485,37.1137,-115.7563,3.4567
6.5339,39.6,5.713,1.6759,672.0,5.2124,40.0113,-116.8146,2.8766
4.4489,17.9,3.8134,1.2404,350.0,1.6404,36.3699,-121.0279,1.9069
2.616,39.0,6.9041,1.4115,675.0,2.1891,36.6346,-118.3332,0.9402
4.6902,8.8,5.8954,1.2876,178.0,2.0603,40.5654,-117.4984,1.4336
2.9853,7.6,1.0,0.5,470.0,5.211,33.5228,-124.2533,1.5545
8.0452,18.6,6.3567,1.689,133.0,2.4685,37.8667,-120.3425,3.9444
4.1032,42.2,6.2837,1.1675,68.0,1.8868,39.4002,-114.0773,2.4843
2.7311,13.6,5.5402,1.5664,424.0,3.5898,39.629,-117.8088,0.9624
3.6957,4.2,7.2834,2.5357,1425.0,3.9137,38.1192,-120.9904,1.597
5.7417,7.7,4.1552,1.3076,1018.0,3.9236,36.7566,-121.8747,2.7963
3.1956,44.8,6.173,1.8466,372.0,2.6952,34.9774,-122.3004,2.0291
2.7365,33.3,2.3661,0.5,2315.0,3.3261,41.1395,-120.2828,0.7791
5.1873,13.9,6.3142,2.0535,228.0,2.3162,36.013,-122.4707,2.595
5.1913,29.3,9.4061,2.4,59.0,5.8704,40.0904,-123.0805,2.1722
3.3063,27.9,3.5103,1.1509,46.0,4.7478,32.8008,-120.6773,1.1437
3.3783,34.4,3.9804,0.8596,124.0,4.6329,34.7056,-118.1265,1.3094
5.1512,12.9,4.08,0.6626,913.0,4.1274,35.7831,-122.9628,2.2995
1.8798,45.1,5.76,1.4123,214.0,3.6984,38.88,-124.0344,1.0106
1.9261,16.8,3.3739,0.6882,640.0,1.8262,35.5336,-124.1364,0.7684
2.9123,36.4,6.3425,1.8586,2093.0,3.8703,32.893,-121.6925,1.554
3.943,1.8,7.1937,2.4561,134.0,3.1447,34.1517,-122.5036,2.0192
5.4008,20.0,6.5687,1.8931,651.0,4.9796,34.9621,-118.8378,2.825
10.8614,18.9,1.9632,0.6427,692.0,4.1494,34.1725,-119.7149,5.3256
7.4977,28.7,7.4903,1.8022,171.0,3.744,34.4354,-121.09,3.9134
4.0716,4.7,7.3747,2.2443,1563.0,1.5316,39.8051,-115.7478,2.1493
4.4308,41.3,7.1603,2.2813,303.0,2.8991,36.4143,-119.1981,2.3587
2.4559,12.1,6.2457,1.8248,275.0,2.4033,36.3492,-123.5389,1.5269
4.4322,35.5,5.9404,1.4943,3333.0,3.3233,41.6828,-121.3945,2.122
3.769,42.0,7.5648,2.0816,680.0,2.5441,36.7437,-114.2799,2.271
5.4392,29.7,9.347,2.7116,1018.0,2.6902,41.3128,-114.2417,2.5727
2.7283,38.8,3.5939,0.721,1564.0,3.6097,35.3411,-121.8259,0.8705
6.1203,34.8,7.6563,2.3881,211.0,2.5273,36.3059,-122.744,3.1488
11.2418,19.1,5.3276,1.8117,1408.0,3.1539,36.2647,-119.2953,4.7793
4.1986,42.3,5.2407,1.2737,244.0,1.636,37.6877,-119.4446,2.2522
5.7032,16.0,2.4269,0.7043,234.0,2.1534,38.0503,-120.1936,2.3034
6.7807,30.1,4.9304,1.4663,307.0,3.9056,34.8572,-118.9417,3.5406
3.5228,39.0,3.5055,0.9901,217.0,1.8366,40.0391,-122.0619,2.0559
5.1267,20.3,4.5723,1.1862,918.0,4.9446,37.217,-123.2932,1.6715
4.5157,16.4,3.3036,1.0781,527.0,4.436,32.5669,-118.5102,2.0573
4.7522,24.4,4.6022,1.1035,247.0,2.6985,38.1177,-114.7077,1.8435
2.8185,42.7,4.6878,0.7605,792.0,9.9691,40.0816,-123.0536,0.2
4.5481,48.4,5.6935,1.8157,306.0,4.9394,34.8794,-117.0994,1.9388
6.0424,28.8,2.2705,0.6466,291.0,2.055,32.8598,-119.9021,3.2143
10.7047,34.7,2.609,0.8345,424.0,4.049,40.1682,-121.4132,5.0006
7.969,47.1,6.2238,1.106,641.0,3.0844,41.7746,-115.5424,3.5922
15.0,6.0,3.9051,0.6098,596.0,2.2019,33.2274,-119.7068,5.5
2.8281,12.8,7.6491,2.5768,281.0,1.9582,41.4113,-118.3752,1.2603
7.5639,37.2,5.9505,1.0684,941.0,4.4725,35.9131,-119.8479,3.0277
5.0028,43.0,6.7135,2.0942,323.0,2.3651,41.4437,-123.6469,1.7482
15.0,44.7,8.3214,2.6183,210.0,2.8842,38.664,-118.2535,5.5
2.7594,22.2,4.8806,1.4239,93.0,2.0784,40.9573,-120.1022,1.4224
2.7079,5.6,4.351,0.7669,1078.0,2.2272,39.9654,-123.5891,1.2145
3.1279,23.3,7.2434,2.0534,408.0,2.8554,32.766,-118.244,1.7794
1.2532,12.8,6.519,2.137,498.0,3.5088,33.1217,-124.3964,0.3759
3.2692,15.9,5.1253,1.205,1148.0,1.0668,37.4946,-122.3105,1.4484
2.842,40.4,8.2829,1.9275,250.0,3.0246,33.7314,-116.2988,1.1022
4.9049,4.9,5.0755,1.2109,102.0,2.229,36.8798,-124.1018,2.8303
5.5017,43.2,5.5655,0.9264,433.0,5.2643,41.569,-117.7098,2.7667
13.8143,22.8,5.5424,1.8202,549.0,9.7484,35.3002,-114.5281,5.5
7.9268,31.4,3.6308,1.1758,310.0,2.602,37.1447,-122.7025,3.9562
3.1704,5.6,5.6552,1.9769,1761.0,1.5085,36.1505,-120.1203,1.4456
2.6142,18.2,8.2935,2.2147,34.0,3.1479,38.4834,-118.4573,0.7186
6.0204,5.6,6.3899,1.9185,1237.0,2.7672,34.3415,-119.7706,2.7212
2.0296,50.0,5.5621,1.0598,890.0,6.6097,34.9694,-117.986,0.3624
13.4486,42.2,5.1765,1.4676,637.0,5.8511,40.6583,-120.257,5.5
9.0944,24.4,6.1617,1.725,14.0,4.2467,40.2077,-122.9407,3.9663
3.3821,12.4,6.9995,2.3115,1457.0,2.3758,39.9973,-123.565,1.405
1.6034,48.6,6.7185,2.1241,145.0,3.9397,39.8237,-116.6833,0.2
10.0979,18.6,4.8363,1.6332,243.0,3.3401,36.8647,-121.9944,5.4871
4.184,9.2,6.1496,1.991,340.0,3.3086,39.4245,-115.6018,1.4057
9.4186,29.7,6.4599,2.0913,606.0,1.6108,36.1784,-116.6982,4.9748
1.7218,49.1,3.4856,0.5673,765.0,4.5938,33.4567,-123.9807,0.477
3.1279,1.2,5.8365,1.863,985.0,3.1365,36.2371,-122.3873,1.5437
4.4958,13.1,1.1774,0.5,912.0,2.8854,34.0073,-121.4341,2.1828
4.6098,48.9,6.4651,1.4617,520.0,2.363,36.2131,-118.2579,2.2702
3.4211,9.7,6.8207,1.1002,612.0,2.187,35.3255,-115.9968,1.452
6.5124,6.8,6.9951,1.9973,136.0,3.4107,38.192,-123.8665,2.9987
2.3618,30.1,4.7099,1.0156,190.0,1.4923,35.9346,-121.8791,1.2513
4.1147,45.0,6.1181,1.4901,988.0,4.1198,39.2031,-120.5498,1.6248
4.8171,25.3,8.3479,2.3904,932.0,1.9706,37.3654,-122.5745,2.0642
6.1023,51.7,8.3275,2.7677,832.0,1.3185,41.2352,-118.7744,3.2139
6.8687,35.6,5.4417,1.7146,241.0,6.2261,33.3647,-119.481,2.3535
2.2824,4.8,5.7786,1.3876,1003.0,2.1314,39.0332,-121.1768,0.8749
1.7852,51.6,7.7218,1.7572,126.0,2.2505,38.8878,-119.0727,0.4967
9.6466,21.8,2.4984,0.5,1185.0,4.7295,41.531,-120.7639,4.1213
5.4706,15.7,4.8538,1.0896,311.0,6.3077,36.0297,-120.8965,2.5948
2.8602,29.5,8.1711,1.4071,2174.0,1.6271,35.4017,-121.7133,1.0012
11.3667,16.5,7.4504,2.5646,88.0,2.0494,34.1377,-118.8254,5.5
4.8038,5.4,6.2385,1.6519,2353.0,2.1105,35.0202,-119.8368,2.3501
9.0937,1.1,2.4883,0.5,281.0,4.3663,37.268,-122.4386,4.2855
4.667,23.9,5.4002,1.1911,276.0,5.7872,40.4583,-124.3639,1.2968
15.0,43.7,4.3202,1.1207,490.0,1.9501,35.2007,-122.9152,5.5
12.8482,30.2,6.1621,1.581,201.0,5.2904,33.9986,-124.0502,5.5
3.8598,52.0,3.8813,0.6098,375.0,2.2623,35.0852,-119.9682,1.8906
8.0281,15.6,3.4486,1.1731,193.0,3.4365,33.4588,-122.1365,3.9645
6.601,15.3,1.3703,0.5,200.0,1.8065,41.3036,-120.0852,2.887
10.1877,9.1,7.9436,1.2173,656.0,2.8612,40.7899,-121.0408,4.4694
2.5119,9.4,4.7005,0.7769,164.0,2.8736,35.4307,-118.8508,0.8008
6.7641,15.5,5.8143,1.5468,187.0,2.6483,34.8464,-116.8994,3.7547
8.4575,41.4,5.4955,0.9758,102.0,3.5043,41.1013,-119.4672,4.0806
1.5601,47.2,3.3651,0.5329,244.0,2.0081,32.5168,-123.8493,1.1407
2.2035,50.7,2.9819,0.6737,1498.0,2.1096,38.2055,-124.3161,0.4546
1.3185,12.8,3.4894,0.958,173.0,3.5792,41.202,-122.2611,0.2
3.8128,45.9,4.0537,0.6987,194.0,5.1388,37.3313,-120.0378,1.8089
6.8931,17.7,6.2332,1.3256,490.0,2.9769,32.5282,-124.0285,3.1781
11.0388,6.8,3.9086,0.9129,278.0,3.6747,34.5793,-121.0588,5.5
4.6854,45.4,8.993,1.6358,3745.0,4.0683,41.2632,-115.1862,1.4657
11.9075,33.4,7.5543,1.8978,343.0,4.1879,32.6617,-123.5548,5.5
1.958,9.4,7.1167,1.1888,564.0,2.0515,36.2504,-114.5406,1.0348
1.6128,22.9,5.2607,0.838,1037.0,2.2016,40.0026,-115.5049,0.2
4.3348,15.7,8.5286,2.166,1017.0,2.2795,40.4619,-115.7663,1.4041
5.6431,38.6,5.064,1.0107,509.0,6.4977,37.0373,-115.4316,2.2774
4.3946,24.1,5.4375,0.9193,343.0,3.6813,34.7086,-123.6595,2.2565
1.2963,51.5,5.8399,1.3711,3053.0,3.6158,38.1972,-122.9127,0.4202
4.2483,3.8,6.9036,2.2991,365.0,3.4781,35.0059,-123.0891,2.2673
2.0489,19.1,6.7738,1.9972,259.0,1.7712,34.925,-123.332,1.7354
6.698,25.6,4.5497,1.4246,211.0,6.5226,40.1722,-121.059,3.0446
5.5843,26.7,4.434,1.4383,72.0,3.6389,33.9655,-115.7827,2.9051
2.5499,17.1,6.7798,2.3358,917.0,4.0119,32.5525,-121.8544,1.3563
3.2926,38.2,6.9305,2.0975,39.0,1.4826,35.6994,-121.9357,2.1145
2.3738,45.6,4.7133,1.2805,401.0,4.1036,37.1643,-117.4032,0.2
4.3163,48.9,2.3256,0.5188,329.0,2.6052,39.1983,-123.4823,1.6086
7.9493,42.1,5.0854,0.9475,3789.0,1.7698,39.9206,-120.7171,2.8474
2.4808,44.4,6.7471,1.9386,65.0,2.0513,38.8034,-121.398,1.3086
6.0644,29.1,9.1108,3.1796,164.0,1.8113,38.4518,-115.6033,2.8094
3.2604,43.1,3.1041,0.7558,352.0,1.7991,38.8246,-119.0977,2.2685
2.7851,16.5,4.6469,1.3696,331.0,3.0778,35.0795,-117.712,1.1369
4.2029,21.3,4.7212,1.1757,233.0,2.5736,36.1324,-123.1451,2.0425
2.4081,17.2,8.2116,1.9411,372.0,3.4337,38.3561,-114.7464,0.9336
3.2149,24.8,5.4301,1.2601,114.0,5.8731,33.1229,-121.1143,1.2273
2.1843,15.6,3.6853,0.9247,577.0,2.8525,35.3056,-117.0782,0.5761
14.5681,50.0,6.6174,1.4782,40.0,1.2239,36.361,-114.4764,5.5
4.5775,17.0,4.6907,1.4061,393.0,2.727,37.5677,-119.1592,1.4389
2.9452,6.0,3.0512,0.9912,221.0,4.8421,37.1216,-119.1709,1.2247
5.0957,27.9,3.7145,1.2131,1115.0,2.9027,39.3223,-123.2689,1.9841
4.1896,3.9,8.9681,1.7536,2334.0,5.5385,36.9976,-120.4021,2.2582
3.9252,6.6,6.2684,2.0634,290.0,3.6009,41.0892,-115.5491,1.2134
6.4786,12.2,5.7155,1.2478,1621.0,1.4401,36.113,-123.0814,3.6319
7.0604,24.7,5.0002,1.0594,294.0,3.1388,37.491,-114.8662,3.7923
3.2599,23.1,6.0843,1.797,154.0,3.3831,32.5305,-117.4933,2.069
3.1725,41.8,6.0605,1.2784,2312.0,4.6281,35.4495,-120.0799,1.2085
3.7999,38.7,6.0843,0.9771,679.0,6.2205,40.7324,-118.7618,1.1096
1.1262,22.7,5.7297,1.2876,405.0,4.3193,35.669,-122.9198,0.7295
1.8056,18.0,7.2376,2.13,802.0,3.583,34.9053,-122.2164,0.5722
10.1769,17.1,5.5462,1.1946,531.0,3.9372,37.6636,-121.4927,4.885
12.0249,40.5,3.5441,0.9779,376.0,2.8089,33.2479,-120.4591,5.5
3.8597,3.7,4.2752,1.2057,107.0,1.6734,37.5502,-114.887,1.6151
6.334,1.7,1.542,0.5,308.0,3.0544,35.3848,-120.6405,3.0487
5.4019,41.6,9.5536,3.1472,752.0,3.4768,36.1395,-118.9997,2.8123
15.0,25.3,7.2255,1.7089,357.0,1.8562,40.018,-122.7987,5.5
8.7736,7.7,3.8399,0.7038,995.0,5.1072,38.7887,-116.7723,3.9737
4.1506,13.0,4.9363,1.0553,592.0,4.4914,36.738,-118.6171,1.0899
2.5261,48.6,4.2262,0.9992,168.0,1.7355,37.9864,-119.881,0.7829
1.7094,44.8,8.5851,2.5135,108.0,5.1879,39.7852,-114.5545,0.2877
5.0636,37.2,2.6602,0.5,345.0,2.6556,39.5849,-115.1482,2.2483
2.8468,25.6,5.729,1.2212,239.0,2.2003,34.2606,-117.5751,1.7637
1.9091,27.5,5.2829,1.6164,565.0,4.6261,35.3587,-114.821,0.6868
3.0406,50.7,7.1537,2.0329,197.0,2.9434,35.8083,-118.5698,1.6107
2.3422,50.3,5.292,1.5683,218.0,6.4216,34.2817,-115.8172,0.6962
12.3331,12.0,1.9836,0.6196,1156.0,2.1358,32.6155,-120.2007,5.5
7.6064,42.4,4.9978,1.5326,468.0,1.5028,34.1527,-123.5892,3.9579
4.4603,11.1,3.5557,1.0185,200.0,2.6854,40.1783,-114.0614,1.7449
10.8913,11.9,5.6592,1.3465,411.0,4.1193,37.6862,-122.7609,5.0571
4.6946,35.5,8.3684,2.9015,1602.0,2.0733,35.7458,-121.8591,2.454
2.6731,21.7,2.0211,0.5332,541.0,1.7647,38.2793,-122.7874,1.622
11.1772,48.5,3.8996,0.7431,730.0,3.2922,39.5284,-120.9565,5.4902
6.1925,5.5,4.3946,0.9166,190.0,1.6728,35.8671,-121.4626,2.7999
2.4052,27.1,4.7367,1.3676,1126.0,3.3963,36.9277,-118.1884,0.5443
3.998,47.8,6.9803,2.338,4097.0,2.6215,33.11,-114.0372,1.5207
2.6502,47.1,5.1529,0.9571,183.0,3.6612,38.1724,-123.9487,1.0369
1.9549,9.0,6.3316,1.054,124.0,1.7271,35.8859,-116.3263,1.119
7.8124,19.7,4.2485,1.3863,481.0,5.0494,36.6185,-123.1561,3.8619
14.0926,32.6,5.9598,1.985,968.0,2.7921,36.5147,-124.2917,5.5
1.9365,9.1,7.0556,1.4483,368.0,4.0772,38.5079,-117.7949,0.7266
6.2826,50.4,4.0354,0.9098,141.0,4.4103,37.9384,-115.3302,2.6356
3.0332,47.7,7.0627,1.992,362.0,1.8908,36.51,-122.6489,1.649
3.3459,9.5,5.6047,1.2105,734.0,4.2755,32.6611,-120.9131,1.9207
3.1411,7.2,7.5909,2.4703,269.0,1.6989,38.3991,-122.7281,1.7359
2.6687,5.4,5.0972,0.8742,740.0,1.7366,40.856,-114.9817,0.9736
4.6141,47.4,6.2625,0.9869,1293.0,6.5903,39.8107,-121.6612,1.3734
2.7222,10.9,5.4188,1.0388,513.0,4.6868,41.8253,-119.8305,0.4743
5.2713,22.2,5.3076,1.0998,392.0,6.8858,33.8212,-115.1052,2.3017
4.3486,23.9,6.0179,1.0386,925.0,2.5907,34.6139,-118.6949,2.3406
3.8831,31.5,6.5736,1.0724,171.0,3.1298,37.623,-114.7051,2.0234
2.5999,4.7,3.0009,0.9036,155.0,3.7097,34.7409,-114.7723,1.4765
3.1707,12.6,8.3673,1.53,309.0,2.9895,32.8282,-119.6532,2.2402
7.0515,48.5,1.7807,0.5926,247.0,2.229,36.3217,-118.385,2.8679
6.053,47.3,4.1304,0.9236,181.0,2.0992,35.2326,-122.0817,3.0832
2.493,40.8,5.3115,1.5091,2516.0,3.2725,35.0057,-114.0994,1.0226
4.7569,2.0,6.3247,1.2338,3540.0,1.9606,41.5551,-121.5777,1.8413
7.0345,17.7,8.6523,1.7137,283.0,1.9388,34.7653,-116.2753,3.487
1.646,33.0,1.7834,0.5,442.0,3.5164,33.7296,-121.2138,1.0272
6.2091,15.0,4.4846,1.1755,334.0,2.892,33.6905,-121.2131,2.918
3.0115,47.4,1.2463,0.5,1221.0,4.3705,40.1601,-123.4094,0.2
6.3114,33.3,5.5632,1.6777,1489.0,2.5346,39.2911,-118.6211,2.7892
2.835,4.7,6.0434,1.7171,68.0,2.3809,33.7301,-121.9293,1.4889
1.5175,47.4,8.6816,2.0821,649.0,3.5588,34.5877,-122.9419,1.2719
1.6879,49.8,5.7413,1.8839,109.0,2.171,39.5998,-122.12,0.7449
4.6129,5.0,7.5881,2.083,2341.0,2.3088,35.1089,-121.8635,2.1306
5.2374,28.2,6.6677,2.3206,627.0,2.3458,41.8246,-119.2071,2.2055
2.6049,16.5,4.6295,1.4531,177.0,2.7625,37.6354,-120.4478,1.0546
6.5742,21.0,2.6821,0.5,317.0,6.1042,34.3241,-123.7074,3.516
1.6538,10.2,6.05,1.2954,302.0,1.732,40.6587,-118.8717,0.8736
4.3075,30.5,2.5158,0.6651,682.0,5.044,35.535,-116.2287,1.2705
2.1671,49.9,8.0904,2.381,1144.0,4.0354,35.2437,-118.4705,0.7897
3.031,26.7,5.1759,1.3461,128.0,5.6226,35.6107,-114.2673,1.1545
4.611,5.2,7.8904,2.4241,2537.0,10.0,39.7979,-123.4589,0.8667
2.6745,32.6,4.5396,0.9376,2010.0,5.3259,34.1455,-115.8779,0.3358
3.5582,18.4,6.0377,1.1277,168.0,4.3504,36.127,-119.1902,1.7697
8.1971,44.7,5.9187,0.9516,434.0,1.7771,32.7929,-119.0233,4.015
3.1704,23.2,5.4099,1.4318,2232.0,1.8692,40.353,-119.0495,1.5489
7.3995,10.8,4.6347,1.3335,1384.0,3.4697,35.7368,-121.0842,3.4367
2.2754,10.7,6.2849,1.3527,288.0,1.5231,34.8576,-121.0922,1.1601
6.1588,40.2,3.6477,0.9948,911.0,3.8427,38.009,-117.8656,1.8908
10.6434,14.5,3.0811,0.5,8080.0,1.2789,39.1974,-124.03,4.7476
1.0172,40.1,7.9857,1.3564,448.0,4.7631,40.2225,-118.3177,0.2
2.7784,11.5,6.9543,2.0192,214.0,2.6414,35.804,-116.8918,1.2729
6.336,17.4,5.6318,1.2593,479.0,3.1602,40.2169,-120.7586,2.5725
3.9676,24.7,8.8303,2.5102,516.0,2.227,36.9164,-122.2178,2.485
5.5996,49.1,4.9645,1.5705,239.0,1.4058,33.4609,-122.2594,2.5802
3.1193,48.5,8.1454,2.6108,627.0,4.9228,40.5399,-123.6407,0.9228
4.7207,11.6,5.8511,1.0791,115.0,5.1258,37.7025,-123.5579,2.1983
4.082,19.3,3.4505,0.8532,207.0,2.6101,38.2235,-122.7498,2.2332
9.0311,8.6,9.1961,2.7293,861.0,3.9148,41.4062,-124.2987,4.0861
5.2208,27.0,7.4814,2.2803,70.0,2.5693,37.8119,-121.7045,2.3143
5.488,24.5,5.258,1.6139,995.0,3.3716,32.553,-121.2828,2.647
3.5004,46.9,6.9543,1.3605,54.0,4.0701,40.7709,-114.0502,1.62
3.3449,48.4,4.6926,0.8846,71.0,3.751,35.2051,-114.0873,1.8211
3.4572,20.6,7.1583,1.9184,245.0,5.1366,37.2668,-122.536,1.0046
5.6784,26.1,1.0,0.5,537.0,3.6971,34.4464,-122.2632,2.5558
3.4813,46.7,3.4604,0.7399,1518.0,3.0381,35.3213,-119.335,0.9887
5.3327,42.1,7.4585,1.275,427.0,2.2154,39.0232,-122.9378,2.8038
15.0,1.2,5.0007,1.4669,315.0,2.4808,36.5809,-119.2076,5.5
7.5585,17.3,5.9151,1.2418,720.0,4.1538,38.4577,-120.3064,3.154
3.6854,22.5,2.8064,0.5143,169.0,1.6475,40.324,-121.0915,2.0298
9.214,12.7,9.1957,1.651,464.0,4.6754,35.7378,-115.8626,4.625
3.5084,11.2,7.8811,1.6785,122.0,2.6846,37.8992,-115.8048,1.8007
1.3193,2.9,5.0986,1.3692,438.0,2.1653,39.8871,-114.1272,0.3955
2.4477,33.8,4.6906,1.0398,354.0,1.9358,39.2937,-122.1576,1.0031
1.4587,14.4,7.5592,1.1651,181.0,3.9344,37.6285,-115.1731,0.4746
3.6295,3.7,9.4649,1.6032,476.0,2.9866,36.1421,-118.8526,1.6908
4.5315,12.8,7.4075,1.5415,473.0,5.6718,36.3713,-118.2897,2.3346
12.2541,41.9,9.8436,2.7753,1307.0,1.8126,36.6148,-115.0889,5.5
5.4529,44.4,3.6553,0.6203,81.0,2.3839,35.814,-114.6024,2.4505
3.9296,25.6,3.8612,1.0121,374.0,2.8954,39.1412,-116.8685,1.5933
7.3717,22.2,3.1221,0.5432,189.0,2.2239,33.6914,-120.8477,4.1273
1.1892,50.9,6.3835,1.2277,963.0,3.0115,41.6908,-119.3585,0.4703
5.1622,11.2,5.8512,1.0792,857.0,3.4137,39.9004,-118.0419,2.1175
7.1172,12.0,5.1961,0.8493,670.0,3.6466,35.3325,-115.7993,3.7802
1.8457,15.9,7.1185,2.0236,200.0,5.4875,32.9042,-117.5915,0.8346
8.9018,9.8,7.9647,1.9329,978.0,1.7836,39.2574,-120.6628,4.1101
5.4909,20.3,2.4487,0.7743,87.0,3.4387,39.4764,-120.1123,2.177
3.4932,47.5,4.3061,0.7311,71.0,2.3192,41.6544,-123.9704,1.778
6.5513,32.4,7.1403,1.2777,113.0,3.568,34.9102,-114.7952,3.8781
15.0,22.0,4.5645,0.9644,390.0,3.5699,33.2859,-123.5748,5.5
4.9984,48.7,3.9036,1.1835,792.0,2.0243,41.1938,-118.4107,1.8884
5.2014,3.5,7.5371,1.5915,21.0,2.095,34.9572,-115.3477,2.7601
3.4021,11.7,2.921,0.6767,1514.0,3.6864,39.3545,-120.0809,0.93
2.6915,29.9,4.8968,1.0299,460.0,3.0324,33.0763,-116.0987,1.1516
7.3758,32.4,6.1573,1.0224,84.0,2.7515,39.7256,-116.0599,3.2557
2.6814,3.0,4.3524,1.4706,446.0,3.9087,33.7067,-123.8716,1.1988
4.6783,21.6,7.0663,1.8352,1203.0,4.0257,39.1081,-120.1725,1.9839
3.3649,34.1,4.3622,1.3417,735.0,2.4306,37.5573,-117.2442,1.3899
5.9738,36.6,8.3172,2.3427,1211.0,2.1365,41.5771,-120.0653,2.6059
5.475,33.5,5.2485,1.3271,103.0,1.8135,32.8507,-118.7757,3.1237
8.3522,17.3,6.8425,1.1491,267.0,3.0446,35.2745,-118.2582,4.1239
3.3002,5.8,6.992,1.9476,160.0,1.7002,33.1603,-122.9121,1.8667
3.8117,22.8,4.2449,0.7686,2248.0,3.1261,40.8524,-120.1742,1.2588
2.4911,7.6,1.393,0.5,765.0,4.8878,38.1421,-124.2011,1.1207
3.433,49.3,6.2215,1.716,6954.0,2.6081,37.5822,-122.9289,0.7276
5.6203,25.2,5.6446,1.7298,253.0,2.4242,33.7488,-119.1213,3.0465
7.0582,17.2,6.6117,1.8976,195.0,6.6801,37.1458,-118.4773,2.8301
2.5772,40.1,5.0469,1.4349,350.0,5.4952,36.2877,-122.9645,0.9595
7.5516,26.4,4.6391,0.8342,1601.0,2.2126,35.4996,-116.566,3.7791
10.1086,16.8,9.5169,2.0864,280.0,3.1759,39.8358,-120.5836,5.251
5.7435,42.4,2.5553,0.5,457.0,3.4263,33.0821,-114.8332,2.587
13.8195,45.2,6.9679,2.0478,444.0,3.2591,38.6435,-120.4295,5.5
2.8172,35.3,4.3508,1.4815,420.0,6.2082,40.3184,-122.927,0.4323
2.1238,3.4,4.8284,0.9793,210.0,3.1108,41.1194,-116.5413,1.0087
1.5415,29.9,4.8658,0.8152,352.0,3.3032,39.5862,-118.5381,1.0514
10.997,39.9,3.8931,0.9543,337.0,3.9569,35.1833,-120.4398,5.4869
6.6367,8.0,6.6424,2.1345,400.0,4.8354,38.2048,-120.7624,2.5867
4.3347,12.7,8.2813,2.1564,1036.0,4.37,33.8433,-122.9169,2.3272
5.3015,46.0,6.44,1.0263,2346.0,3.7256,33.6121,-120.9212,2.1187
2.2812,2.0,5.7068,1.968,174.0,1.6105,38.5669,-124.1919,0.9816
15.0,39.4,3.5271,1.1136,273.0,2.4713,40.5855,-119.2248,5.5
4.843,25.2,6.5337,1.152,177.0,4.1694,33.1389,-115.0844,2.5168
4.7857,23.8,9.8127,3.281,486.0,3.3206,33.507,-116.149,2.5183
6.9272,1.4,4.7386,1.1379,235.0,4.1806,37.8733,-124.2005,2.9867
5.9811,42.8,4.748,1.0654,513.0,6.3908,34.573,-115.2468,2.8487
5.126,19.4,4.3778,1.0604,1216.0,1.8761,38.3123,-119.7506,2.1677
2.7891,28.6,4.5212,1.4328,32.0,4.7359,34.5382,-122.4956,1.5288
5.947,35.5,1.0,0.5,660.0,2.6323,33.6066,-116.5997,2.3651
13.8629,36.8,6.3101,1.0213,255.0,4.3673,37.683,-121.1098,5.5
10.0468,49.8,3.8089,1.3008,639.0,2.955,40.6909,-121.8402,4.1505
11.6571,28.1,2.2795,0.5,165.0,7.0343,39.0087,-122.8062,4.7958
3.2978,21.4,7.0064,2.0957,1334.0,3.1646,40.2779,-119.3905,1.1049
2.475,49.6,3.336,0.9248,1006.0,2.3252,35.0302,-123.5194,1.4896
4.1559,33.7,4.8227,0.9043,712.0,3.5536,40.9168,-116.2511,1.9854
4.6341,16.2,8.4329,1.5529,892.0,3.4198,36.0819,-119.5579,2.5212
8.641,7.4,2.6816,0.869,191.0,4.7362,40.5983,-119.8067,3.7422
1.6234,44.0,2.4348,0.5696,217.0,3.5938,36.9762,-124.4805,0.4992
11.2204,19.5,6.0386,1.6963,856.0,8.0851,35.0446,-115.9124,5.3889
4.0763,34.7,7.799,1.9561,187.0,2.8732,34.9725,-119.3252,2.2862
3.469,25.0,2.3513,0.6947,1712.0,2.8868,37.8928,-119.8811,1.2751
2.4418,11.1,6.3154,1.5526,292.0,2.3595,33.2506,-116.5055,1.8206
1.6604,31.7,6.662,1.3822,666.0,3.1089,41.3355,-123.8396,0.6947
7.3441,4.1,1.3817,0.5,3292.0,3.2951,35.0789,-120.6499,3.223
4.6832,22.1,7.097,2.2839,199.0,3.3618,35.6884,-118.4548,2.1327
2.0668,28.9,7.2532,1.7669,432.0,3.086,34.7164,-119.6639,0.8652
2.0605,23.2,4.8764,0.9396,1158.0,2.3539,32.5286,-122.5928,0.9616
3.6639,39.2,8.0047,2.6969,1044.0,2.1114,39.0792,-121.3576,1.7635
12.1997,43.2,7.7729,2.4043,291.0,2.5855,38.1103,-121.3479,5.5
3.8353,40.3,5.7062,0.9195,241.0,4.7427,40.1916,-114.0843,0.9943
1.8187,3.0,4.5971,1.608,320.0,5.1692,32.8896,-121.0749,0.2
3.8673,10.9,3.5543,1.0272,1716.0,2.9131,41.3222,-122.3456,1.084
3.8052,28.4,5.4249,0.9876,305.0,2.0614,35.6434,-115.8623,1.7865
0.8886,48.7,6.6395,1.3109,436.0,2.9082,41.1742,-120.0777,0.4421
4.338,43.6,4.8516,1.3996,263.0,6.9356,33.5177,-119.8394,1.6386
3.9018,44.0,1.105,0.5,817.0,4.4798,39.5672,-118.7367,1.3166
6.8055,16.5,8.0374,1.5899,471.0,3.7445,38.0039,-118.2453,3.3617
13.5905,22.9,5.8804,1.1843,148.0,4.4153,35.9028,-118.2992,5.5
8.8105,25.0,4.7408,1.0023,153.0,5.5635,33.2519,-124.1378,4.6059
3.814,9.0,7.2143,1.945,55.0,1.8943,38.245,-115.9022,1.7153
2.3073,2.6,8.5493,1.5762,176.0,2.5681,32.7512,-122.454,1.9189
15.0,49.3,1.0,0.5,892.0,2.4315,37.2622,-121.4304,5.5
4.6438,13.3,6.3685,1.82,1516.0,3.7994,38.24,-122.679,1.8462
4.5193,13.2,2.6467,0.8094,801.0,3.2029,39.459,-116.4457,1.4766
4.4173,5.3,6.4982,1.6258,702.0,4.0655,41.9177,-118.3716,1.7945
5.0473,48.4,5.7559,1.2822,355.0,2.4528,34.9709,-116.5694,3.1604
4.1098,30.6,6.7715,1.6008,876.0,5.2006,35.5627,-117.6393,1.8566
3.1766,35.0,4.5015,1.0249,537.0,2.922,35.7409,-123.4063,1.5005
3.2281,47.5,1.7535,0.5997,2451.0,3.9662,39.45,-121.3343,0.6185
4.3945,18.6,4.5993,1.3964,366.0,4.846,41.3523,-119.1737,1.7729
3.2347,32.7,6.3137,1.2098,1545.0,4.6929,41.7561,-121.2981,1.0049
2.9221,3.0,7.5308,1.7083,967.0,3.4706,41.4852,-122.3233,1.0764
4.7772,10.5,3.1563,0.8169,842.0,4.1693,40.8541,-115.367,1.9473
3.8459,43.4,7.5541,2.0592,54.0,6.0295,41.9143,-116.6483,0.7327
11.0496,40.1,4.2043,1.0243,1022.0,3.6893,36.0715,-120.8752,5.159
0.9134,18.9,6.2249,1.9423,355.0,2.2437,41.5091,-116.4674,0.2
8.6271,20.2,4.4802,1.3598,259.0,3.7932,39.7297,-117.9108,3.9097
9.4655,28.2,5.8643,1.4721,92.0,2.9597,34.1004,-124.4602,4.5332
1.2917,1.0,7.2838,2.3373,401.0,1.1744,32.9319,-120.5072,0.7636
3.6488,13.3,3.046,0.9145,417.0,3.6139,34.5376,-121.4499,1.2335
3.5864,11.6,4.1402,1.2657,110.0,3.1477,39.8981,-122.212,1.7904
1.9261,13.8,5.8699,2.0033,92.0,4.7711,38.5011,-121.8583,0.3841
2.8104,42.1,10.3032,2.0946,656.0,2.2255,34.6314,-114.6052,1.3953
2.3017,15.3,3.7736,0.768,965.0,1.645,39.5483,-119.3937,1.3491
12.8246,10.8,9.5803,3.1403,488.0,3.2139,33.8426,-115.5991,5.5
7.857,26.7,9.5088,2.8949,1275.0,3.4976,40.3075,-122.2507,2.9817
9.6112,45.1,5.3054,1.7789,370.0,3.1191,40.0445,-122.6688,4.8239
6.9102,13.3,4.9037,0.7975,382.0,3.0292,41.7395,-115.1677,3.5581
2.2763,5.0,4.1159,1.1341,161.0,1.9591,33.9277,-119.2951,1.6965
3.2716,19.2,5.3636,0.9597,85.0,2.8418,41.1128,-115.1009,1.5294
6.0112,39.1,2.6866,0.6737,2578.0,2.6134,35.7405,-123.8382,2.2481
2.1527,29.1,5.3475,0.9687,1251.0,4.6139,36.4526,-114.8774,0.673
6.8744,42.7,8.4938,1.4916,100.0,3.4964,36.9502,-120.1378,2.9252
3.8799,49.9,4.2778,0.6521,471.0,2.688,38.4556,-122.8686,1.3793
3.5791,41.4,5.0186,1.3854,365.0,5.9868,41.9503,-117.3245,0.6862
6.866,31.8,2.0977,0.5,307.0,2.6978,38.1996,-116.1325,2.9057
5.8507,26.2,6.2481,1.0687,268.0,3.7551,41.3038,-124.0026,2.5744
3.609,3.0,6.029,1.2936,591.0,2.8101,34.9228,-114.1344,1.6784
8.9854,51.2,5.6274,1.0343,914.0,5.7688,36.2849,-117.1812,3.8514
2.3428,20.6,5.0663,1.7141,603.0,3.1104,37.2927,-121.1253,0.8418
6.4855,8.8,4.9145,1.0517,358.0,3.1474,35.5676,-122.9114,3.5998
6.3972,35.0,6.5038,1.41,345.0,2.8407,41.7802,-120.3784,3.489
3.722,15.5,5.4424,1.7305,1029.0,3.2498,39.394,-122.1841,1.3501
5.4503,30.9,6.1299,1.7136,641.0,4.8541,37.0494,-119.3114,2.4502
2.1156,30.9,5.93,1.7318,434.0,4.2137,39.6374,-116.2901,0.3742
7.8023,23.7,7.7469,2.1474,389.0,3.0381,36.9407,-117.5686,4.0457
4.0111,43.6,6.854,2.3251,570.0,5.933,32.6636,-119.9227,1.5915
3.2752,14.5,5.8857,1.1265,253.0,4.2597,37.6603,-123.2511,1.1602
8.4099,23.9,8.5368,2.9692,917.0,2.5212,38.4393,-114.4499,4.6499
2.937,28.4,6.3405,2.0048,138.0,1.7295,41.8215,-121.6611,0.8139
1.925,34.8,8.1099,2.1718,267.0,2.5447,32.8875,-121.5827,0.4
1.7612,41.0,6.7139,1.8965,743.0,3.5443,37.3649,-117.7222,0.8319
6.4469,21.1,1.8162,0.5081,130.0,3.8148,33.4325,-116.4096,2.9253
2.0787,33.9,8.1097,1.3112,84.0,5.174,33.9155,-114.1664,0.7591
12.844,8.7,5.7704,1.1172,430.0,1.939,38.2994,-114.3238,5.5
1.2851,48.6,5.3961,1.8471,74.0,2.5202,34.6999,-114.9055,0.816
12.4022,20.5,6.0627,1.5573,110.0,1.8756,39.6172,-119.9292,5.5
5.0866,38.2,4.81,1.0855,860.0,1.7585,37.3849,-122.75,2.1705
4.229,2.0,5.9541,1.8006,329.0,2.337,34.573,-118.3631,2.3246
3.2318,11.5,4.3162,1.1002,1459.0,3.4787,37.191,-124.3188,0.7416
5.6944,25.8,8.0485,1.2285,121.0,4.0901,32.5084,-122.4394,2.7975
4.3816,45.8,5.2728,1.5673,367.0,2.0558,40.696,-124.4734,1.8619
8.6883,27.9,4.7348,1.4036,602.0,2.1734,32.6204,-122.6044,4.4745
4.7996,48.4,3.6501,0.6681,125.0,1.4741,32.5666,-119.5151,2.4778
4.9046,25.7,6.0376,2.0608,1132.0,3.2731,38.3093,-120.3701,1.9065
3.6032,26.0,5.8742,1.1442,672.0,2.2415,41.7484,-120.6224,1.7449
4.3311,7.1,6.2768,1.5162,81.0,5.8428,40.6314,-115.775,1.1351
5.3907,41.9,3.4455,0.5959,388.0,3.5393,34.8942,-117.4125,2.3891
1.6062,13.6,2.2976,0.6219,593.0,2.8051,34.3683,-114.6675,0.5023
1.9959,46.9,6.7512,1.5196,224.0,2.3246,38.4481,-119.8239,1.1573
7.0003,47.5,8.4693,1.8686,92.0,1.6522,40.3151,-121.6416,3.2762
4.9655,49.1,3.4473,1.0873,533.0,1.7382,35.9397,-123.2118,2.4706
4.0133,27.5,8.6789,1.3184,3682.0,2.3423,36.6074,-117.4437,1.8499
4.5315,35.5,6.0678,1.8785,274.0,2.2715,33.5972,-115.6617,1.788
5.5209,40.7,5.4859,1.4499,1938.0,2.0144,33.9519,-122.5707,2.6329
3.2419,7.7,4.7049,1.6336,190.0,3.4933,37.8993,-115.2731,0.8393
2.8095,31.6,2.731,0.7316,500.0,3.6903,33.4752,-118.9741,1.3113
5.0405,2.7,7.4755,1.2041,873.0,2.5006,34.4194,-122.9872,2.413
2.4917,26.4,3.9488,0.6323,400.0,6.5147,34.7294,-117.7499,1.1433
5.7256,8.9,3.9404,1.2871,300.0,1.4938,36.7173,-119.0394,2.7711
1.6136,10.3,7.4839,2.3817,834.0,3.0749,32.9333,-124.2041,0.6465
8.3103,19.6,1.734,0.5,2674.0,2.7527,37.2478,-120.3079,3.9875
5.951,23.1,2.4528,0.6711,545.0,2.4102,41.3224,-116.2597,2.252
5.2259,32.8,5.4637,1.3546,241.0,2.2726,32.7324,-118.6681,2.9968
8.0818,4.8,6.0866,2.0903,334.0,2.9958,38.4944,-121.5386,3.9846
12.1738,26.7,6.4695,2.1996,5013.0,2.745,40.4405,-114.7493,5.2116
8.2369,10.3,4.8964,1.6979,462.0,2.5683,35.4684,-122.0033,3.6475
1.4851,30.3,10.5607,3.4142,223.0,1.787,33.7494,-121.8463,1.4075
2.0798,33.5,5.0442,1.6742,128.0,1.5726,32.9117,-120.7763,1.3426
3.0806,29.4,5.0384,0.9747,65.0,2.6767,38.6171,-115.1074,1.1078
4.5524,38.7,3.906,1.2351,580.0,2.5578,37.7462,-119.1699,2.067
6.1141,18.1,5.7478,1.677,776.0,2.7765,34.6783,-117.3371,3.3038
2.8995,40.0,6.7299,2.3054,271.0,2.8764,40.4004,-114.2492,1.1628
5.0131,23.1,7.9072,2.0895,397.0,2.4376,39.4873,-116.2754,2.4359
2.8484,25.7,2.5214,0.5,125.0,2.7595,35.1261,-122.6877,1.5937
3.1052,34.1,5.008,1.3496,461.0,2.1353,39.6569,-116.2223,1.7497
1.9271,1.9,6.3934,1.8369,653.0,5.5266,34.8274,-116.6425,0.6606
2.5755,34.4,6.6741,1.2952,236.0,2.1817,38.915,-122.0575,0.7622
1.9917,32.5,5.5131,1.2615,2187.0,2.5899,33.6262,-121.0838,0.4561
2.4955,16.8,6.5848,1.7759,175.0,2.249,39.0763,-117.0437,0.9189
8.4333,5.4,3.8821,0.8728,536.0,2.2339,34.7684,-121.9969,3.9192
2.5354,5.6,8.6158,1.9385,942.0,3.0339,37.9385,-122.314,0.6604
15.0,48.1,7.4853,1.322,373.0,2.8838,34.1384,-117.1135,5.5
6.0254,36.2,2.8101,0.9502,334.0,2.4998,39.3967,-115.2537,2.7981
5.0073,7.5,3.3498,1.0053,97.0,2.6821,33.0784,-123.7123,2.377
2.6778,19.2,3.4062,0.5118,1568.0,2.2526,34.0715,-119.818,1.205
6.8222,31.2,6.8559,2.0782,340.0,3.5279,34.2493,-118.1247,2.8231
3.1728,43.6,2.9305,0.8732,690.0,6.8351,32.8928,-117.3991,1.4108
4.8221,3.2,4.838,0.7351,791.0,2.1171,39.5776,-114.0399,1.6125
15.0,13.1,6.4094,1.4352,215.0,3.5169,41.819,-117.3317,5.5
4.2307,46.4,5.3677,1.4565,331.0,3.0587,39.8948,-117.9884,1.1975
8.9313,1.5,6.0178,1.4476,1532.0,3.9253,40.676,-114.1078,3.852
2.9391,11.3,3.3684,1.0294,132.0,3.9698,32.5571,-123.863,1.759
4.3886,49.9,6.6897,1.5727,3388.0,3.2614,33.6198,-123.7184,1.38
12.9679,32.3,4.2736,0.7725,192.0,2.9567,37.8107,-118.6128,5.5
3.0766,14.3,4.8508,1.6749,124.0,2.5249,41.7898,-120.734,1.3691
13.2961,4.4,5.9755,1.1856,460.0,2.2123,38.7768,-123.4847,5.5
6.8528,2.4,5.7062,1.675,3671.0,2.89,36.0543,-121.2823,3.052
3.198,13.5,5.548,0.991,60.0,1.7971,33.8884,-117.4193,1.9284
6.5499,46.0,3.9987,0.8629,350.0,2.369,33.9519,-115.2535,3.0457
8.0328,22.2,4.9009,1.1684,650.0,4.6774,35.9462,-123.5096,4.2701
6.5084,37.7,5.5044,1.0373,417.0,3.1249,39.2812,-118.8285,2.461
1.7469,47.8,2.7498,0.6599,591.0,4.2933,32.8023,-121.3908,0.959
2.8971,21.8,4.5749,0.83,197.0,5.4079,40.5957,-117.4931,0.9171
3.8632,10.8,6.2754,1.6429,221.0,2.7988,41.4447,-118.7308,1.819
4.2859,27.4,2.9451,0.8327,348.0,3.2639,40.9438,-114.7695,1.8822
6.5039,47.3,7.8132,1.2695,130.0,2.6625,41.1738,-124.1043,3.1759
4.9859,42.0,8.0392,2.6065,386.0,2.1705,32.6457,-119.5646,2.4254
2.0113,4.4,3.0097,0.5629,273.0,2.052,41.789,-122.476,0.567
5.6301,36.3,8.2152,1.6026,252.0,4.2091,35.9804,-118.8638,2.2584
6.4647,30.2,5.2128,1.4714,556.0,3.2656,40.7582,-115.5374,2.7142
6.2706,47.3,6.337,1.5447,65.0,6.288,34.2747,-114.9312,2.8935
8.5717,7.2,4.5067,1.1261,321.0,4.4319,36.742,-120.3186,4.1714
7.3917,28.2,7.3461,1.2902,4094.0,2.2423,32.9196,-115.9763,3.6428
5.9033,45.9,6.3122,1.964,136.0,4.2044,32.8807,-121.5547,2.3424
4.2969,21.9,3.8717,1.0586,1459.0,2.6591,41.4611,-124.4338,1.4524
1.6544,25.6,3.1696,0.5613,426.0,4.8878,40.2008,-115.52,0.2
5.7995,4.6,2.5794,0.5798,221.0,2.4731,37.5333,-123.2462,2.3072
5.0765,15.2,5.8759,1.8338,108.0,1.972,37.4919,-124.3151,2.245
5.2748,17.5,6.6449,1.7521,464.0,2.1852,39.6132,-120.7851,2.4693
2.0833,49.2,6.8019,1.1681,1726.0,2.2303,35.7459,-120.5165,1.3279
2.3428,15.4,5.264,1.1821,273.0,2.1466,39.7378,-123.6892,0.6917
8.4308,24.5,3.186,0.6325,372.0,2.3892,37.1076,-115.9511,3.6802
4.3766,35.2,4.1359,1.0484,1108.0,4.232,38.5602,-120.2413,1.4908
6.7457,9.3,7.8047,2.4871,567.0,6.1621,41.6659,-119.3558,2.84
4.5585,25.8,4.5307,1.0749,84.0,1.7646,36.9775,-121.7214,2.5946
4.5624,38.7,5.7868,1.3696,445.0,4.9799,36.4748,-119.1292,1.8962
7.8693,45.2,3.3487,1.1087,1830.0,2.4816,41.1046,-116.4493,2.8971
3.2883,32.9,6.1732,1.6374,389.0,3.4527,41.0745,-114.9851,0.8636
4.7478,35.1,4.5846,1.2069,26.0,1.5501,41.928,-114.3094,2.1371
3.3961,7.4,7.5934,1.5368,595.0,3.7047,37.7332,-120.0194,1.8333
3.4532,49.2,7.0471,1.9136,331.0,1.347,35.7705,-114.1046,2.3424
3.7229,7.8,4.5086,1.1956,65.0,3.4061,34.7837,-121.403,1.4325
5.1206,40.5,5.2467,1.2034,75.0,3.3298,32.8239,-124.4268,2.6037
3.3627,14.5,4.3978,1.531,1070.0,3.2427,39.4039,-116.44,0.9506
9.5206,48.6,2.6611,0.8685,194.0,2.239,34.718,-122.6264,4.3626
2.6202,37.7,3.7851,1.1352,163.0,3.7427,38.2631,-123.9492,0.6298
4.0063,39.4,5.8964,1.5181,389.0,3.5129,41.2076,-114.7979,1.4575
3.4424,12.2,6.1505,1.491,212.0,2.7622,41.527,-116.186,1.1563
10.678,23.6,5.7971,1.0839,446.0,3.9304,32.5419,-123.422,5.5
5.0427,32.5,4.8965,1.0339,329.0,2.8915,35.5122,-116.3424,2.2742
8.3237,40.3,7.3661,2.2451,122.0,3.7118,40.4551,-115.638,4.1001
1.838,6.3,5.6271,1.3547,242.0,2.8566,37.5962,-114.9943,0.596
5.2605,50.1,6.9065,2.2547,628.0,3.2762,40.1713,-118.7912,2.9062
7.6429,46.4,1.9524,0.5,421.0,3.7806,40.6066,-117.1142,3.3075
4.7085,14.8,1.0,0.5,372.0,2.5621,36.7049,-116.4965,2.3271
8.4934,43.0,6.0676,1.6952,2800.0,1.8339,35.9103,-117.2693,3.8101
3.2859,27.4,2.6505,0.6715,838.0,3.3549,36.8266,-117.7082,1.576
10.4396,24.6,5.0751,1.6638,946.0,4.8344,38.7016,-118.7506,4.7952
15.0,17.0,4.8958,1.7033,342.0,3.386,35.988,-119.4684,5.5
3.6049,30.6,8.6748,1.5022,503.0,3.4119,39.8624,-114.0407,1.2563
3.4305,38.2,6.3,1.1087,262.0,2.9539,41.0879,-120.9556,1.3122
10.7191,22.0,5.8317,1.0268,878.0,4.0376,35.182,-123.5732,5.0686
11.5622,33.1,7.174,2.0534,361.0,2.7888,41.6674,-116.4671,5.5
3.2749,36.7,6.237,1.4004,504.0,2.5054,38.4159,-122.2548,1.3786
3.483,37.3,4.5846,1.3601,474.0,4.6745,40.8426,-118.9067,0.5584
3.7846,3.7,7.643,1.7662,396.0,2.4297,33.4872,-123.4941,2.2834
2.0004,44.8,3.2805,0.9038,7617.0,4.2879,34.8892,-117.9975,0.3413
2.5826,24.4,6.1465,1.8684,207.0,4.6757,35.5497,-114.5879,0.5596
2.4535,14.4,2.4049,0.6244,205.0,3.7687,35.3768,-116.9116,1.5184
2.8273,13.3,5.9079,1.5236,808.0,1.8227,34.1327,-122.2474,1.9208
4.3894,25.6,5.886,0.9868,222.0,3.037,40.7479,-114.3031,1.6956
5.1579,46.2,8.8529,2.0553,301.0,2.771,36.4768,-121.2756,2.2307
11.3623,20.3,2.3701,0.6142,136.0,2.4635,41.6497,-119.9155,5.5
2.462,39.2,4.2982,1.0419,660.0,3.1807,38.043,-119.2698,0.4787
8.0897,5.9,7.1454,2.3591,668.0,4.0865,33.8147,-114.0975,3.7792
3.9417,25.3,6.1706,2.0444,294.0,2.5007,37.6861,-123.7766,1.4387
4.3506,51.6,5.8606,1.8425,825.0,2.8051,41.9387,-117.1844,1.6834
6.7187,40.3,3.5877,0.8075,63.0,2.728,37.8691,-120.6997,3.5428
2.285,11.7,4.3184,1.2673,199.0,4.7853,32.5178,-123.6776,1.1224
5.6375,26.6,7.9901,1.8302,340.0,2.7106,41.3643,-114.6822,2.874
4.9524,12.9,5.397,1.0606,125.0,1.8335,34.7315,-118.3065,2.4898
6.0223,21.9,6.2507,1.3663,70.0,1.601,39.041,-116.5881,2.9853
5.3308,40.8,5.2696,0.8652,297.0,3.4733,37.3933,-121.976,2.0481
15.0,40.3,3.1338,0.678,808.0,2.2161,35.5916,-116.5038,5.5
3.0568,12.6,7.3676,1.7841,1454.0,3.9255,35.1851,-115.801,1.1291
3.2589,48.0,6.5065,2.2193,233.0,1.7639,41.3232,-119.9763,1.306
3.0837,31.2,10.1113,2.1505,840.0,2.4216,41.1633,-118.4945,1.2959
3.2114,20.4,3.4688,1.1464,762.0,1.7643,37.3748,-114.2953,1.3268
3.0574,26.6,7.1451,1.3988,1365.0,3.5746,34.9557,-115.6093,2.0174
9.1469,31.9,2.8769,0.5414,284.0,3.8944,33.4722,-119.8291,4.9207
10.5097,29.6,5.8147,1.4758,67.0,3.4399,33.9875,-117.522,5.5
3.1821,25.8,7.453,2.1204,433.0,1.9457,37.4614,-116.2656,2.1049
2.7199,26.8,1.3557,0.5,146.0,2.2293,35.4244,-124.2445,1.6212
5.9468,10.0,5.0901,0.9886,196.0,3.2994,32.8996,-118.3222,3.0172
3.2177,42.4,4.3736,1.0546,299.0,1.5294,36.8241,-114.1624,1.489
6.5519,28.6,4.0961,0.8856,287.0,2.7279,39.5888,-114.5546,3.0277
5.062,7.7,6.2704,1.8343,465.0,5.5111,40.9711,-115.7594,1.8964
1.805,40.1,7.7414,1.9526,815.0,2.7955,38.0602,-123.3848,0.4052
11.3419,48.6,5.2334,0.9529,279.0,1.6563,39.3713,-114.0626,5.5
13.1645,49.3,5.911,1.9441,599.0,2.3562,35.9587,-118.0998,5.5
3.1029,19.8,5.7286,1.1949,409.0,2.3343,37.2143,-122.1595,1.5066
3.5515,7.9,5.5036,1.6303,1028.0,7.0719,39.4315,-117.4202,0.7399
5.3202,27.4,3.3213,1.0163,334.0,5.849,39.4128,-115.5065,1.9674
5.4776,6.7,7.7169,2.644,373.0,4.0244,36.533,-123.3206,2.6464
6.6534,48.6,6.0904,1.5208,277.0,2.6189,37.6648,-114.8774,3.0444
14.9711,10.4,6.2898,1.7182,343.0,4.8562,41.2766,-114.8379,5.5
4.0303,13.9,3.887,0.8434,184.0,1.9091,38.504,-124.3586,1.507
2.776,21.7,4.5816,1.3087,167.0,4.6211,38.6045,-115.0466,1.0997
1.9589,20.5,5.1477,1.2492,876.0,4.3544,39.9539,-114.5584,0.3078
2.8905,41.5,2.4318,0.5776,137.0,2.8277,33.5946,-124.1042,1.5028
4.3935,24.3,2.1239,0.682,293.0,4.7383,37.4674,-121.4113,1.7035
13.1541,9.7,4.2985,0.6879,1114.0,2.5121,41.6146,-120.5824,5.5
3.2852,14.6,6.545,2.1363,284.0,1.8112,35.9358,-120.8367,1.8032
5.1257,27.0,4.1937,1.3437,924.0,4.4424,35.3018,-116.5305,2.0107
4.4377,8.5,3.4624,0.87,223.0,2.9035,38.2115,-120.7399,2.087
9.1434,32.2,3.8706,0.9601,141.0,3.8218,34.6006,-114.4559,4.2603
15.0,29.9,4.5893,1.0205,82.0,6.2236,37.7815,-114.0526,5.5
3.2592,37.4,4.7923,1.6717,1499.0,2.2504,33.9787,-121.1734,1.1634
3.3412,48.8,9.831,1.6932,129.0,2.8367,38.008,-119.1576,1.5426
8.3854,47.5,7.6092,2.0396,852.0,5.6286,38.2226,-118.6441,3.5923
6.7472,49.2,7.5495,2.1617,148.0,3.9255,36.4748,-118.4163,2.7794
13.5722,13.5,7.8372,2.6401,1506.0,2.2707,36.1361,-120.5708,5.5
6.3621,7.7,3.5024,1.0719,3666.0,2.0503,34.8319,-122.7571,2.7061
3.6126,16.4,3.0553,0.8517,75.0,2.4321,35.6438,-123.9271,0.9954
6.3878,46.6,3.2863,0.5697,136.0,2.2359,37.2343,-123.3833,3.2017
8.7165,50.6,8.169,1.836,874.0,3.3034,34.8528,-115.0364,4.0909
7.3323,44.8,4.4056,0.7832,674.0,3.0999,39.9369,-121.5561,3.2098
6.0761,6.6,2.9973,0.9778,877.0,3.3592,39.2358,-123.6934,2.8032
8.4995,49.3,4.638,1.3911,227.0,2.1461,35.0584,-117.9529,4.0777
9.0393,22.6,5.0228,1.5144,2944.0,2.9202,33.4256,-123.7093,4.1454
10.2707,1.5,6.0368,1.693,454.0,1.3201,32.5017,-123.7644,5.5
6.6142,23.6,6.0019,1.5089,119.0,3.1836,38.1688,-117.9735,2.4649
4.0541,3.3,3.8436,0.6918,313.0,4.8075,34.508,-118.2903,1.4116
4.8941,28.7,6.8713,1.4838,121.0,1.6991,32.6195,-124.0645,2.3832
9.2434,18.3,4.2216,0.7488,1980.0,3.6451,35.9113,-119.665,4.7949
2.7452,25.1,5.1874,1.5302,208.0,2.3528,41.639,-119.9244,0.839
5.5913,32.3,6.8735,1.2513,660.0,4.1413,39.0545,-118.7598,2.5139
3.5395,45.3,4.2164,1.2245,252.0,3.201,40.6488,-116.7526,1.171
4.5597,34.8,4.3613,1.258,218.0,3.5321,33.875,-121.5306,2.3403
9.6511,23.1,6.6833,1.6164,60.0,3.0831,33.1962,-119.9558,4.9209
5.0262,42.8,3.7845,0.67,734.0,5.1107,32.6095,-116.1762,2.3009
4.6083,47.2,4.7304,1.0074,1479.0,3.452,41.5788,-114.8132,2.0701
1.982,7.1,6.6115,1.415,161.0,2.2656,35.3519,-115.1411,1.2225
7.0129,28.1,9.6082,2.7871,86.0,3.1252,36.8653,-119.4849,3.2842
6.6015,15.5,6.7108,1.1593,901.0,2.592,36.248,-119.0309,3.3408
15.0,3.4,6.4453,2.0355,78.0,3.2058,39.4393,-118.9444,5.5
3.726,35.1,6.5616,1.9829,1366.0,2.5398,35.4447,-115.3785,1.8983
5.1115,45.0,3.3536,0.628,163.0,2.2917,37.5868,-115.6806,2.379
5.2051,9.3,5.7312,1.684,134.0,3.2534,41.958,-121.2289,1.8053
11.5475,42.4,5.4405,1.5435,517.0,3.072,36.7186,-122.7901,5.5
4.2326,44.5,6.1432,1.8406,143.0,4.5978,37.7371,-120.5208,2.0115
5.2984,47.6,5.733,1.0766,199.0,2.5447,37.274,-121.4717,2.6033
6.4542,14.5,6.2594,1.1362,575.0,1.3602,40.1303,-114.5168,3.1498
5.0127,47.1,4.8771,0.9622,36.0,2.5972,35.035,-121.7079,3.3022
3.4286,17.4,5.6172,1.2536,2085.0,1.5674,34.1192,-122.5973,1.9457
5.0352,29.2,3.0443,0.9399,421.0,3.5476,39.6639,-115.0555,2.4158
8.535,3.6,4.8602,1.4463,111.0,1.5379,36.4484,-123.592,4.3283
2.4208,3.2,8.2817,2.7751,146.0,2.0231,41.1804,-121.7672,1.0416
4.8539,37.7,6.1376,0.9926,1088.0,2.5988,38.6195,-119.8893,2.3587
2.9445,23.7,5.4582,0.8313,736.0,5.571,37.8613,-118.2514,0.951
9.18,14.1,9.2922,2.6932,1615.0,1.9559,33.1693,-121.0594,4.7381
1.7969,10.7,2.7783,0.5719,204.0,3.0191,39.4389,-119.2895,0.6878
3.2048,35.2,3.2811,0.7114,543.0,3.7886,39.0174,-122.4123,0.9798
5.62,1.0,8.9254,2.3149,618.0,5.4392,38.5807,-118.4701,2.543
11.4652,42.1,5.5919,0.9533,809.0,4.1005,35.0451,-120.2179,5.5
4.3083,5.0,5.0148,1.3968,1245.0,4.6532,41.494,-115.5828,1.8145
3.212,10.8,3.1016,0.6669,197.0,4.2449,35.5557,-120.1348,1.1575
13.8557,20.7,6.3954,1.7686,360.0,1.8522,33.9462,-119.8399,5.5
1.8798,25.7,6.5889,2.0874,219.0,3.469,41.8784,-118.2822,0.4285
1.1981,19.1,3.311,0.61,383.0,4.2184,39.5893,-123.2067,0.2316
5.8358,17.4,5.2194,1.7546,811.0,2.0491,36.4405,-122.8537,3.1052
3.316,50.2,4.829,1.2369,77.0,2.3824,41.3912,-116.2025,1.0763
2.4285,33.7,6.012,2.0115,1223.0,2.1787,33.3656,-121.6291,1.3711
6.8552,2.2,3.2615,0.6247,129.0,4.0921,33.3328,-117.3107,3.6631
5.1876,22.9,8.0039,2.1684,297.0,2.9221,38.9833,-123.477,2.6657
3.1949,45.6,7.3316,1.692,1400.0,2.6423,34.1907,-115.8706,1.3042
2.0789,16.4,4.7736,1.4552,560.0,1.7992,41.2128,-114.1236,0.5356
7.5646,5.8,5.0672,1.3741,567.0,2.9243,40.4834,-120.5762,3.5763
6.6202,39.7,5.2272,1.3011,124.0,2.394,35.4105,-119.1919,3.7553
4.2228,31.9,3.9434,1.3116,142.0,3.3113,40.944,-119.8515,1.654
13.5716,30.1,4.6131,1.0399,1034.0,1.9018,32.9074,-115.111,5.5
2.3583,3.7,4.9595,0.9621,224.0,3.2257,37.7121,-124.3957,0.5897
1.7944,8.2,8.7257,2.3701,246.0,2.5204,41.3878,-117.6387,0.6171
2.959,32.8,7.3932,2.0317,1058.0,1.8226,40.6261,-117.6501,1.0185
4.3608,11.6,7.3693,1.7526,141.0,1.7667,35.8827,-120.485,2.3288
5.1862,26.7,6.2399,1.5433,528.0,1.8761,34.2373,-122.197,2.2338
3.8778,28.8,3.2653,1.1165,421.0,2.7661,34.5001,-121.9833,1.7076
5.5358,15.5,5.417,1.6063,402.0,3.1531,37.3878,-116.0951,2.266
2.115,49.4,7.441,1.2807,240.0,3.3465,38.1693,-123.8059,1.1445
10.6574,44.0,2.9835,0.5741,226.0,3.3974,32.8117,-118.5798,4.9563
4.2661,37.8,6.7731,2.3375,137.0,2.218,36.4287,-121.2782,1.9239
8.7616,5.0,10.1452,2.9958,654.0,4.5876,40.3887,-121.7149,4.1493
5.5049,6.4,7.6236,2.5387,207.0,2.5171,36.7211,-119.1898,2.6247
5.8947,26.1,8.3281,1.7553,1063.0,3.5969,34.1072,-115.0725,3.6278
6.3083,9.2,5.9367,1.7713,322.0,2.8132,41.5712,-118.01,3.0988
5.8628,50.9,7.4359,2.1772,140.0,3.4912,35.0296,-116.2196,2.8549
6.5905,9.1,4.0643,0.8492,318.0,2.7573,40.0851,-118.1928,3.095
9.9492,25.9,7.0917,1.845,268.0,3.5165,34.341,-117.174,4.2516
5.0426,19.6,6.8088,1.8757,1107.0,2.9953,36.5201,-119.9597,2.7309
6.8579,33.6,6.0798,1.497,279.0,4.1601,37.159,-114.7772,3.3076
4.2468,7.6,8.132,2.5651,306.0,2.1652,37.256,-119.2296,2.1303
10.6341,22.9,4.4224,1.4,1655.0,1.48,37.4065,-118.7064,5.2722
2.9867,15.0,5.1259,1.6409,671.0,2.0353,34.637,-118.9879,1.7079
13.2046,46.3,5.6909,1.7681,2128.0,4.607,37.4012,-121.18,5.5
4.375,3.1,3.4408,0.852,1421.0,2.8241,37.0763,-122.072,2.0051
1.8994,47.6,5.9539,1.3473,166.0,3.1169,34.4828,-123.7247,1.2105
4.8397,43.5,2.0621,0.6522,1086.0,1.971,41.8878,-116.9592,1.9963
2.9783,16.2,7.5939,1.8836,1854.0,3.084,40.7229,-121.4626,1.0054
7.4215,41.3,5.5933,1.1146,1868.0,1.9955,40.932,-120.4134,3.3694
3.0296,2.6,4.4582,1.1211,1084.0,2.1163,39.0129,-114.8408,1.6817
3.4291,50.3,3.8313,0.6834,1062.0,2.5574,34.019,-118.5523,1.8005
1.4424,27.9,5.0308,1.4505,298.0,3.5896,37.8969,-123.4807,0.2
3.4165,16.5,6.8765,1.4935,175.0,3.7462,40.3037,-116.1041,1.5781
1.0467,19.5,6.5955,1.3332,284.0,3.7872,32.868,-121.8106,0.6966
1.7327,4.4,4.0889,1.3956,76.0,1.5916,37.2105,-118.6966,1.1781
7.0727,51.5,3.8079,1.1628,1545.0,2.9962,36.2632,-119.1452,3.1699
7.1813,3.0,6.8138,2.0947,304.0,2.7768,34.5152,-122.0002,3.5469
5.785,34.4,4.0553,1.1142,1468.0,1.6276,36.0934,-123.2844,2.3073
2.5088,23.6,5.6198,1.7862,118.0,3.0234,41.8432,-122.2818,0.6521
4.3552,49.4,5.7475,1.7348,1191.0,2.7178,39.3708,-123.478,2.1498
4.472,13.5,6.1241,1.652,246.0,3.6863,35.3456,-121.6059,2.1979
2.2367,28.1,7.2165,2.4697,112.0,3.1034,38.2509,-114.0284,0.9101
11.0457,25.6,2.9741,0.5601,2053.0,2.4116,34.8432,-120.278,5.5
7.5869,36.8,1.6777,0.5682,1221.0,4.3506,38.303,-115.4292,3.4855
3.9252,4.5,4.3651,1.0052,499.0,1.2355,41.0136,-118.7336,1.5369
4.5546,10.9,9.1031,2.3275,417.0,2.9279,37.7903,-117.5009,2.6038
5.0786,11.9,9.5443,1.6659,626.0,1.4839,39.4667,-122.8583,2.0941
1.3165,38.6,9.1624,2.3641,490.0,2.0857,36.8067,-121.6145,0.8344
3.864,10.6,5.114,1.3923,183.0,3.7059,37.4792,-119.1403,1.8003
2.9767,30.2,1.9358,0.6766,267.0,1.8046,39.1032,-115.248,1.5302
2.4572,12.0,1.0,0.5,2866.0,1.6998,40.2178,-124.0497,0.7315
3.7861,44.9,4.2719,1.4665,5838.0,7.7895,38.7648,-119.1773,0.4337
13.1788,49.1,5.1039,1.1212,1925.0,1.7442,41.7862,-123.9644,5.5
6.5831,27.4,8.1013,2.8213,651.0,5.8136,40.2883,-119.7034,3.526
3.1813,19.0,7.2356,1.7445,288.0,2.8042,39.883,-117.8969,1.4162
6.3189,12.9,5.9548,1.9077,182.0,2.4353,40.5285,-116.6804,3.096
10.3772,3.5,3.7203,0.719,194.0,3.7686,35.1715,-123.0454,4.4276
7.8051,14.7,3.5784,0.8988,232.0,5.1276,36.6044,-122.751,3.2518
4.6449,34.4,6.0083,2.062,3467.0,1.8995,37.8624,-119.5643,2.0475
3.0399,28.2,6.8941,2.3399,2456.0,2.4495,36.8927,-114.0206,0.7451
6.8137,49.1,6.2838,1.8018,851.0,4.2154,40.5508,-120.7615,3.0313
5.6751,21.2,3.4308,1.062,154.0,3.371,32.7572,-120.011,2.5663
7.6685,36.4,6.8013,1.2602,985.0,4.6682,34.4872,-119.9593,3.3012
6.5607,26.0,6.3518,1.8695,318.0,3.6915,40.8762,-123.6526,2.6579
8.4126,27.1,3.3587,0.919,47.0,6.1922,33.0615,-116.3712,4.3145
3.2507,14.7,3.9314,0.6617,538.0,3.2266,34.6564,-121.8424,1.6069
9.8792,24.2,6.877,1.1872,174.0,3.2829,35.8369,-117.1115,4.6269
5.0458,25.0,5.031,0.8638,180.0,3.4167,39.632,-119.5116,2.4312
15.0,37.0,8.6783,2.559,314.0,2.8377,37.8217,-118.0763,5.5
2.9638,49.0,6.5023,1.1596,245.0,4.2175,41.5687,-123.9333,0.8736
12.6997,17.8,4.5267,1.1025,390.0,3.303,34.6648,-115.1554,5.5
5.0468,3.2,5.4796,1.2132,372.0,4.1176,40.7851,-121.9395,2.4064
3.0318,26.3,5.6268,1.4635,62.0,4.3833,35.1877,-117.464,1.5876
3.3524,28.8,4.0432,1.1778,1845.0,3.5658,34.8322,-116.1208,1.1389
3.698,9.6,3.6748,1.0545,151.0,3.6718,37.2346,-118.8296,1.2237
5.7806,39.8,6.9028,1.7471,156.0,2.0054,33.1764,-120.958,2.5532
6.1331,51.2,7.1905,1.7463,290.0,2.4106,36.1509,-114.232,2.8295
3.1765,49.2,6.7076,1.5398,362.0,4.2095,35.8789,-121.5764,1.2521
4.4167,11.1,8.5306,2.7501,1735.0,5.3093,34.021,-114.539,1.8613
15.0,45.6,4.4165,0.9547,528.0,1.3824,40.6776,-122.8596,5.5
12.6357,36.9,8.8485,1.7863,711.0,2.3937,36.166,-120.4132,5.5
5.8229,24.1,3.6982,1.1045,531.0,3.0327,41.8282,-123.0458,2.3042
4.5851,28.6,3.4746,0.7712,508.0,2.1134,41.0472,-124.4765,1.8991
4.8164,44.3,1.9801,0.6324,550.0,2.1619,34.3507,-121.7673,1.7092
6.4761,25.5,4.6084,0.9935,58.0,3.6327,37.2987,-123.5843,3.6621
2.4262,20.0,4.4926,1.3046,314.0,5.6551,38.2171,-114.1434,0.2929
3.8404,26.2,6.5519,1.0419,1290.0,1.3328,40.2801,-116.5026,1.5155
1.6468,30.5,5.9878,1.3599,20792.0,2.8061,40.9136,-124.4611,0.2
5.6947,10.6,3.1141,0.6809,121.0,3.6158,38.4282,-122.1517,2.5833
6.6082,46.9,4.7145,1.4772,616.0,4.1045,32.8338,-117.4637,3.6161
3.3538,35.4,4.7571,1.6336,228.0,3.4132,37.0721,-120.3152,1.6269
11.5235,33.3,1.948,0.5,3126.0,6.0773,40.9056,-115.7657,4.6325
2.148,6.1,3.5381,1.1144,104.0,3.0391,39.2839,-119.199,1.0789
1.8615,31.8,3.9584,1.1477,754.0,5.0774,40.7663,-117.6367,0.5961
5.1278,7.2,8.3673,2.874,99.0,2.3197,38.9038,-118.2311,2.3179
8.4002,5.0,5.8829,1.8368,293.0,3.0747,32.9183,-117.7992,4.567
12.3093,27.9,6.8243,1.1294,390.0,1.8495,41.6961,-122.084,5.5
3.403,21.5,2.5027,0.7324,1176.0,4.3074,41.2212,-120.5805,0.9638
8.5609,31.0,7.8884,2.0281,137.0,2.8629,33.7025,-123.9684,4.4394
4.3793,5.6,8.1022,1.242,783.0,3.4664,33.5706,-118.3298,2.1663
4.0407,23.0,1.5033,0.5,411.0,2.6502,37.6212,-119.6778,1.562
7.6156,9.9,4.0894,1.3673,530.0,3.7984,39.692,-116.5125,3.6657
6.6286,51.3,6.4915,2.176,1052.0,3.5218,36.1306,-122.333,2.5766
1.7405,29.6,6.7888,2.103,112.0,2.0181,33.7956,-119.9135,0.6951
10.8691,36.1,4.143,1.435,907.0,2.0653,37.3503,-122.6022,5.3998
10.258,17.6,4.889,1.522,228.0,2.971,35.7069,-118.0532,5.0002
3.0792,5.8,4.3052,0.6546,1207.0,3.9111,35.8418,-115.5957,1.5606
5.683,50.8,5.7208,1.1875,564.0,6.3291,38.6274,-116.4628,2.3152
6.028,15.6,7.8944,1.2325,327.0,3.3912,40.9133,-114.5859,2.3606
5.2404,22.6,3.9579,0.6682,224.0,4.4952,37.8066,-114.2969,2.2528
3.2214,34.1,7.5016,1.4536,919.0,1.576,39.0322,-116.3936,1.6686
2.9952,2.3,3.9367,0.987,1424.0,6.7206,38.7695,-121.4885,0.8178
4.4135,42.3,3.8047,1.2156,237.0,3.8277,37.7359,-122.1978,1.68
9.0579,28.4,7.1372,2.301,130.0,2.9451,35.4522,-119.8007,4.4247
6.21,15.2,7.3439,2.0066,808.0,2.8126,36.089,-114.0642,2.877
3.5881,4.1,7.2028,2.4175,95.0,1.9292,35.4992,-120.167,1.5243
7.1208,9.3,2.8684,0.7171,109.0,2.163,41.2162,-122.4098,2.7797
0.8113,46.6,4.5681,1.4975,139.0,6.4506,40.3529,-114.5844,0.2
8.9286,36.0,7.146,1.7208,266.0,2.0226,38.0038,-120.4479,4.1403
1.578,13.7,5.5831,1.147,106.0,2.0071,41.1663,-117.2456,0.7478
3.6058,4.3,3.3526,1.1174,58.0,2.2685,40.9209,-116.2244,1.3099
2.2892,36.2,6.4166,1.4603,130.0,1.8603,41.3131,-115.6469,0.526
2.061,30.2,4.0704,1.0204,767.0,3.0226,34.6069,-115.8766,0.7511
8.9934,21.6,9.089,1.9612,113.0,4.6439,39.3163,-115.7194,4.8663
3.3851,19.5,8.5897,2.4272,287.0,2.3533,38.2876,-117.4896,1.6288
5.5174,12.1,6.7082,2.3412,2826.0,1.7344,39.4714,-120.2598,2.5905
4.3573,35.2,8.222,1.2753,384.0,3.3762,35.0021,-117.4935,2.2429
5.9669,50.5,5.6296,1.8576,568.0,2.9379,39.1007,-115.7143,2.2124
4.6931,10.0,7.0309,1.0602,157.0,4.4866,36.3934,-120.8183,2.6365
2.0755,31.5,8.4554,1.8843,3510.0,2.5048,40.4239,-121.3867,0.4752
8.1479,22.6,5.991,1.1007,235.0,2.7073,40.056,-120.8911,3.444
3.3326,23.8,4.9896,1.5042,321.0,2.8297,34.5079,-118.7115,1.4639
1.7613,14.0,2.0908,0.5,1506.0,3.113,34.2466,-123.9493,0.5512
3.4664,43.1,5.3337,1.3905,336.0,2.5676,39.3185,-116.3208,1.6766
11.0282,25.7,7.1468,1.4936,423.0,2.4064,37.7295,-123.0421,5.2365
7.4643,28.7,7.3913,1.3063,304.0,1.4331,37.7935,-123.1052,4.5647
3.6357,16.5,6.5087,1.981,306.0,2.3961,39.6489,-122.4246,1.3471
3.6344,10.3,4.4174,0.8547,584.0,3.9992,40.6222,-118.4423,1.5275
3.6951,5.4,1.5464,0.5,701.0,4.2211,34.7702,-121.5015,0.9212
15.0,37.4,4.5096,0.9245,212.0,2.4882,37.7776,-120.6351,5.5
5.6359,11.0,4.8913,1.3077,188.0,5.0521,40.3751,-114.7177,2.4057
5.801,36.2,4.8741,1.3742,219.0,2.9699,40.7915,-115.6044,2.1725
8.3159,20.9,6.7371,1.0343,99.0,1.7592,35.2304,-115.552,4.764
5.1721,22.2,9.4714,1.8789,82.0,1.5512,33.4895,-118.4348,3.0826
3.8366,24.9,5.7471,1.3574,543.0,4.8905,34.7118,-115.4021,1.5772
3.9836,19.8,5.0665,1.0964,1031.0,2.5878,41.4822,-116.3251,1.7029
4.2932,6.1,4.9816,1.6281,964.0,1.8485,36.8936,-114.491,1.8644
4.3827,16.8,5.7488,1.768,37.0,1.2169,36.4765,-123.8241,2.6507
6.935,34.9,3.8434,1.0576,316.0,2.5644,32.6243,-124.1984,3.783
4.6236,35.0,5.7404,1.2492,134.0,3.5321,32.9846,-122.6622,2.4251
6.9559,15.6,6.4016,1.8573,466.0,2.2726,38.8526,-114.7446,3.5096
4.2698,24.5,5.9194,1.8867,266.0,1.9713,38.1034,-118.1416,1.5845
4.6982,10.9,6.4151,1.7254,729.0,2.4115,37.9675,-120.0258,2.6567
1.3513,11.7,6.3675,1.9541,396.0,4.9396,33.5481,-119.1165,0.5017
7.7663,2.2,1.9562,0.5865,61.0,1.7208,35.8446,-115.7892,4.1403
5.5173,46.7,6.7737,1.7906,153.0,2.3241,40.2174,-114.7443,2.7486
8.1564,11.7,4.158,0.8833,406.0,4.8759,34.1617,-116.8382,4.144
0.7884,12.6,3.3083,0.9897,441.0,3.6608,40.8855,-116.5216,0.2
15.0,15.3,3.2911,0.6298,99.0,3.2273,33.654,-121.136,5.5
4.1216,7.5,6.3671,1.9477,87.0,2.3178,34.1069,-119.5961,2.8649
8.7138,33.6,5.0549,1.5716,427.0,3.041,37.0386,-115.2053,3.6751
2.4014,4.8,2.1361,0.6716,99.0,2.4227,41.4803,-116.2477,0.4655
6.4732,7.8,6.4561,1.579,76.0,2.1303,35.6307,-117.3152,3.3413
2.382,33.9,2.6208,0.5,258.0,1.9503,38.7531,-123.8149,0.9392
3.0825,18.3,5.7796,0.9822,248.0,4.1109,38.0924,-124.0852,1.1018
14.1317,37.1,5.977,1.7852,168.0,2.9324,33.9214,-123.1307,5.5
3.9972,29.4,7.2712,2.3795,200.0,3.4069,34.8576,-118.3954,2.2252
5.1062,14.1,9.0634,2.5393,409.0,3.1921,41.3365,-118.8679,2.2942
7.5537,34.2,2.7706,0.5,196.0,3.5836,34.2559,-114.6017,3.5057
6.034,6.9,5.3951,1.818,433.0,2.7132,39.1026,-117.205,2.7737
4.905,28.4,4.9473,1.7208,276.0,2.4777,41.6646,-121.4133,1.9165
5.5788,23.3,6.3675,1.507,477.0,2.1682,33.6353,-122.8043,2.3952
15.0,14.7,5.9313,1.5953,971.0,1.7064,36.2922,-115.5799,5.5
4.3294,31.8,4.7949,1.4646,934.0,1.9178,34.6274,-119.6739,2.3455
5.0564,45.4,4.6182,1.3729,1463.0,2.5956,34.6048,-117.6386,2.2811
8.4182,51.9,3.2671,1.1224,933.0,1.5821,33.6304,-118.566,3.4611
8.6999,32.0,7.4757,1.2931,512.0,1.7282,38.6707,-123.3717,4.129
9.136,21.6,6.4184,1.7082,262.0,4.5579,39.5903,-123.9009,4.4376
6.5748,12.5,7.3355,2.1155,274.0,3.286,38.9295,-120.5413,2.6606
2.2574,14.1,4.8792,1.6005,168.0,2.5074,41.2842,-120.7037,1.0074
11.942,25.5,4.1863,1.3598,405.0,7.4531,33.8839,-117.4251,5.3113
2.2528,19.7,3.3434,1.1555,810.0,1.5538,35.5385,-117.8619,1.0389
5.374,47.6,6.2178,1.5695,195.0,4.4382,35.7734,-114.3261,2.2321
2.8503,19.8,3.4204,1.0814,389.0,2.8732,34.7048,-115.49,0.9613
4.3125,20.0,9.1973,2.1656,205.0,4.1124,33.8509,-119.2859,2.6454
5.459,20.6,2.8847,0.6764,497.0,3.138,37.1237,-119.2497,2.6806
5.4348,43.7,6.0473,1.2135,233.0,1.4206,40.4272,-117.4216,2.7406
5.7728,34.2,8.6337,2.7079,193.0,3.1211,41.5681,-123.302,2.8542
11.8015,32.3,6.6982,2.3254,204.0,3.4357,33.7287,-114.0011,5.5
5.8833,18.0,5.8513,1.1777,667.0,1.2501,40.32,-119.0525,3.0765
3.871,42.7,3.563,0.5745,366.0,6.5379,40.3335,-114.946,0.949
7.9921,3.0,2.7365,0.8568,263.0,3.4024,36.1953,-114.3428,4.1797
9.1493,45.4,7.0401,1.9293,524.0,3.9306,33.5453,-118.3928,4.8725
2.1456,27.2,8.5123,2.9107,267.0,1.8847,41.9051,-123.4148,0.9815
6.4137,21.3,4.6223,0.9265,1245.0,3.96,38.7281,-118.4799,2.665
6.8258,26.4,3.2219,0.5291,152.0,4.645,41.8309,-118.2248,2.4118
3.7489,35.0,1.0,0.5,335.0,3.3249,37.0947,-116.2135,1.5323
10.231,1.7,3.5385,0.5913,99.0,2.9929,36.2543,-123.9936,5.499
4.0958,45.4,5.2727,1.067,285.0,2.1013,34.8483,-119.6037,1.6987
4.8324,23.8,8.6982,1.5239,75.0,2.7553,41.8439,-114.8109,2.5228
4.0396,18.5,6.8463,1.3338,851.0,2.4478,34.9059,-114.0914,1.9052
4.5238,8.1,6.1102,1.0462,868.0,3.7765,32.7257,-122.4905,2.1429
2.3215,23.4,4.6998,1.6016,884.0,2.1384,37.3684,-115.3587,0.6116
1.8889,26.3,4.3337,0.8915,415.0,3.7654,36.082,-122.9644,0.4749
11.6663,21.6,8.3113,1.9846,167.0,2.1477,34.9831,-115.6677,5.5
2.6961,35.6,5.9015,1.9458,181.0,2.7049,38.5288,-121.5886,1.3604
2.4723,22.5,1.2948,0.5,1863.0,3.8436,35.9606,-114.4239,0.788
1.2312,50.0,4.1529,1.1363,1695.0,2.2671,36.3214,-117.1973,0.2
3.0545,31.6,3.7836,1.1014,456.0,3.897,32.7189,-120.3093,1.0569
2.0262,42.2,4.4075,1.3917,241.0,3.7479,38.0962,-121.5498,0.6583
12.0036,6.6,6.6258,2.1569,1585.0,2.6956,33.6597,-122.03,5.5
8.2144,21.3,5.2851,1.4721,201.0,4.7813,34.5311,-117.3517,3.9586
2.9657,18.2,5.3463,1.7536,507.0,3.0991,39.3126,-115.0942,1.071
15.0,30.0,8.1269,2.0893,1559.0,4.6688,35.4758,-116.5731,5.5
8.0773,44.9,4.1071,0.8438,175.0,6.1557,34.0505,-115.7347,3.6825
3.6881,5.0,9.2284,3.0086,924.0,2.7278,37.9855,-116.2955,1.8663
1.0004,4.7,4.1574,1.0738,679.0,3.8883,34.5416,-114.2189,0.6891
15.0,44.4,5.6784,1.8808,388.0,2.3279,35.0743,-116.543,5.5
1.9469,11.9,4.9376,0.7803,149.0,1.9875,38.4027,-122.2926,1.0452
1.6699,35.1,5.7468,1.3189,195.0,2.7782,39.5287,-116.1882,1.1166
8.2775,28.7,6.3892,2.1695,539.0,1.7419,39.5268,-121.1183,4.1313
15.0,43.5,6.3677,1.2731,97.0,2.0646,37.0813,-114.0441,5.5
10.2837,7.4,3.9938,1.3511,460.0,3.806,36.8158,-120.5449,4.6692
6.2861,7.6,3.2542,1.109,693.0,2.4462,39.9826,-121.4257,2.567
6.4036,29.4,10.5063,3.4296,1081.0,3.9917,34.3338,-121.9882,3.1094
7.4786,49.3,4.532,1.1907,100.0,3.3864,33.9459,-117.5856,3.608
7.0664,22.2,6.8984,1.9273,1505.0,6.2994,38.8146,-123.3532,3.2068
5.3053,17.7,2.2847,0.7401,2198.0,3.7052,36.3903,-114.4876,1.9232
4.7708,31.9,4.9408,1.5078,608.0,4.6912,39.245,-121.4097,1.8395
4.3165,48.5,5.2456,1.4479,143.0,3.5281,34.9377,-121.3983,2.3242
2.8509,43.7,6.4456,2.2331,291.0,3.4027,35.5863,-124.0163,1.337
3.7871,51.8,1.0,0.5,385.0,4.7869,41.0184,-121.9168,1.0987
1.6229,2.2,5.8323,2.0127,529.0,3.9256,36.5057,-120.1007,0.6691
4.2249,6.8,3.2005,0.5168,412.0,3.2675,38.1141,-120.6191,1.4763
2.4765,32.1,6.1487,1.0932,534.0,3.2617,33.5135,-121.6333,0.8894
2.3114,42.8,3.4273,0.8236,368.0,3.7258,34.1989,-124.0722,0.4626
4.9925,15.5,3.789,0.86,526.0,2.2966,32.8409,-121.3439,2.6079
10.3315,13.2,4.9527,1.5182,255.0,2.258,36.5315,-116.3275,5.3741
7.7756,41.1,3.3953,0.6184,288.0,5.313,41.8947,-119.8927,3.3754
1.7466,3.9,4.5489,1.5704,227.0,6.3329,40.8018,-121.4469,0.5272
2.475,19.8,3.1132,0.6632,2744.0,2.0719,38.5126,-121.2997,1.206
7.8811,26.8,1.8337,0.5,1744.0,2.2988,40.6804,-118.6784,3.4137
2.4856,29.6,7.5359,1.5445,703.0,4.7446,38.1446,-121.3259,0.8773
3.9166,38.2,2.9079,0.7731,1518.0,3.7188,36.0033,-117.8766,1.9654
6.2341,19.1,5.1426,0.8317,896.0,3.9376,34.1487,-114.1107,2.7516
2.5068,32.2,7.0058,1.2606,484.0,4.3001,38.704,-124.0676,0.5716
4.7742,30.9,4.2701,1.2774,90.0,2.7284,34.334,-122.7283,2.2376
2.0129,28.9,3.8497,0.721,310.0,3.428,36.4656,-122.6194,0.6284
3.1242,33.7,5.9525,1.1733,289.0,3.323,40.3451,-119.8058,1.2315
5.4296,14.2,7.7359,2.3873,130.0,2.131,33.7277,-124.0651,2.6602
1.7232,5.3,3.1614,0.5332,91.0,3.4077,33.7257,-119.486,0.9125
5.8374,7.1,5.1997,1.2349,660.0,4.9287,34.6318,-114.7463,2.5039
4.4292,12.5,2.035,0.5,558.0,2.6283,37.7432,-124.3786,2.2841
6.2432,26.5,4.7136,1.034,126.0,3.1932,34.8914,-120.6681,2.6781
5.1261,43.9,5.5684,1.6137,191.0,3.2631,37.2804,-116.5106,2.2879
10.1603,36.8,3.7908,0.6369,1288.0,2.6809,35.3688,-122.8778,4.7548
4.8314,41.2,4.586,1.5027,168.0,3.9383,37.3093,-123.6856,2.1456
3.4638,18.9,2.6835,0.8907,479.0,2.2887,35.1375,-117.8768,1.887
4.8229,21.6,5.6542,0.9669,334.0,5.1195,41.8101,-124.3955,1.9063
6.2089,21.1,7.6114,2.6499,669.0,3.8593,37.1808,-116.0814,2.8364
4.615,10.8,3.3057,0.6926,171.0,2.0653,39.5646,-123.798,2.279
4.5922,4.1,4.2547,0.7098,441.0,5.9251,39.1552,-118.9943,1.9807
2.9412,31.1,6.5051,0.9824,478.0,3.2131,37.1603,-116.7287,1.3979
3.011,51.5,7.9242,1.8361,508.0,2.2498,34.7692,-121.9589,1.6774
1.9318,9.5,2.5136,0.6937,437.0,4.6731,37.3518,-123.4128,0.7102
12.8039,3.4,5.1624,1.1173,569.0,3.6615,38.9692,-122.656,5.5
2.1248,40.8,6.0663,1.9251,3611.0,1.4788,36.8692,-115.5258,0.5995
2.9572,13.9,5.2959,1.5534,5225.0,2.4345,33.2783,-117.0893,1.1865
2.9123,43.3,1.0,0.5,213.0,3.359,32.6708,-122.42,1.1713
7.6672,36.9,6.5022,1.9302,40.0,1.2664,35.6148,-116.9807,3.8599
3.7548,49.2,8.5387,2.8869,732.0,3.1082,33.9271,-117.0595,1.9725
9.4749,21.9,5.7333,0.9667,486.0,3.2001,41.1088,-114.0239,4.487
2.9919,34.8,3.4378,0.7261,1166.0,1.8712,34.1704,-120.3887,1.5472
5.2984,24.7,4.4737,1.0856,536.0,3.3476,36.2457,-115.419,2.1917
2.715,33.2,9.0398,2.2563,428.0,3.0131,39.2647,-119.8124,0.7702
15.0,23.9,7.3199,1.8918,1248.0,1.8654,40.2465,-115.0735,5.5
2.1978,10.6,6.7801,1.4247,1435.0,4.3398,37.0383,-123.5382,0.5576
5.3973,26.9,6.2128,1.761,101.0,4.2002,34.2208,-122.6592,2.3504
6.5552,28.0,4.1777,1.1657,178.0,2.6754,35.0735,-115.5755,2.9244
5.7447,42.3,5.0989,1.3541,363.0,2.7748,36.4802,-115.8973,3.046
4.0101,38.5,5.3442,0.9232,445.0,4.0169,35.9636,-121.2929,1.8275
4.1458,34.9,6.5991,1.6194,322.0,2.7725,35.8124,-118.2336,2.1211
4.6011,6.8,8.5178,1.8845,623.0,1.3877,33.7526,-120.4817,2.8057
4.1033,37.8,7.7367,1.9203,1092.0,3.6502,41.1764,-124.3917,1.5904
7.9911,26.5,2.6612,0.8898,2259.0,2.1699,32.7827,-124.2259,4.1118
15.0,46.6,5.948,1.4638,720.0,2.5704,36.68,-123.9303,5.5
3.2075,47.9,6.9735,1.0655,172.0,5.3825,41.8131,-118.2622,0.6922
1.9702,3.8,6.7377,1.602,348.0,2.8474,38.7674,-121.5681,0.5001
4.2505,42.9,4.2415,1.3324,374.0,3.0063,35.8764,-122.9885,2.043
15.0,2.9,11.3282,3.4666,675.0,3.6835,33.8879,-114.6181,5.5
2.7671,19.7,2.9458,0.7443,595.0,3.6771,41.6568,-123.2262,0.6598
11.9828,28.7,3.3336,0.6666,3135.0,2.0799,32.6329,-117.4232,5.5
12.2634,8.6,5.9672,1.4501,254.0,2.9326,38.9732,-115.1113,5.5
3.2151,39.1,9.7336,2.5574,593.0,3.0479,40.8613,-122.7798,1.1483
6.3053,1.4,3.8276,1.3396,4250.0,3.3495,32.739,-122.2453,2.8293
11.9059,9.6,4.9683,1.3854,225.0,3.3726,39.3892,-118.475,5.4419
3.5698,30.6,7.6546,2.2111,466.0,8.4568,41.989,-119.1613,1.205
3.9664,37.4,5.4643,1.3567,157.0,1.877,38.5766,-119.0292,2.0336
3.1613,47.7,4.8308,1.0671,438.0,4.4461,36.4395,-118.6759,0.804
2.4379,37.0,6.6313,2.0729,185.0,4.8228,40.8068,-114.526,0.6243
3.0357,35.3,6.045,1.5051,1149.0,3.6587,37.7647,-123.9347,0.5466
2.1504,21.1,7.5609,2.6383,467.0,2.3161,39.6197,-116.5153,1.1663
4.5743,1.1,8.0829,1.9514,158.0,5.8466,38.0839,-122.0587,2.5706
2.8236,7.1,6.114,1.0003,935.0,1.2501,32.8638,-120.5764,0.9974
5.1566,28.3,6.0835,1.743,483.0,2.2857,34.5249,-123.5624,2.175
1.762,35.4,5.9282,0.9445,1046.0,4.8003,33.2483,-119.8209,0.7219
5.4659,22.3,6.4783,1.2963,128.0,2.5908,33.5135,-116.0557,2.8573
7.3899,38.3,5.6103,1.2385,583.0,5.6893,32.6464,-123.4632,3.3166
1.3549,27.6,5.4988,1.6381,874.0,1.641,36.5011,-121.6062,0.2
5.6093,4.8,7.8933,1.9642,264.0,1.9254,34.1972,-120.5829,3.1294
9.3615,10.8,8.5322,1.3287,115.0,2.4287,40.6291,-123.4091,4.8631
2.1689,43.8,2.4849,0.6793,387.0,3.55,39.6254,-116.4957,1.423
12.2257,38.0,5.52,1.2822,1378.0,2.7489,37.9452,-116.2371,5.5
5.7627,46.6,4.1226,1.3785,1244.0,2.4691,37.1457,-115.7231,2.1709
2.9358,7.0,4.8781,1.2191,263.0,5.3024,34.9308,-118.3691,1.1924
4.3342,51.5,6.305,1.8398,112.0,5.5035,37.012,-119.174,1.9213
6.2651,11.7,6.8389,1.3252,262.0,2.5453,38.5917,-121.7432,2.8313
4.6908,1.6,5.2757,1.5943,253.0,1.516,39.9312,-117.6208,2.4528
6.192,51.9,1.6733,0.5,630.0,1.2674,33.276,-119.8321,3.2633
2.5795,15.3,3.5699,1.181,363.0,3.3059,39.2304,-114.3068,1.2831
4.961,35.1,7.293,1.1433,190.0,3.9055,39.5559,-114.3341,2.4326
1.9189,10.0,1.0,0.5,1217.0,3.0808,37.8102,-114.9953,0.5847
4.1924,30.6,7.8749,2.2509,464.0,2.9202,34.536,-120.7191,1.9321
2.6056,47.1,6.5425,1.1059,624.0,2.1775,37.6223,-120.6363,0.7923
2.8826,17.3,8.1324,1.8877,72.0,3.904,37.2757,-115.5469,1.3921
9.4089,35.2,5.1029,1.727,36.0,5.8783,37.0192,-116.8441,4.1066
8.626,10.6,1.3772,0.5,96.0,1.2377,36.8761,-117.1042,4.1214
6.4591,32.9,6.3607,2.2077,249.0,2.9125,33.5528,-121.5641,3.5862
2.3271,18.2,8.0493,1.2989,718.0,2.0378,34.2375,-115.7498,1.751
3.7067,11.8,7.3494,2.1575,39.0,1.655,33.4247,-118.4161,1.7498
9.28,17.0,4.1746,1.1113,1984.0,1.9117,34.8035,-119.8079,4.4274
4.8794,10.1,5.6735,1.419,478.0,3.4969,35.003,-115.4131,2.2187
15.0,47.0,4.4343,1.5262,1572.0,3.5324,34.8282,-120.3608,5.5
5.6745,21.3,3.8615,0.6793,166.0,5.3877,34.5038,-117.6338,1.8502
5.029,13.5,7.4108,2.4396,668.0,3.0147,39.4865,-119.608,1.8296
3.723,23.9,3.1049,0.895,439.0,1.4869,40.2764,-118.2763,1.5415
4.8556,17.3,3.7124,0.7492,914.0,2.7312,35.6075,-124.0743,2.4897
4.0899,39.0,3.2919,1.0874,319.0,1.7254,35.3987,-119.6583,1.9863
6.8542,50.5,2.5195,0.5942,648.0,1.8539,40.5183,-118.6568,3.2036
7.9568,23.3,5.7928,1.8123,1215.0,3.7895,38.4273,-119.3264,3.6363
2.7966,44.9,7.823,1.7818,210.0,3.2468,35.2877,-115.6022,1.7511
2.0163,29.9,5.1302,1.6426,514.0,3.8001,39.2793,-121.2332,1.0396
1.4893,9.0,2.4885,0.6901,61.0,2.6039,35.7736,-115.2172,0.3901
6.0787,36.2,7.1799,1.2795,814.0,4.1215,38.0723,-120.2636,2.9926
2.3117,27.2,8.8714,2.4834,2849.0,2.5463,41.93,-117.2075,0.8121
1.2315,34.2,4.2075,0.7921,116.0,4.6958,35.3651,-123.5894,1.078
5.6584,46.4,4.5429,1.0557,368.0,3.4482,41.34,-122.3984,2.0834
15.0,23.5,6.5313,1.2021,973.0,2.7654,35.5462,-116.5078,5.5
4.4654,47.0,8.7437,1.3501,416.0,3.2702,37.6327,-124.3705,1.812
7.412,39.3,4.4603,0.8581,476.0,2.9828,36.8698,-114.3305,3.1849
4.7072,25.9,2.8351,0.7294,273.0,5.6885,39.94,-122.4984,1.7869
4.2235,31.8,6.7628,1.6658,263.0,3.3141,33.0804,-115.0363,2.2197
7.7791,17.6,7.0981,1.7767,370.0,3.0022,38.4577,-119.0826,3.8905
3.7653,51.2,5.5123,1.0999,421.0,2.7308,39.7263,-118.572,1.7164
5.2616,35.0,4.3837,1.2583,124.0,4.2092,36.9854,-123.6166,2.2263
5.4359,3.2,7.4888,2.1781,378.0,3.9875,33.5003,-120.6652,2.6645
3.0016,17.7,6.5561,1.4528,1936.0,2.6925,34.8256,-122.8597,1.0898
8.1273,32.8,3.9631,1.2929,265.0,1.8922,38.9569,-118.9777,3.6206
4.0351,3.9,5.5982,1.5608,117.0,2.0943,41.0067,-118.7173,1.7888
2.8478,2.2,2.7966,0.8183,347.0,2.7908,36.5053,-117.0485,1.2967
6.1836,24.0,6.8718,1.4119,197.0,5.153,37.8239,-115.2781,2.968
2.6141,18.0,4.9755,0.7469,106.0,2.7181,34.6697,-119.5841,1.5068
4.5581,23.4,4.6286,1.4954,464.0,2.3687,36.416,-122.0497,2.617
4.4572,14.4,5.4343,1.709,198.0,1.4854,35.6995,-120.9975,2.008
8.5981,9.4,5.5806,0.9746,216.0,5.5037,38.7275,-115.6056,3.7922
5.9585,36.1,7.2899,1.6389,470.0,3.772,41.8546,-122.9684,2.2733
4.4149,27.2,6.6822,1.8862,87.0,4.1305,40.2264,-117.9138,2.2117
7.3204,11.2,5.1872,1.4546,71.0,4.4135,34.3256,-124.3626,3.3735
10.3204,17.3,7.0273,2.2633,789.0,2.8126,37.9879,-121.9205,5.3234
6.2632,31.2,6.3015,1.122,59.0,3.1076,33.1309,-118.2902,3.6521
4.5096,4.7,4.6468,1.0966,152.0,5.449,34.8457,-119.7077,2.1056
2.0399,8.5,5.2506,0.8897,67.0,3.2279,34.1361,-119.3177,1.1315
2.3654,4.7,5.2036,1.186,248.0,3.8,35.6877,-117.5641,1.0583
3.7317,42.4,6.5105,0.9962,619.0,4.2555,38.9487,-122.0368,1.3867
3.109,39.4,4.766,1.5711,451.0,3.8852,37.2442,-121.5515,1.0741
4.0061,39.4,4.7192,1.2053,4411.0,2.854,41.3626,-117.3132,1.1231
4.6366,37.5,9.4375,3.0196,1196.0,2.9637,34.5211,-118.8479,2.8496
6.1584,35.1,7.3795,1.1953,159.0,4.1003,35.96,-124.3468,2.6436
4.2961,25.3,3.9788,0.7778,122.0,4.0976,35.6336,-117.4616,1.973
6.0008,33.8,6.6419,1.3408,6043.0,4.7937,34.7417,-117.989,2.454
4.6585,3.0,5.7367,1.3042,1167.0,3.7451,41.9351,-123.6746,1.7347
1.3699,32.7,6.2831,1.9514,727.0,3.8139,36.1786,-116.651,0.5674
2.5508,40.7,5.7747,1.3127,435.0,2.5131,41.4348,-119.0179,0.4624
4.1105,26.5,7.8793,1.5044,530.0,2.381,36.2095,-122.3502,2.4819
2.1688,19.2,6.1912,1.0092,92.0,4.1052,34.4389,-118.6268,1.3629
6.4235,15.1,5.3758,0.8918,472.0,2.3877,33.6325,-118.2477,3.2674
11.2284,33.8,7.5844,2.2906,433.0,2.9794,40.6279,-114.8388,5.0477
9.3116,36.3,5.9666,1.4258,163.0,5.2154,32.8049,-116.7075,4.7342
3.943,45.4,5.743,1.6955,235.0,4.8951,41.6617,-121.3298,1.0094
10.962,18.5,6.128,1.7554,1836.0,3.3896,36.4728,-123.2596,4.8827
4.8998,40.3,5.3128,0.9407,356.0,2.6686,34.8501,-115.5416,2.3864
3.661,29.6,5.5185,0.9855,3201.0,2.8595,38.3657,-115.6163,1.7889
3.1017,46.0,4.3266,1.3026,71.0,4.2506,33.7627,-122.6592,1.5449
3.7379,27.9,3.9977,1.1763,239.0,2.9606,33.1854,-123.8476,1.6426
3.5505,27.4,3.5029,0.7903,86.0,2.4029,40.3639,-117.0254,0.9423
4.9642,30.5,2.716,0.5,120.0,4.8857,36.5344,-116.9129,2.0721
4.935,39.2,3.7406,0.5701,176.0,3.2305,37.4234,-122.64,2.2669
4.4899,50.2,5.1515,1.0696,553.0,2.3848,34.1786,-117.4838,2.1848
5.825,4.8,5.7062,0.8665,527.0,3.6385,33.0835,-121.5713,3.4749
9.1558,3.7,4.9574,0.9717,205.0,4.4304,35.9939,-121.7635,4.3267
7.9227,48.8,1.0,0.5,43.0,2.0076,37.3084,-121.0926,2.9886
1.8387,28.0,8.6492,1.5074,1768.0,2.7727,39.7716,-119.0358,0.5207
0.9682,32.4,7.673,1.311,303.0,2.7219,37.26,-116.0532,0.5715
7.8506,25.6,6.3915,2.1046,132.0,3.5999,39.9338,-119.2642,3.7057
1.9736,5.8,9.315,2.488,531.0,3.8683,33.5966,-121.3706,1.0187
3.9163,40.2,3.5453,1.1944,495.0,2.4095,33.1076,-115.2183,1.8088
2.2209,39.1,9.2753,2.0328,292.0,1.6535,34.0092,-123.9216,0.7698
1.5202,16.9,3.5696,1.0189,468.0,4.5391,39.8341,-116.1305,0.2473
6.202,16.6,5.9775,1.1413,127.0,1.9194,39.7136,-116.264,2.8791
7.0674,43.7,2.9523,0.808,863.0,3.3484,33.843,-121.8378,3.3731
3.1711,4.7,5.5294,0.9727,149.0,2.8497,32.7944,-122.4179,1.8716
0.9468,45.9,6.2723,0.9435,220.0,3.2059,39.0102,-115.3156,0.5866
3.2293,14.1,5.1906,1.7456,772.0,5.8153,40.6252,-118.6319,0.6495
5.6694,31.2,6.9278,1.808,1345.0,10.0,39.664,-124.0169,1.3904
1.8453,48.7,5.698,1.9111,1970.0,1.563,34.4266,-115.1463,0.6368
5.0029,35.6,4.4552,0.9657,1160.0,4.4529,38.0458,-120.8354,1.7802
4.4407,22.1,4.3664,0.9412,292.0,2.8222,39.695,-120.9074,1.663
6.3444,36.2,7.1218,1.639,86.0,4.5683,34.9304,-117.7455,3.4619
4.8151,18.5,4.1925,1.2209,1644.0,4.4057,37.5133,-117.5562,1.9451
2.4997,15.1,7.3308,1.9292,1589.0,5.2799,35.4874,-120.7902,1.4894
9.1884,51.8,7.9454,2.6623,206.0,3.3669,34.643,-122.9956,4.541
4.075,39.3,2.1626,0.5,1014.0,2.1047,41.7111,-118.7012,1.1481
4.4089,33.9,7.7659,2.2648,289.0,4.3538,41.1695,-117.9356,1.5191
2.5601,19.1,9.6208,2.0787,1810.0,3.1494,36.7338,-115.4677,1.4644
3.435,3.5,6.004,1.117,241.0,2.7359,33.7994,-119.4134,1.4882
2.6356,2.6,6.6982,1.6885,2918.0,2.4831,39.4151,-117.7202,1.0865
4.04,29.3,7.574,1.9012,885.0,4.4931,34.9292,-123.9287,1.7228
12.5162,39.9,4.949,0.878,2435.0,5.705,34.1009,-115.1075,5.4428
1.9677,28.4,5.8646,1.1165,254.0,1.8624,36.1245,-121.0642,1.4237
1.7021,43.9,2.8716,0.6652,605.0,3.8527,37.5336,-117.8617,0.2313
10.8341,2.7,5.7773,1.339,153.0,2.5884,33.4257,-114.8815,5.3033
3.9527,19.7,6.4962,1.387,938.0,1.6704,37.9316,-115.9895,1.8752
2.9998,13.1,6.5323,1.1739,991.0,3.187,32.6458,-117.8041,1.4008
8.3641,23.8,7.6308,1.1513,4434.0,2.1527,40.9728,-117.1121,4.2771
3.1163,4.7,3.9504,1.3591,653.0,1.5982,41.247,-114.8305,1.5725
13.4047,49.7,4.4348,1.5021,832.0,2.1975,39.4642,-115.973,5.5
6.7312,12.4,9.291,2.2924,252.0,1.9915,36.9322,-118.0965,3.3501
3.3443,48.0,5.1993,1.8146,693.0,2.3194,34.9215,-117.5836,0.9603
15.0,22.7,5.9001,1.6799,276.0,1.7676,39.5691,-122.9537,5.5
3.1161,51.3,5.366,0.8788,453.0,2.565,41.3521,-119.5632,0.9451
6.9954,29.3,3.8566,0.6693,480.0,2.2585,34.0061,-121.3395,3.5075
5.3633,48.5,8.7471,2.9147,284.0,3.4912,36.9253,-119.9643,1.9418
9.7869,1.3,4.4446,1.2268,430.0,3.8092,35.495,-117.5464,4.7074
11.4376,39.2,3.2454,1.0341,277.0,3.3336,35.889,-122.9339,5.5
4.5686,47.1,4.5985,1.5159,276.0,2.7342,36.3547,-124.3176,2.107
2.8518,8.1,1.4966,0.5,1184.0,2.7048,41.5421,-120.3323,0.6161
5.9061,5.9,4.1974,0.6704,481.0,2.1494,34.9571,-121.1171,2.9573
2.9843,22.7,3.5637,0.6688,571.0,2.1702,37.1804,-120.0855,1.2959
14.9997,48.6,6.7349,1.0999,94.0,3.9806,41.5391,-114.7222,5.5
4.8643,28.7,4.1532,0.7797,616.0,1.486,37.0225,-117.0756,2.2401
3.5995,27.9,7.2756,1.6887,686.0,2.9087,40.7042,-121.0617,1.1346
5.0069,8.2,8.297,1.4407,271.0,2.6395,33.0583,-122.6176,2.7567
1.9972,1.0,7.0624,1.2949,3246.0,3.8177,41.5538,-118.006,0.4225
2.5019,42.3,5.0692,1.2124,41.0,1.6989,34.2815,-117.5954,1.5019
9.2096,5.5,5.7822,1.2607,884.0,3.0192,41.8094,-119.422,4.4285
3.0218,33.3,2.45,0.5967,823.0,3.4459,34.168,-122.266,1.8443
2.3913,47.6,5.2324,1.234,693.0,1.4023,36.7215,-124.2002,0.9383
6.1842,11.6,3.7791,1.054,481.0,1.9548,35.4318,-121.7106,2.8444
9.1287,34.9,6.8887,2.3245,700.0,2.8959,36.6157,-119.6997,3.8494
6.899,5.0,10.6455,1.8265,961.0,3.6901,34.88,-116.2267,3.738
8.1468,31.8,6.4996,1.104,195.0,3.2317,41.6705,-115.5356,3.4482
2.846,9.4,1.5177,0.5,544.0,3.7591,35.4044,-120.1642,1.3772
1.9096,38.5,4.7775,1.2005,336.0,1.9508,38.7061,-116.1407,0.6071
11.032,16.4,5.745,1.7423,135.0,1.5912,33.8058,-114.0698,5.5
3.6928,24.6,5.6747,1.0957,826.0,3.1074,40.3317,-116.9756,1.047
3.8555,31.6,4.0384,1.2752,229.0,1.8372,37.6538,-116.8497,2.083
9.9435,9.7,5.9906,2.0055,90.0,2.1252,41.8047,-114.9499,4.981
6.2572,38.8,3.015,0.8354,235.0,4.3619,36.5223,-120.9495,2.8904
5.8916,16.4,3.6102,0.618,181.0,3.2402,34.3568,-124.3823,2.5236
15.0,34.8,6.7916,2.2348,1128.0,2.3935,35.7872,-114.1367,5.5
3.0462,9.1,3.4687,1.0701,470.0,2.2723,39.5012,-119.3501,1.2743
7.8202,36.1,6.5764,1.9741,1607.0,3.8511,38.7615,-116.2504,2.9047
4.6377,7.5,2.7611,0.5,207.0,3.27,39.8943,-115.9688,2.3969
5.2654,22.7,9.0297,2.7973,967.0,1.8481,33.198,-120.3261,2.7318
11.2131,13.6,3.9515,0.7017,6902.0,1.3783,38.0135,-118.8166,5.3144
6.0782,39.2,5.0527,0.9826,576.0,6.3771,41.3556,-118.8309,2.2407
6.1903,14.4,6.1612,1.6354,955.0,1.8423,33.5251,-122.1877,3.4978
8.5293,46.0,4.3693,0.887,807.0,3.7102,33.3962,-123.2648,3.8263
3.6003,46.5,5.7868,1.6334,97.0,5.4974,39.3077,-118.7925,1.3207
2.7087,11.0,6.6507,1.8064,725.0,3.1869,35.4942,-123.2385,1.3199
2.3944,32.3,7.4212,1.2737,548.0,2.3627,38.7565,-120.8661,0.9767
1.3774,5.5,7.083,1.9918,311.0,1.6982,37.6812,-122.5461,0.4565
15.0,21.0,5.1564,1.7263,167.0,1.6888,41.8676,-117.0774,5.5
2.3119,37.4,5.2067,0.9488,808.0,3.4927,40.946,-115.3439,0.4225
3.9245,34.6,10.1982,2.7475,153.0,5.3677,38.9417,-118.4319,1.8541
3.7959,32.9,7.3998,1.6159,3407.0,2.5646,34.9859,-120.1934,1.2225
5.3895,15.4,3.6564,0.8846,452.0,2.4054,34.9881,-114.0353,2.2697
7.3115,20.3,5.7,1.1822,119.0,3.9709,40.8813,-124.2773,2.8194
7.5104,6.3,4.8297,1.0665,241.0,2.2833,38.0607,-121.3044,3.6987
3.1587,37.7,5.2293,0.8146,305.0,3.3528,39.9982,-121.5739,0.9491
4.0541,26.7,3.041,1.0531,4502.0,3.0548,36.7737,-120.7599,1.7053
5.3098,37.1,4.6762,1.2858,167.0,2.5503,33.4792,-122.0787,2.8877
3.8605,13.7,9.1231,2.2821,359.0,2.9856,35.6605,-121.7252,2.0602
11.7565,17.5,6.6582,1.5097,236.0,6.0816,34.0309,-121.7944,5.5
6.017,18.0,1.0,0.5,665.0,3.826,39.9274,-119.1897,2.1781
6.9652,2.3,7.9334,1.7931,239.0,4.6506,39.1549,-120.3939,2.9774
6.6707,18.4,7.6793,1.7047,129.0,2.0803,33.3399,-117.7876,3.7897
9.0619,42.0,4.7814,1.1609,332.0,4.657,38.4032,-119.0988,4.3446
4.9959,46.8,6.9345,1.4229,299.0,3.8791,40.8043,-122.5741,2.2969
2.0583,27.4,3.7812,0.7033,223.0,1.649,39.125,-115.9945,0.7006
5.6963,24.2,4.5595,1.1915,235.0,3.7282,37.3556,-119.542,2.4485
3.0319,2.6,8.4971,2.7068,1319.0,2.4466,35.4627,-122.8911,1.2482
3.2636,45.8,4.9565,0.895,293.0,1.6188,40.9274,-122.7478,1.5951
6.3714,1.7,1.7605,0.5,130.0,3.1642,36.5166,-116.1318,2.3567
9.4213,49.2,5.3734,1.0713,254.0,3.7271,40.6262,-117.1186,3.5974
4.5393,26.0,5.3428,1.8483,426.0,3.192,39.9385,-119.1815,1.3008
5.3941,18.4,7.8967,2.4934,106.0,2.8758,40.2542,-121.2861,1.8516
12.4451,48.1,5.5287,1.4882,2051.0,2.6321,41.9031,-119.6645,5.5
5.1782,2.2,4.6568,1.564,961.0,8.0578,39.6132,-117.8169,1.9584
15.0,30.7,7.5901,1.8145,1686.0,1.8719,32.8234,-115.2675,5.5
6.2922,29.0,5.7416,1.9904,597.0,4.2596,34.4516,-118.6634,2.9055
1.5582,12.2,4.0,0.837,50.0,3.0228,32.8344,-121.5943,1.262
7.0428,22.9,7.81,1.5469,1873.0,2.1345,34.3042,-124.0512,3.6884
5.6333,34.3,5.8873,1.6344,170.0,2.9466,33.0837,-122.6577,3.4956
9.7168,38.1,5.5059,1.2423,185.0,1.7209,37.2654,-117.6731,4.7697
6.7121,1.0,5.8558,1.6119,472.0,2.3674,32.768,-122.8154,3.3134
4.1244,48.8,3.3587,0.7087,1601.0,2.9483,36.9895,-119.4438,1.3255
2.1499,9.4,4.4447,1.216,1157.0,1.6154,41.039,-117.161,0.7577
3.9534,12.9,5.5072,1.1298,999.0,3.6787,39.6115,-121.2636,1.8636
2.6904,14.4,5.1107,0.8187,295.0,2.0432,41.4676,-117.4744,1.1116
3.1635,2.9,8.0449,2.6743,291.0,1.6809,34.6531,-118.3987,1.6839
6.3799,7.3,5.9348,1.9386,570.0,1.95,37.5453,-119.8911,3.4923
12.2062,51.3,7.2098,2.4813,354.0,7.1734,35.5265,-115.0789,5.5
5.6792,17.1,5.5188,1.6187,982.0,1.3618,37.1913,-117.2334,2.7387
2.1869,6.9,7.6126,2.1813,925.0,3.5767,37.7922,-120.7137,0.6533
5.8519,6.5,6.2951,1.648,729.0,2.2241,32.8438,-116.0552,2.998
9.1887,37.7,5.5268,0.9682,32.0,2.6116,34.7159,-116.7499,4.7482
3.1085,44.6,5.4734,1.0282,459.0,3.8251,39.1953,-116.1873,0.9254
4.1354,14.1,3.5911,0.7466,362.0,3.7506,39.8428,-117.77,1.2657
4.5214,2.1,6.5138,2.1367,477.0,2.2881,37.9098,-120.5166,2.0307
2.7984,12.4,5.4196,1.0004,190.0,1.7452,35.0729,-120.8399,1.4935
6.6125,3.9,4.496,1.5043,107.0,3.853,36.3483,-117.6314,3.5087
4.168,6.3,7.7129,1.9634,641.0,3.747,33.4123,-123.1255,1.7711
5.7645,23.0,2.9996,0.8792,283.0,2.6805,41.5552,-115.8909,2.495
2.6314,12.7,4.655,0.8009,717.0,3.5851,40.7524,-120.6115,0.7899
3.4471,27.3,7.5554,1.5398,206.0,2.5135,33.1232,-117.8811,1.8386
6.9132,13.9,6.131,2.095,1662.0,2.158,34.0817,-119.2598,3.8772
3.5834,49.0,5.4043,1.0983,1098.0,3.0089,38.0204,-119.0471,1.4827
12.6313,47.2,6.002,1.2562,543.0,3.6973,34.7081,-116.7509,5.5
3.5262,29.9,5.8588,1.1104,326.0,3.3997,41.3768,-117.92,1.627
5.1285,19.1,2.4667,0.5,946.0,3.6828,39.6781,-121.8718,2.2772
7.8425,20.4,4.8015,0.9442,597.0,2.2161,35.0963,-123.7206,3.5961
1.9136,22.0,8.733,2.4319,512.0,5.6562,32.558,-115.6775,0.4996
1.5582,38.1,4.1814,1.008,1145.0,2.6197,40.0948,-115.2086,0.4636
1.7943,24.0,4.8634,1.2681,1680.0,2.8646,36.5289,-122.7728,0.6007
9.5596,44.7,4.4168,0.7706,115.0,1.7728,38.6026,-121.2505,4.4703
3.2184,49.1,5.326,1.6533,141.0,2.78,35.2263,-121.5354,1.8245
15.0,18.1,4.3338,1.3297,185.0,3.7169,33.8573,-114.6568,5.5
3.1946,29.6,6.4735,0.999,90.0,4.0755,38.9155,-122.3498,1.436
5.0065,5.8,5.8946,1.3363,379.0,5.6113,36.7781,-122.7513,2.4973
11.3052,11.2,7.0471,1.154,735.0,3.6991,34.7341,-122.5907,5.5
14.9342,22.1,3.3981,1.0481,395.0,3.3561,33.8075,-116.8364,5.5
15.0,11.5,4.8193,1.4335,236.0,2.513,38.0146,-115.1758,5.5
9.2537,45.7,5.0486,1.668,1244.0,2.3055,39.3927,-120.3696,4.3033
8.2849,9.1,6.4113,1.2648,464.0,4.4287,35.1969,-123.0712,4.296
6.395,24.2,3.9136,0.9442,568.0,4.3948,39.4839,-118.3499,2.5301
7.1493,31.9,7.3313,1.3702,1280.0,1.9527,34.2397,-122.2957,4.1544
3.2197,36.3,7.8728,1.7655,357.0,4.0118,35.7149,-123.8264,1.0981
2.7431,20.5,3.5223,0.8962,3166.0,3.8968,39.5764,-115.1946,0.6849
4.4726,45.3,4.5183,0.7259,258.0,1.9241,38.7714,-115.3562,1.964
4.0466,30.0,4.4361,1.2997,2975.0,3.7292,35.07,-114.2529,1.9634
3.4146,23.4,10.7648,2.7844,152.0,1.9742,33.6603,-119.523,1.5996
6.8062,4.4,4.6402,1.4653,677.0,1.1369,32.9035,-121.413,3.7188
7.9501,24.7,8.8553,1.8096,212.0,2.8178,40.4602,-116.4173,3.7467
4.7258,42.9,2.9667,0.981,1236.0,3.3305,33.2138,-122.6048,2.5777
10.8756,32.3,3.5207,1.2313,250.0,2.869,33.591,-121.9454,5.1098
2.2591,43.4,4.1268,1.3778,540.0,9.4578,34.7583,-121.8153,0.4309
3.9901,26.2,3.8086,1.1638,210.0,3.4957,36.7339,-114.508,1.4777
2.9151,7.0,4.9642,1.5512,1030.0,3.1863,40.003,-116.8369,1.1143
1.4624,1.7,4.0824,1.0808,209.0,3.5674,34.8511,-123.0962,0.5077
4.2648,16.5,3.8613,0.726,2172.0,2.518,37.6633,-123.5251,1.6457
4.166,36.6,7.8169,2.231,149.0,4.357,33.3585,-115.6504,1.4466
11.1125,41.3,7.9476,2.3251,105.0,3.4709,36.9129,-116.0761,5.5
6.5436,16.1,7.3986,2.5679,1045.0,3.4078,34.1876,-117.4546,2.8775
2.4242,26.3,6.548,1.6911,223.0,2.3405,34.5063,-122.4409,0.9526
13.6325,22.5,5.6855,1.1614,401.0,1.6068,35.9849,-119.457,5.5
9.3243,21.9,4.5059,1.292,292.0,2.4582,39.7328,-118.1714,4.0634
6.3551,12.8,3.5937,1.243,109.0,3.3637,39.5679,-114.7126,2.9564
3.9122,8.0,6.226,1.1546,374.0,2.5146,36.4422,-122.7211,2.0798
2.5202,11.0,3.1527,0.6785,1429.0,3.376,33.6274,-119.0878,1.2558
3.5847,3.8,3.5122,0.9075,1100.0,2.7375,35.1666,-122.8436,1.3238
8.6128,11.1,7.8058,1.4366,509.0,3.5688,37.3009,-119.8396,4.2587
13.8842,1.5,9.3013,1.4365,1227.0,2.0325,40.7594,-122.3986,5.5
11.3129,33.0,6.2866,1.3667,140.0,3.2451,41.6984,-115.72,5.5
3.3424,17.1,7.7129,2.4918,291.0,2.3248,38.556,-121.8253,1.7113
2.2893,50.6,5.0083,0.7948,599.0,1.6237,35.8315,-120.1204,0.9012
4.877,10.9,2.8247,0.666,354.0,2.8121,39.0878,-120.2182,2.4225
1.5511,18.6,6.7243,2.0337,315.0,5.554,35.6942,-115.4039,0.6237
5.4407,19.2,6.6386,2.2613,121.0,1.6763,38.442,-116.5431,2.2553
4.1019,1.4,5.6433,1.9588,50.0,3.1511,34.8158,-123.8955,1.5395
3.3885,43.8,5.0152,1.1755,914.0,4.1331,35.0364,-123.7956,0.9995
1.7215,2.6,7.4244,2.5249,515.0,7.5384,33.2146,-118.7124,1.0044
6.0992,48.9,3.5285,0.5543,994.0,2.4666,36.4913,-120.009,2.4807
3.2556,46.5,3.9524,1.1825,261.0,2.3331,38.3727,-121.6064,1.92
2.2212,28.3,3.4838,0.9704,198.0,1.8839,39.9936,-116.1775,0.5113
0.7998,28.7,5.6699,1.1334,406.0,4.7408,40.1983,-123.1493,0.2
4.4083,34.3,3.3242,0.8359,948.0,2.1234,41.9282,-114.2724,1.9787
12.9792,20.7,4.1315,0.7268,320.0,2.5903,33.3337,-124.2469,5.5
12.143,34.0,4.0885,1.326,899.0,1.4339,37.1848,-123.2586,5.5
3.4067,3.3,4.9788,1.1032,147.0,4.2784,37.4531,-121.2312,1.6392
3.1226,3.8,2.5253,0.695,343.0,4.7746,40.1431,-119.1539,0.7428
5.9374,24.3,5.6744,1.0314,376.0,4.2136,35.0304,-122.2306,3.0519
2.462,29.0,7.9946,1.5288,1375.0,1.5807,33.159,-116.7697,1.48
5.3713,46.3,5.771,2.0106,497.0,3.83,35.4807,-120.7458,2.335
7.0968,6.3,8.5826,2.5801,2312.0,1.5387,41.8473,-124.0953,3.2626
9.3573,43.0,8.168,2.7967,105.0,3.0747,41.0447,-115.2839,4.6873
4.2203,11.7,7.0555,1.4758,459.0,3.261,36.2548,-114.5894,2.1632
3.9661,21.1,5.6494,1.0333,483.0,3.401,40.8246,-118.0051,0.9551
2.6464,17.1,5.545,1.3897,750.0,3.7205,32.8112,-116.0314,1.5403
2.7288,21.4,7.0276,1.7494,179.0,2.9945,35.4849,-123.2283,1.6058
3.9123,8.7,4.7167,0.8725,2174.0,1.3703,39.4047,-121.6774,1.5513
5.5869,26.7,1.735,0.5147,409.0,3.7212,34.6038,-121.0851,2.5481
7.7535,41.9,6.484,1.4418,136.0,3.1238,34.3847,-114.4121,3.8981
2.7679,23.5,3.2379,0.6064,397.0,2.0937,40.6872,-119.1217,0.4473
10.9749,26.0,3.5757,0.7738,295.0,1.6036,38.3516,-124.4222,5.2053
3.8088,44.3,5.5004,1.4451,6524.0,5.5623,41.8957,-120.508,0.4708
4.4246,37.0,5.3098,1.5679,1153.0,4.9161,33.7794,-124.4186,1.8476
2.8624,26.0,2.6758,0.6593,424.0,3.9844,35.8832,-122.003,0.9439
1.0465,14.1,5.831,1.4876,361.0,2.2921,35.4565,-119.7256,0.7378
7.6173,46.1,7.4323,1.3214,1044.0,1.0977,40.8613,-121.1044,3.3852
6.9734,30.4,3.2433,1.0798,1095.0,4.0791,34.9253,-124.1563,3.4041
3.7856,12.3,8.045,2.7011,22.0,3.4788,35.8579,-123.2785,2.0542
4.6655,14.7,2.3797,0.6822,767.0,2.5861,33.8569,-118.7157,2.6249
6.1078,42.0,9.7346,1.4945,415.0,4.7111,39.8663,-117.1961,3.2611
1.755,3.3,4.6775,1.2041,109.0,4.2173,34.7582,-120.2522,1.2583
3.2627,51.6,5.7912,1.5975,973.0,3.2234,33.149,-116.8194,1.1711
7.2179,7.6,1.7159,0.5987,3813.0,3.0466,36.6335,-122.785,3.0911
2.1116,41.6,5.3757,1.8773,704.0,3.066,36.2189,-123.2184,0.613
5.3449,21.1,5.957,1.9153,1212.0,3.9431,34.1873,-115.6857,3.4606
1.9859,26.1,5.3277,0.8672,2451.0,2.1319,33.7692,-120.9383,1.0599
5.929,45.9,4.3738,1.49,176.0,3.5623,41.0173,-119.9614,2.882
4.3869,22.1,3.6069,0.983,63.0,2.0787,33.1445,-114.5504,2.3996
1.7005,28.4,7.7611,2.4073,778.0,5.1275,33.4435,-120.0468,0.2
9.0146,3.5,5.5616,1.2872,315.0,3.7168,34.8279,-124.4634,4.1972
2.8842,1.1,8.5815,1.8359,102.0,2.2812,41.552,-114.6513,1.1239
2.7562,13.5,4.447,1.0791,373.0,3.1026,33.3112,-124.3518,1.2501
5.0548,35.7,4.6304,0.8306,835.0,2.135,40.2521,-117.546,2.3025
8.9279,7.2,7.1312,1.5789,348.0,5.483,40.9745,-121.1096,4.1116
2.4364,6.8,2.2541,0.7247,184.0,5.7497,36.0897,-119.5609,0.2
4.6507,22.0,3.0731,0.5,323.0,3.9689,35.292,-118.7535,2.0002
5.7967,34.0,7.695,1.3864,396.0,5.5994,38.9351,-120.2112,2.3175
6.7928,37.3,3.1561,0.5524,59.0,3.1922,39.175,-116.3691,3.438
4.9822,10.1,1.8619,0.5,350.0,4.0772,39.9098,-114.7276,2.1335
3.5959,5.1,9.2371,3.2274,105.0,4.9032,40.3904,-123.5927,1.3953
2.7277,49.0,2.7124,0.5009,780.0,2.9973,35.0498,-116.0973,1.1684
4.7194,14.3,5.8682,1.051,85.0,3.0908,39.0261,-123.149,1.6575
2.3554,44.5,5.6382,1.8776,1111.0,4.3643,33.7816,-123.6571,1.1073
0.7766,45.0,1.0,0.5,268.0,3.8907,37.3519,-114.4638,0.2
5.8237,40.4,4.9654,0.7768,234.0,2.2207,38.3224,-119.3624,2.4944
7.7088,9.6,6.3968,1.9212,542.0,1.2527,34.0365,-122.8977,4.4412
1.0857,42.9,6.2086,1.7452,170.0,2.8005,33.2268,-118.5155,0.6714
2.4453,40.2,7.307,2.218,533.0,1.2985,34.3501,-121.736,1.1685
6.498,31.4,4.725,1.1761,194.0,2.021,36.4956,-119.6248,2.9977
15.0,18.2,6.925,2.4118,231.0,2.1176,40.9345,-117.9411,5.5
4.538,14.4,4.1213,0.6543,605.0,2.393,37.5532,-115.3727,2.1791
2.8956,7.2,2.6791,0.5274,129.0,4.1711,39.6107,-124.4676,0.9945
4.0159,27.0,2.9045,0.666,114.0,4.5497,34.1544,-122.2515,1.3874
10.2259,30.8,2.5758,0.6181,517.0,3.6821,33.5068,-123.4892,4.5934
3.0417,19.3,7.5192,2.5135,393.0,3.869,34.7764,-123.4805,1.2181
2.7745,25.2,2.4709,0.6474,478.0,3.9057,35.4819,-114.5693,1.0132
3.3547,19.5,6.0481,0.9618,560.0,1.1066,37.707,-114.6711,1.6878
2.5295,33.7,4.9682,1.1505,427.0,3.0164,40.8718,-116.6323,0.8138
4.824,47.0,5.2947,1.2352,741.0,1.4644,36.5479,-117.7478,2.3012
11.8794,9.4,8.2272,2.8227,445.0,3.6827,37.4286,-115.5963,5.5
5.4404,20.5,4.6231,1.2475,54.0,1.3005,32.5438,-123.8867,3.2027
3.852,8.2,6.7232,1.8632,70.0,2.795,32.8165,-123.2454,2.4504
3.7619,32.9,5.5751,1.6316,2774.0,3.7401,33.2958,-121.1703,1.7018
1.7543,38.2,5.196,1.5796,403.0,1.9211,39.1404,-115.7588,0.6797
7.6131,48.5,10.0999,2.7978,1043.0,4.4136,37.1188,-119.5416,3.6739
4.2772,15.2,2.6173,0.5168,286.0,3.679,34.3331,-119.2125,2.023
4.0217,49.5,8.0783,2.6239,381.0,3.4985,38.1297,-122.0927,2.0089
15.0,4.2,6.8128,2.0195,256.0,3.9717,37.6738,-117.6919,5.5
5.3615,31.8,4.541,1.3549,4750.0,2.6021,33.3436,-115.1777,2.4551
2.8546,3.9,8.7586,3.0595,520.0,3.1924,38.5839,-121.0401,1.3347
3.4701,46.6,1.8038,0.5601,236.0,3.0163,39.788,-117.9985,0.7029
8.9269,28.0,4.4565,1.4075,77.0,2.9891,35.2223,-121.0145,4.3819
4.7969,35.1,3.083,1.0491,2904.0,2.296,39.0311,-116.1764,1.427
1.8909,43.4,6.3242,1.1398,343.0,1.8276,34.3973,-119.5129,0.8818
7.7799,8.7,3.2739,0.817,849.0,2.6255,39.6889,-120.9356,3.4739
3.0015,3.0,6.3661,1.6941,950.0,2.5682,41.1619,-120.0895,0.7334
13.7905,45.8,5.1271,1.1067,254.0,2.2374,36.6977,-123.5421,5.5
8.568,17.1,4.5413,1.4436,790.0,4.2242,34.8239,-115.4058,4.0471
3.4267,7.6,6.2773,1.8988,220.0,1.8797,36.2922,-114.4403,1.988
9.666,24.9,4.9628,1.4599,150.0,2.805,34.8757,-119.4872,4.6475
4.6679,31.5,3.3227,1.1611,1293.0,4.79,32.5118,-122.176,2.0891
7.4757,2.6,11.1027,2.2414,344.0,4.3217,38.6793,-117.5211,3.619
5.9945,15.0,4.5257,1.3445,678.0,4.8867,32.904,-119.75,2.6626
2.6971,2.7,1.0648,0.5,608.0,2.3719,34.4987,-121.8508,0.7023
3.0461,22.4,3.8158,0.8112,764.0,4.1112,39.3633,-124.0965,0.9974
8.3143,46.7,2.9654,0.5401,85.0,1.9637,38.8244,-115.1581,4.1178
3.6661,51.1,7.1523,2.3544,225.0,2.6903,33.1966,-116.1343,1.6128
3.5177,33.5,6.1433,1.6531,292.0,2.7935,38.7705,-115.7954,1.4705
2.5267,9.2,6.2974,1.9836,176.0,2.3861,41.3405,-119.8817,0.9861
5.7786,47.2,4.76,1.2332,620.0,2.5994,33.2078,-116.5908,3.182
15.0,27.3,4.9413,0.9586,1322.0,2.4661,36.449,-118.3971,5.5
2.3619,8.8,4.7581,1.0349,1549.0,2.028,39.4296,-120.5649,0.9671
4.5473,48.0,5.3376,1.2079,287.0,4.2315,38.8434,-115.6512,1.8495
10.4576,39.6,7.1707,2.4709,540.0,2.7927,34.6519,-114.013,5.0457
4.2726,38.3,6.1722,0.9328,630.0,3.2562,34.0491,-115.0575,1.7495
5.8792,37.2,6.5002,2.2564,751.0,3.2076,39.9503,-116.35,2.4711
2.3692,11.2,6.4991,2.2493,168.0,3.0707,41.5843,-116.6512,0.9621
5.7949,11.8,7.2689,2.5385,2491.0,3.1178,39.792,-117.6724,2.4723
4.0057,36.1,6.0763,1.4906,1019.0,2.6587,41.6504,-115.537,2.0184
8.0965,12.2,6.2177,2.1312,1046.0,5.2982,38.2475,-119.3226,3.8365
9.1379,23.4,7.8776,1.8049,1344.0,4.0727,41.3264,-122.5918,4.4581
15.0,40.9,4.1699,0.6474,688.0,3.0263,39.0591,-116.4355,5.5
6.3457,41.0,3.7885,0.7383,144.0,2.5122,41.1344,-114.8452,3.2522
5.4492,24.1,3.1282,1.0606,351.0,2.8647,34.0351,-120.9158,2.6971
5.0361,41.4,5.8658,0.896,77.0,3.5504,40.2479,-116.2787,2.2902
3.6259,43.8,1.7925,0.5,611.0,5.4738,34.3691,-121.6259,1.5869
5.4909,34.4,6.4243,1.0608,341.0,1.7346,32.7606,-114.6027,2.9663
3.7538,12.6,5.2816,1.0948,387.0,3.9115,37.4171,-117.3237,1.3
4.9584,15.0,7.7693,1.3023,1345.0,4.7147,35.5234,-118.5226,2.6877
9.8805,17.1,4.1562,1.3379,255.0,1.6575,32.9135,-116.3114,4.843
2.45,7.0,5.0934,1.3661,314.0,2.7942,41.8129,-115.9611,0.564
8.8811,14.9,7.7444,2.5589,412.0,1.9624,38.8314,-115.1301,4.2962
9.8776,11.7,8.2663,2.378,64.0,3.5687,41.0672,-115.0382,4.5512
4.1752,24.2,4.1397,1.4249,309.0,2.603,41.9913,-123.9467,1.6495
1.2547,47.3,5.8636,1.4775,34.0,2.8518,36.2237,-123.2095,0.4876
3.1121,6.3,6.0888,1.6911,225.0,2.5487,34.92,-115.8264,2.011
9.7591,37.7,6.2473,1.6572,949.0,4.0071,34.2469,-114.5665,4.83
4.4206,36.1,4.9748,1.2281,631.0,3.2924,37.3943,-121.2694,1.6684
2.4606,5.9,8.0628,2.5736,223.0,3.2949,38.2578,-124.4097,0.888
3.3106,48.1,1.7206,0.5,420.0,3.2035,36.988,-121.1116,1.147
7.4214,30.0,4.6577,1.4451,138.0,3.7773,36.1789,-120.4799,3.3601
6.2217,19.6,6.3959,1.9653,402.0,2.7053,34.0986,-116.5091,2.9928
3.8831,39.6,6.4144,1.2073,7558.0,5.9317,36.6977,-124.0004,0.4705
3.5963,14.1,8.2055,2.2978,2555.0,1.8332,33.3098,-122.2673,1.9211
3.5429,36.4,7.8965,1.4998,425.0,1.5063,40.718,-115.1133,1.5178
2.5768,3.0,4.9289,1.3144,473.0,1.4572,32.9456,-122.8744,1.2003
11.8133,43.8,8.0997,2.3124,151.0,1.3076,36.1161,-116.5279,5.5
3.6936,23.9,4.0719,1.4229,181.0,3.9325,33.4513,-120.7062,1.9662
9.3026,33.5,7.3618,1.1492,580.0,3.7455,39.8623,-117.5421,4.2572
11.1651,12.3,9.121,1.5346,239.0,4.8701,35.471,-123.7246,5.5
8.1579,35.5,7.9299,1.3116,996.0,1.9686,33.5745,-121.4911,4.8913
3.4592,40.4,5.7115,1.3118,1939.0,4.0478,37.5492,-120.0397,1.4049
5.7101,25.1,4.8364,1.5202,563.0,3.0732,41.2046,-115.4993,2.2713
4.4171,32.5,2.4428,0.7788,447.0,3.2112,41.1321,-118.5833,1.7428
2.6059,24.3,6.1211,1.8204,75.0,3.8584,34.8717,-124.0251,0.8334
5.4446,46.6,3.2696,1.0769,852.0,2.22,39.3368,-116.0804,2.0639
2.2091,26.4,3.9137,0.8398,129.0,8.4562,32.7877,-123.9275,0.2
9.1395,43.9,3.1185,0.5228,266.0,5.1179,33.7526,-114.6892,4.0524
3.3914,41.9,4.5792,0.7401,1053.0,2.4286,37.245,-122.277,1.0811
5.0566,21.9,5.4441,1.7444,1130.0,1.942,34.6732,-119.3768,2.6832
5.312,12.7,6.0472,1.7905,253.0,2.9004,40.0835,-123.741,2.167
3.8369,21.7,4.299,1.2455,268.0,3.2314,41.3452,-118.602,1.5559
6.3727,43.1,7.6386,1.6647,200.0,4.6009,32.5412,-119.2791,3.3826
3.3705,12.6,5.0836,1.1488,122.0,1.8823,34.7127,-120.1924,2.1336
7.5593,27.7,3.9246,1.3407,214.0,3.3676,36.6758,-124.1265,3.4188
1.9985,42.1,5.9526,0.9688,80.0,1.6297,37.8493,-115.2712,1.0536
4.8347,19.0,9.4271,2.8729,799.0,3.5771,41.2011,-116.0723,2.1909
14.3444,33.8,6.1703,1.3077,599.0,2.8777,40.9729,-117.8532,5.5
2.4591,13.5,4.7743,0.7534,707.0,6.5187,38.5531,-118.4916,0.846
2.9843,6.6,2.4451,0.7299,155.0,1.6187,34.9452,-117.2031,1.8884
6.1003,41.5,5.0612,1.0941,122.0,5.1978,39.9412,-122.9881,1.998
4.9916,6.0,5.9699,1.7577,426.0,1.5196,34.4252,-114.7072,2.4468
5.5311,14.8,4.7248,1.3774,430.0,1.7667,41.6691,-121.5109,2.7734
6.0105,44.6,2.1692,0.5574,348.0,1.536,32.5555,-117.6069,3.2102
6.559,18.7,3.7989,1.1605,302.0,3.3206,37.9128,-118.1291,2.9403
8.7217,50.6,8.4091,2.2386,2232.0,1.8786,33.3398,-117.8156,4.2202
5.731,51.0,8.368,1.7349,618.0,1.7518,36.3722,-115.271,3.1436
3.8777,14.7,3.7267,1.1062,2895.0,3.258,38.5319,-121.3929,0.7658
6.7096,3.1,6.8455,1.8334,1435.0,3.5992,39.0512,-116.636,3.2492
14.0122,37.0,3.1429,0.5,2216.0,3.0524,39.9629,-118.2169,5.5
4.1389,24.0,8.3086,2.7446,138.0,2.8154,38.1366,-123.7014,1.8283
2.4975,6.1,5.9905,1.5523,730.0,6.2436,34.8875,-120.1514,1.0329
8.7081,37.1,7.3993,2.3953,262.0,3.1846,40.9479,-115.7015,3.8961
4.1694,2.6,2.0698,0.6759,76.0,4.1465,40.2055,-121.1889,1.5821
1.217,45.4,6.8553,1.6384,1801.0,3.1809,34.0205,-119.4362,0.4319
7.4518,8.1,5.4847,1.3796,301.0,1.9364,40.3519,-119.3693,3.7608
3.2505,7.5,7.2039,1.6796,140.0,3.7433,41.7401,-118.0109,1.3256
4.2447,10.0,7.3297,1.7583,267.0,2.311,38.5536,-115.2178,1.4904
5.4695,50.0,5.6316,1.853,182.0,2.8968,35.1771,-122.6778,2.2079
5.0244,36.4,4.2983,1.3223,202.0,3.3945,38.2626,-119.2015,1.8535
6.8598,41.9,7.0594,1.2375,323.0,1.3819,35.7541,-120.0452,3.6784
3.4512,21.3,5.3797,1.4636,2277.0,1.5781,38.9215,-121.3928,1.5789
6.0974,18.2,3.7544,1.311,207.0,4.3223,37.6756,-114.8441,3.1621
3.8354,13.0,3.6597,0.9849,2120.0,2.3037,41.3302,-124.4142,1.0721
6.9817,25.5,2.5457,0.782,943.0,2.3478,38.3701,-123.2179,3.531
6.4832,29.1,4.4794,1.3609,600.0,3.211,34.5328,-116.7999,2.5138
2.5567,33.2,7.7054,1.6957,852.0,2.5747,39.3885,-121.7339,1.0726
8.5985,14.1,5.8557,1.3138,409.0,3.5503,35.3583,-116.9066,4.271
3.2492,49.4,4.4405,1.3091,1460.0,2.9434,35.0877,-115.7613,1.4233
7.2778,9.7,7.1097,1.7774,711.0,3.2526,36.2219,-121.8265,3.4536
5.5866,50.2,3.835,1.0129,76.0,2.2688,32.614,-122.4846,2.8642
13.503,1.8,5.6907,1.665,543.0,3.246,41.7068,-122.9743,5.5
3.9193,25.5,5.1407,1.5706,884.0,4.6741,37.5571,-122.3991,1.7787
3.6343,18.0,7.0583,1.442,302.0,2.3938,39.8482,-121.6946,1.7393
4.4298,23.9,2.3455,0.5,458.0,4.3324,34.9496,-115.3781,1.9965
3.7363,30.1,3.7996,0.7917,219.0,2.9428,39.5929,-116.415,1.4368
7.2425,23.2,2.2235,0.5592,102.0,4.0301,37.8881,-124.4806,3.1076
1.6993,22.2,4.9808,1.0879,86.0,3.163,36.5294,-115.3217,0.867
2.3816,38.4,7.9229,2.089,87.0,2.9643,41.7214,-123.6725,1.3625
2.3616,36.0,4.4891,0.7214,788.0,3.4552,37.1915,-117.6197,0.4525
7.9263,43.5,4.4786,1.1284,33.0,4.8814,38.7459,-122.9095,3.0429
12.508,13.7,7.2434,1.6196,207.0,3.3017,32.6458,-123.8461,5.5
4.2094,32.1,7.6371,1.9622,188.0,3.6379,35.3638,-116.5224,1.9435
4.05,30.8,5.3229,1.2482,304.0,2.5925,40.9426,-119.5944,1.7299
4.6741,19.9,6.8694,1.4209,63.0,5.6314,39.7101,-118.2098,1.8719
8.9991,25.8,3.3461,1.107,604.0,3.8812,37.5992,-120.0338,4.2791
2.5692,17.0,8.2559,1.5435,113.0,3.099,41.0515,-123.7947,0.992
5.1708,8.2,9.7974,2.8047,1252.0,2.8603,37.1191,-116.734,2.167
8.0455,11.9,6.5424,2.1912,217.0,4.4423,37.8818,-115.8863,3.4915
6.0536,6.4,1.3313,0.5,367.0,2.3573,36.1305,-124.0651,2.7836
5.0216,35.8,4.3835,1.4259,405.0,1.4723,38.3904,-120.555,1.9675
8.1713,34.7,6.7257,1.1768,515.0,3.0924,35.5305,-118.6482,4.0071
0.8852,49.5,4.657,1.1585,419.0,4.8356,36.1622,-118.1456,0.2
6.731,38.2,8.0444,1.942,263.0,5.6776,41.6801,-118.4294,2.6782
3.0269,3.7,6.6763,1.0123,569.0,2.878,33.5574,-117.2241,1.6897
1.4942,46.1,4.087,0.9754,643.0,3.057,33.4999,-114.3484,0.2
6.0904,45.0,5.5645,1.2454,188.0,3.6981,32.9115,-120.3988,2.7135
10.2185,23.6,3.7123,1.0542,618.0,2.7027,35.5404,-118.6555,4.6036
4.1269,30.9,5.1348,1.7339,1328.0,3.6935,36.2832,-117.1597,1.9867
7.9385,50.8,4.3908,0.734,817.0,2.9033,33.3979,-118.2795,4.5578
11.7914,28.1,7.8495,1.6915,1025.0,4.5021,37.7167,-120.4391,5.3114
9.8646,47.2,9.732,2.3241,479.0,4.0116,38.0414,-117.9472,4.6599
11.9889,5.2,2.6376,0.6358,158.0,4.1541,39.6348,-117.6738,5.3194
6.9956,10.7,1.6536,0.5043,180.0,2.7673,41.7717,-118.3578,3.0719
4.6892,23.5,5.0097,1.1957,556.0,6.4907,38.3838,-122.3463,1.544
1.714,30.8,2.4632,0.5,1036.0,3.6458,33.5607,-119.1872,0.6872
3.8665,42.6,5.5924,1.6331,6541.0,3.3165,33.341,-115.2143,1.459
2.7022,51.4,6.9979,2.2881,1077.0,2.2158,39.8867,-115.3797,0.6659
15.0,20.8,8.4883,2.1457,125.0,2.8898,38.6782,-116.6167,5.5
4.0328,3.4,5.9028,1.5715,187.0,3.1448,34.0382,-117.1794,1.5185
4.8255,41.9,5.1137,0.9337,3938.0,2.1923,34.9069,-122.8906,1.962
6.2394,31.8,1.5432,0.5,326.0,2.6727,39.6273,-119.6756,2.5849
4.6005,11.1,5.5524,1.094,423.0,2.8114,37.8785,-123.335,2.0757
12.3917,26.2,5.6426,1.3325,154.0,3.0721,38.0575,-115.9185,5.5
3.0846,38.9,6.7779,2.2749,1930.0,1.4843,34.4951,-121.444,1.3478
5.0368,40.3,4.083,1.0385,665.0,2.8459,38.4761,-116.4479,2.0957
2.8706,26.5,4.6299,0.8724,186.0,2.5833,39.821,-115.9469,1.2324
2.0299,16.6,2.544,0.517,149.0,2.9792,40.9099,-115.1288,0.6599
3.1048,50.7,1.0,0.5,549.0,4.5454,39.4988,-116.5848,0.8813
4.3832,34.8,3.283,0.9017,422.0,6.8275,37.9756,-118.5703,1.3042
3.464,21.8,2.3593,0.5615,927.0,3.9407,38.896,-118.2191,1.5264
2.9581,15.3,6.1734,1.4106,697.0,1.8335,37.1086,-121.1339,1.8998
1.9275,38.3,4.4637,1.1737,310.0,2.6165,34.6555,-122.6415,0.5015
4.2637,13.4,4.4235,0.8775,234.0,3.8129,40.881,-123.1283,1.7417
1.817,9.8,3.5312,0.5854,344.0,3.6449,37.5599,-122.5888,0.4748
7.0712,28.0,1.0,0.5,233.0,4.459,38.146,-114.6935,3.2608
4.7089,15.8,8.5166,1.7055,354.0,2.8894,41.906,-122.7735,2.1071
1.8691,33.1,3.4995,0.589,410.0,2.5976,41.8576,-116.9008,0.4921
3.7228,7.0,4.6752,1.0158,164.0,6.0555,38.07,-122.5614,1.5135
2.854,34.4,2.5902,0.7889,758.0,3.0755,32.8226,-114.2595,1.1924
5.4276,15.4,7.4439,2.183,279.0,2.0004,36.2634,-120.6509,3.28
10.0169,1.0,5.7869,1.5751,174.0,5.4198,41.4043,-120.1726,4.6061
1.4548,7.5,3.8473,1.2331,284.0,1.6513,35.2389,-120.2526,1.0295
4.8019,48.6,4.7155,0.9734,514.0,1.0,41.9931,-115.9272,2.0334
4.0711,45.2,8.8564,2.8961,438.0,4.0868,33.301,-122.2079,1.9676
6.7047,12.9,5.3541,1.2306,615.0,4.3244,37.8971,-115.7742,3.2496
5.0933,40.7,5.1365,1.1823,991.0,3.5452,37.3968,-117.6009,2.4147
2.8543,32.0,3.6172,0.8358,1488.0,1.7843,34.9259,-122.1871,0.9124
3.7009,50.5,1.7108,0.5,537.0,2.9343,41.5118,-123.8132,1.2805
2.7798,20.1,5.1799,1.7876,138.0,2.6878,38.3821,-116.3626,1.3277
8.5472,35.8,6.151,1.093,308.0,2.4232,34.6872,-122.2009,4.2693
4.5394,4.2,7.6992,1.6798,148.0,5.2848,36.1485,-115.1648,2.192
14.0232,21.2,1.003,0.5,2201.0,1.9765,39.3517,-123.1373,5.5
4.3215,50.2,3.2498,0.536,2944.0,3.4091,35.3281,-118.0282,0.9758
2.9299,28.5,4.3385,0.7829,773.0,4.8434,40.8563,-117.2322,0.4458
1.8072,15.7,5.493,0.8732,952.0,3.4993,34.0739,-117.5941,1.1056
1.5191,7.1,5.2099,1.0862,519.0,4.9355,35.0128,-121.1817,0.443
1.7324,36.9,5.2566,1.6996,582.0,3.764,33.8765,-115.307,0.7658
5.2608,33.9,6.3162,1.3762,82.0,3.5671,33.4897,-116.417,2.6329
6.0814,20.1,3.6934,0.6454,375.0,3.479,35.353,-119.1428,2.6088
1.7355,49.5,7.3683,2.0568,167.0,3.8396,41.9922,-118.1654,0.2645
7.6677,2.1,6.3669,2.2241,535.0,2.5748,33.3961,-118.5531,4.0269
3.354,16.5,4.8603,0.9549,380.0,1.7847,34.5235,-114.5597,1.8855
4.8943,48.0,8.7018,1.7918,2827.0,4.4001,35.0804,-115.0877,2.7445
11.791,17.4,8.6128,2.966,1009.0,4.7812,38.3817,-122.0273,5.3813
7.676,13.9,7.3658,1.3682,536.0,3.3227,39.5808,-121.741,4.1101
3.8148,28.2,1.0,0.5,309.0,2.4125,39.6434,-114.1949,1.2185
2.6255,43.0,8.6579,1.7137,2156.0,1.6111,32.582,-122.0161,1.5819
1.2323,6.3,7.0895,2.3854,392.0,3.1091,38.6926,-114.4885,0.4814
2.911,49.1,9.5128,3.2943,562.0,1.7514,38.492,-117.6776,1.3575
3.9484,41.5,7.9749,2.4957,421.0,1.656,37.4177,-123.9739,1.9598
2.4786,10.2,8.6567,1.8435,269.0,2.9794,36.1025,-120.9749,1.1111
4.1423,37.3,7.2573,1.6742,418.0,2.2133,40.0757,-119.5004,2.1466
4.6932,20.6,8.1974,1.6269,57.0,3.4491,35.7669,-115.7525,2.1084
3.9161,21.5,9.4882,3.1136,86.0,2.8187,34.6851,-121.0499,2.1854
3.0344,40.9,5.9331,1.9752,572.0,2.3569,35.4459,-121.2389,1.6645
4.9589,50.1,2.3555,0.5507,1936.0,1.519,36.6767,-114.8372,2.561
5.8425,7.5,4.8851,1.3742,571.0,2.1358,34.5335,-123.6701,3.2398
2.3297,22.5,6.2799,1.1499,196.0,2.1674,38.2719,-118.709,1.2597
10.4496,25.5,5.6498,1.3389,95.0,1.8402,40.9,-119.2055,4.8228
4.2243,20.2,3.0069,0.8308,884.0,2.6337,38.1569,-123.898,1.5435
4.5327,19.5,2.2379,0.5082,229.0,1.8986,36.7433,-123.5785,1.7774
6.8547,3.7,4.0177,0.89,768.0,2.8137,40.0703,-120.4893,2.7034
5.1548,36.0,7.1155,1.0687,596.0,3.3074,39.6064,-123.0913,2.2974
7.9398,23.2,8.6607,2.6922,651.0,2.1588,35.9871,-119.4802,3.8002
5.3243,10.9,7.3331,2.4043,417.0,3.5614,38.2395,-118.1067,2.8107
3.1035,42.6,7.6149,2.6187,592.0,1.7427,39.4335,-117.2403,1.2137
5.5673,41.9,5.3384,1.5687,358.0,1.9254,34.8319,-118.7621,2.8123
2.2564,25.8,2.0158,0.5236,214.0,2.8712,35.9796,-120.5136,0.8196
4.7833,16.2,4.5896,0.9356,154.0,3.9544,33.5049,-123.1375,1.894
4.3932,33.5,4.9825,1.7432,37.0,4.2502,41.883,-121.9014,1.9629
3.9556,15.7,4.5059,1.2074,337.0,5.7257,33.3158,-120.0961,1.91
4.149,13.0,5.6094,1.6056,1843.0,2.5841,34.1018,-114.7968,2.21
1.449,38.3,6.3828,1.8286,837.0,2.8548,37.0584,-122.3727,0.7004
3.2245,3.1,7.206,2.2991,507.0,1.9876,40.7201,-120.1599,1.2112
4.7384,5.8,4.9438,0.7511,194.0,1.8194,35.8809,-116.8108,2.2073
4.9328,1.3,1.6925,0.5,1094.0,3.2918,39.8017,-117.0954,2.0853
2.4191,8.8,4.5342,1.2837,358.0,2.2026,38.9223,-114.3613,1.478
9.5776,4.5,5.5874,1.8384,1949.0,4.9182,38.5673,-122.4955,4.3363
2.6652,51.8,7.9456,2.2809,151.0,1.6737,40.5277,-124.3265,1.4698
8.0179,15.7,4.3644,1.0156,191.0,3.6493,32.6346,-121.1156,3.8316
5.7911,8.6,6.5251,1.4506,173.0,2.0091,41.327,-122.9282,3.0413
3.0412,13.3,6.0802,1.8094,92.0,2.1637,40.3776,-118.7411,1.2054
13.0031,48.7,5.5878,1.6665,158.0,3.7272,41.4097,-115.0628,5.5
2.1898,27.5,7.3611,1.9979,447.0,2.2925,40.0391,-117.2736,0.7922
7.7795,19.6,4.1783,0.8703,198.0,2.4441,40.8466,-123.0741,3.8349
8.169,45.5,4.3496,1.4573,9.0,2.1709,34.4292,-123.2811,4.334
2.997,21.1,5.4762,1.4259,1181.0,6.135,35.5327,-114.9298,0.5717
10.3344,18.1,4.2197,1.3001,75.0,2.3467,35.4946,-119.3801,5.5
3.8573,11.6,6.516,1.2567,727.0,3.0668,33.5371,-114.8014,2.6877
5.3293,20.3,4.0736,0.8913,416.0,2.7711,39.431,-116.7697,2.2453
5.2393,17.2,5.9526,1.9341,3352.0,3.2824,33.7936,-114.0698,2.2644
4.1347,35.5,5.2997,0.8481,1093.0,2.3493,32.9988,-115.3521,2.455
7.2899,15.8,5.9299,1.4971,244.0,2.7723,39.8667,-120.1508,3.4251
7.2145,30.4,4.5805,1.1284,200.0,3.5169,41.0943,-116.5386,3.1527
1.5697,4.4,4.8218,1.4477,1813.0,2.1272,39.7592,-119.5521,0.9964
9.8022,10.8,5.692,1.1747,92.0,4.6447,40.3408,-122.0527,4.0702
1.6529,21.8,5.9041,1.1443,488.0,4.8268,38.1584,-121.9692,0.2062
8.3272,48.8,5.4916,1.8409,354.0,3.829,40.9336,-120.3281,3.7774
8.8112,20.2,8.9107,2.3555,286.0,3.0893,37.2187,-123.3296,3.8821
2.329,34.9,3.5185,0.6014,575.0,1.0,41.8891,-122.6335,0.7328
3.5026,14.0,5.3716,1.0131,488.0,3.5598,33.4824,-119.2436,1.6078
2.3085,7.5,2.3527,0.8229,637.0,2.5689,40.1872,-114.4838,1.0325
3.9395,4.0,6.2442,1.1809,464.0,2.7223,38.5932,-118.4343,2.0363
3.7254,16.6,3.2695,0.8896,613.0,1.4064,38.0161,-120.2108,1.1998
7.1549,9.0,4.9434,1.1569,443.0,3.6599,39.3952,-121.9516,3.0223
9.8373,9.9,4.7559,1.5557,209.0,1.683,40.4828,-122.443,4.5042
10.3544,39.8,6.0618,1.8248,405.0,3.1499,40.6974,-117.5867,4.7224
3.1986,1.8,4.3944,1.1838,197.0,4.314,34.1661,-115.5926,1.1293
3.953,29.4,4.3094,0.6557,185.0,2.49,34.3718,-120.312,2.1062
1.6322,20.4,8.3717,2.7288,288.0,4.8862,32.6536,-118.7181,0.5765
2.7634,26.8,6.0691,1.4501,358.0,2.2282,33.7525,-117.0794,1.6538
7.9958,29.7,4.3779,1.4724,418.0,3.8197,35.0069,-123.8879,3.7735
11.8148,17.0,4.9983,1.2451,1009.0,1.7826,39.3498,-120.8156,5.385
2.137,16.1,8.7907,2.5392,245.0,4.5378,37.0198,-116.8376,1.3116
3.1409,38.4,5.0297,0.8242,491.0,4.2648,39.7001,-117.3115,1.5269
4.4112,45.4,4.1214,1.2324,454.0,3.6231,37.1221,-123.9398,1.9448
5.3021,10.8,4.13,0.8987,220.0,2.5669,37.7782,-122.0029,2.4106
2.7573,6.0,4.4017,0.9696,434.0,1.7146,33.5551,-117.3604,1.1884
5.7802,46.8,4.311,0.749,1100.0,2.5696,39.8773,-121.6501,2.7927
3.3726,18.8,2.9407,0.5275,486.0,4.6839,39.7022,-115.9487,1.3692
4.443,29.1,3.2516,0.6085,506.0,3.1645,35.4218,-124.1902,1.7692
6.22,19.3,3.8414,0.8284,199.0,1.6141,35.6215,-122.5014,2.9118
4.499,7.4,6.6831,2.1947,2890.0,1.9157,34.587,-121.5462,2.2582
3.4493,31.1,4.7375,1.0596,211.0,4.9593,40.2315,-114.7845,0.8258
4.1964,27.8,5.0857,1.4996,76.0,3.6516,39.5966,-116.1387,1.5466
4.2503,11.4,8.0402,1.3391,954.0,1.8338,38.2869,-115.2165,1.7956
3.5894,24.0,8.09,2.1699,360.0,1.4824,34.7688,-119.875,1.6892
3.8371,41.6,4.9358,1.2161,298.0,2.3396,34.1326,-115.8631,1.697
11.6953,31.1,4.2383,1.4647,234.0,1.4326,32.9776,-115.5383,5.5
6.2749,5.9,3.7711,1.2039,2622.0,2.8226,32.9333,-120.3005,2.3984
3.7536,28.9,6.8856,1.6592,575.0,8.0097,34.2778,-114.0582,1.5045
6.8085,36.8,5.0906,1.5528,699.0,1.586,33.4551,-115.562,3.5491
3.6682,41.4,4.727,0.8916,475.0,2.7887,37.783,-114.272,1.877
9.0601,33.1,3.8727,1.0164,529.0,5.0773,35.9019,-115.4018,4.1883
5.5945,8.8,3.9607,0.6532,1634.0,4.0537,36.727,-116.3499,2.2828
4.2022,37.2,6.1401,1.3485,314.0,2.8306,38.1436,-114.5896,1.6635
5.8628,35.5,2.8691,0.56,94.0,2.8334,38.7615,-120.0919,2.8977
1.7463,2.2,7.4897,2.2003,961.0,1.892,38.6579,-116.275,0.936
2.2795,22.0,4.4323,1.0993,663.0,2.6992,34.9781,-122.2646,0.8903
2.1894,18.0,5.2007,1.5613,449.0,3.3114,40.1915,-116.8057,0.9934
4.883,35.1,2.826,0.7152,646.0,4.6741,41.2182,-116.2538,1.6072
12.6734,12.0,5.4753,0.916,278.0,2.3442,35.5014,-116.9765,5.5
15.0,31.1,4.8434,1.4388,412.0,2.7845,32.6621,-115.577,5.5
6.5721,47.6,5.3998,1.7098,354.0,2.0551,41.042,-120.16,3.1097
6.0527,41.7,8.4434,2.7923,223.0,3.2875,41.2737,-118.7799,2.3904
1.521,48.0,5.8554,1.5482,1325.0,4.1104,32.984,-124.388,0.463
3.2362,50.9,3.9107,1.176,98.0,3.8646,32.5471,-122.9664,1.2948
2.7936,1.5,4.0774,1.2249,4276.0,1.8812,40.2558,-117.736,0.8491
3.0879,32.8,6.6903,1.2119,970.0,3.1859,35.3639,-118.5957,1.5472
4.0516,22.1,8.0974,1.4806,68.0,2.2912,41.1885,-122.428,1.5507
3.3762,44.9,6.0638,0.9955,322.0,4.5015,34.5591,-121.9436,1.6233
1.3667,13.8,6.8774,1.4717,341.0,2.8164,40.681,-120.8871,0.2
7.0199,51.0,6.7195,1.6443,597.0,1.6359,33.1521,-116.9776,4.3048
2.3546,32.3,8.3381,2.9148,150.0,2.7513,34.9761,-118.098,1.0706
5.1735,41.5,1.6008,0.5,417.0,3.6088,41.7447,-123.7695,2.2388
15.0,5.4,6.8344,2.0179,357.0,3.3122,34.6964,-116.5206,5.5
2.5815,10.4,7.4675,2.1557,193.0,2.448,33.7636,-121.7421,1.5274
0.982,39.7,2.8226,0.5388,168.0,2.3771,40.642,-117.4465,0.2
3.775,2.1,3.7287,0.6029,1011.0,2.0238,33.6191,-123.2047,2.1641
8.6761,42.7,3.7984,0.9846,74.0,2.5654,33.4258,-114.0218,4.3327
14.5125,1.7,4.0424,1.1725,651.0,2.1334,35.5725,-123.6565,5.5
2.1431,34.5,4.5366,1.5862,896.0,4.4284,38.5356,-116.7118,0.5295
6.0377,19.6,5.9852,1.3271,324.0,2.095,39.2521,-118.816,2.9103
3.3899,32.2,7.2313,2.3811,425.0,3.1548,40.8718,-123.5976,1.0792
4.2057,36.5,7.6626,1.7347,1291.0,3.0701,37.6387,-124.2185,1.8296
15.0,18.5,3.8244,1.101,199.0,4.3853,36.2375,-120.692,5.5
1.8189,6.5,3.8106,1.0275,221.0,4.6448,35.9089,-116.0766,0.4022
5.2187,4.6,8.1316,1.3059,246.0,3.9685,40.5456,-124.0679,2.3962
5.9335,31.0,6.7935,1.1255,1294.0,3.4597,39.3762,-117.1038,2.7142
8.5975,27.6,5.6657,0.8734,1469.0,1.9749,41.1016,-117.6185,4.0178
4.7531,38.9,6.4467,1.4451,100.0,1.959,41.6583,-121.7119,2.0939
5.3915,27.0,5.4404,1.6275,1103.0,2.142,35.3505,-123.6863,2.73
3.5431,22.5,6.5492,1.2087,915.0,4.0583,37.5319,-114.8891,1.5543
5.2671,21.3,4.8279,1.3092,1908.0,3.0936,38.5023,-121.3463,2.234
3.6477,2.3,6.0376,1.2544,593.0,4.2523,34.0566,-123.3305,1.7833
6.5074,18.1,2.4789,0.767,386.0,4.4867,33.0068,-117.3441,3.378
3.5903,50.8,4.1244,1.2773,1268.0,2.2471,40.7438,-122.2248,0.9485
5.6196,45.6,4.146,1.2649,812.0,3.043,37.5875,-119.5059,2.365
4.4037,17.8,4.7512,1.2114,3808.0,2.9886,37.9224,-123.9707,1.731
8.8077,31.0,3.647,0.7546,1052.0,2.635,37.7717,-114.0737,3.6119
4.3456,44.2,4.4329,1.3826,470.0,2.4256,39.6721,-119.8,2.2423
1.5468,23.5,2.4712,0.5,125.0,4.8254,33.8823,-114.0093,0.5673
9.5558,1.9,6.5974,1.3719,226.0,3.0673,38.3335,-120.4504,4.9402
2.6027,4.8,5.335,0.9965,96.0,3.02,36.9601,-120.8475,1.545
3.0275,27.0,2.0896,0.5952,325.0,2.179,41.0211,-114.897,1.2126
3.1349,50.4,3.8303,1.1003,1018.0,3.9357,37.4364,-121.0406,0.4271
10.2232,36.4,6.1732,1.7316,402.0,2.0096,41.4579,-119.9639,4.8586
1.2443,4.6,4.414,1.029,1121.0,3.6037,35.8559,-123.6798,0.4408
15.0,10.7,4.1061,0.6982,565.0,3.6433,41.6855,-114.4676,5.5
8.4455,40.3,5.3508,1.7777,270.0,2.5472,40.814,-123.6059,3.3292
5.124,43.9,6.1872,1.5564,440.0,3.4112,38.0505,-116.4026,2.4221
4.3365,32.5,2.6273,0.6079,647.0,3.2358,35.8602,-118.8445,1.5043
5.3193,33.9,6.6003,1.7673,464.0,2.9572,36.0713,-123.8552,3.174
6.1268,2.4,3.8994,0.7353,469.0,3.0198,39.8411,-124.4821,2.8121
6.6004,43.3,5.4641,0.9645,187.0,3.0793,38.016,-114.6767,3.4763
6.2549,41.2,5.4292,1.2547,262.0,3.1644,36.3151,-116.7072,2.9673
4.7292,14.2,4.4459,0.8689,3860.0,3.0774,38.5425,-117.2924,1.9783
3.9813,37.1,3.4527,0.6866,1378.0,1.9318,39.4657,-119.8952,1.6232
4.0928,12.0,4.9286,1.6191,92.0,2.8267,32.7176,-121.9946,2.428
3.9871,3.1,8.7507,2.2415,38.0,3.34,33.3537,-117.3614,1.5683
8.8486,11.3,2.7766,0.685,435.0,3.1234,33.3976,-118.1128,4.6039
6.399,10.1,8.8846,2.5578,986.0,4.3995,34.7034,-116.8734,3.2981
0.7678,18.2,4.9806,1.6949,240.0,3.8499,36.5564,-120.6592,0.2
6.6428,22.3,5.5707,0.9606,1121.0,2.1209,40.1347,-114.1373,2.9132
5.0372,26.9,3.3266,1.0536,428.0,2.8105,35.8354,-123.7964,2.2335
4.4317,25.3,3.9575,1.0559,343.0,2.6524,32.666,-123.6631,2.3229
3.5498,14.8,4.4942,0.8055,859.0,2.9989,37.0919,-114.8728,1.9116
8.7975,2.5,3.4086,0.7139,237.0,3.0006,41.968,-117.6991,3.8032
7.9131,31.9,5.0822,1.2526,303.0,3.8367,35.8157,-121.0735,3.2315
2.8187,21.2,4.686,1.3507,789.0,3.225,41.6319,-116.4995,1.6597
5.7215,16.2,9.2016,1.8267,391.0,4.9146,33.4628,-119.7459,3.0631
2.5018,45.2,3.1681,0.8141,2721.0,3.3082,34.1444,-124.2782,0.7088
1.9586,39.1,5.7054,1.6371,807.0,2.1549,39.3792,-117.6634,1.0624
3.077,44.7,5.9957,1.4375,757.0,2.492,37.2615,-121.9473,1.6335
7.519,26.2,3.3594,1.0837,384.0,3.8248,39.7687,-123.289,3.42
7.9397,7.7,6.8737,2.2263,968.0,1.5751,40.7038,-122.1346,3.6266
6.0973,36.5,4.7033,1.1483,292.0,1.7536,34.8853,-119.5003,3.2662
6.9244,11.5,1.0,0.5,535.0,3.017,38.9869,-123.9765,3.3415
6.1087,23.5,6.8197,1.126,161.0,4.3946,38.2722,-115.2269,2.268
3.0499,4.3,3.2661,0.5,1141.0,5.0673,40.6846,-118.6209,0.9219
5.8075,43.1,3.4045,0.7699,539.0,2.7543,36.586,-121.4235,2.7378
7.2445,7.4,6.8758,1.858,2929.0,4.5921,32.9928,-117.2864,3.4049
7.0468,47.1,4.8057,1.3256,4413.0,3.0923,37.9548,-116.0555,2.8321
9.1463,45.1,7.3355,1.7993,866.0,1.6281,41.6093,-118.0538,4.6538
6.855,24.7,7.9203,1.3859,432.0,2.9945,32.639,-122.3738,3.5307
5.5338,39.0,4.2101,0.7751,157.0,2.3454,34.7825,-123.342,2.7283
8.5172,32.6,7.0865,2.2707,997.0,4.3375,35.5026,-115.4711,4.093
4.4109,42.0,3.9891,1.2908,498.0,2.9735,39.7755,-122.0358,1.7301
2.6403,23.0,9.9662,2.8382,691.0,1.8019,35.5711,-124.2891,1.0652
4.064,41.1,4.1141,1.1636,2275.0,1.6489,34.7713,-117.7495,1.8923
2.8664,24.6,7.5522,2.0356,177.0,2.9791,38.6613,-122.8947,1.3492
2.9889,49.0,7.1876,1.3698,160.0,1.141,32.9409,-114.0948,1.6643
4.1094,25.8,6.1322,1.445,318.0,2.4418,34.1207,-115.3678,2.0802
2.7858,24.6,4.1589,1.2027,917.0,3.295,36.3763,-118.1113,0.2
3.7256,41.0,5.1972,1.338,703.0,1.9683,35.8782,-115.7444,2.1386
1.4388,42.9,1.1928,0.5,165.0,4.4709,35.7981,-119.5594,0.5401
5.0936,29.3,5.9488,2.0268,860.0,4.8375,33.5313,-116.2209,1.907
4.4849,10.2,6.1992,1.9773,121.0,2.0003,35.928,-117.7114,2.0918
2.7449,24.9,5.767,1.1656,175.0,2.6665,40.0809,-124.1992,1.5609
6.6562,50.4,1.0,0.5,359.0,4.4722,36.4315,-114.538,2.4562
7.8659,39.4,2.9687,0.9935,232.0,3.0026,38.0686,-115.4603,3.7295
1.7082,42.4,4.0038,0.6775,982.0,1.7198,34.054,-114.4892,0.672
2.8359,2.7,6.0833,1.5245,537.0,2.8368,33.1623,-116.8207,1.6333
2.825,24.9,6.0787,1.4665,2358.0,2.1358,40.8596,-120.1734,0.9807
2.5499,34.0,5.1596,1.1972,315.0,4.6799,35.648,-122.3267,0.9002
7.372,43.3,6.7705,2.147,357.0,3.8281,35.8282,-122.61,3.6086
3.9897,3.5,3.4475,0.7796,1353.0,2.6498,40.838,-122.9784,1.3889
3.824,44.5,6.7205,1.0936,368.0,3.1799,39.2238,-122.1836,1.114
1.3467,29.0,6.4495,1.0523,1797.0,1.7802,39.6845,-118.7183,0.2
6.5617,11.1,6.2551,0.9917,693.0,2.2222,38.979,-117.3207,2.827
2.1307,17.2,5.1359,1.1907,38.0,5.5919,33.505,-121.2024,0.3706
4.6458,15.4,9.1615,2.6906,1310.0,3.0692,41.601,-118.7382,2.0855
5.2932,28.1,6.4864,1.2372,1005.0,4.3581,41.1368,-120.9168,2.0703
10.1391,3.6,3.5633,0.9952,1045.0,3.2963,34.7441,-117.1866,4.9855
2.0436,9.1,5.9966,1.7235,60.0,5.082,40.1379,-114.1209,0.7197
0.7322,42.4,7.005,1.4083,208.0,1.3505,36.3893,-117.2653,0.6768
5.0044,7.8,4.3238,1.1679,224.0,2.7863,38.9958,-123.8802,2.3774
13.2012,12.9,7.6785,2.2035,174.0,5.8003,34.0732,-119.489,5.5
9.425,24.1,6.2641,1.5242,2303.0,4.4038,37.6163,-116.4109,4.3889
5.0825,27.4,1.0,0.5,399.0,5.1046,33.7029,-118.8065,2.1975
3.3368,39.9,6.0993,1.6702,389.0,2.996,37.5936,-114.5138,2.1155
7.2738,23.8,4.6879,1.62,701.0,2.4234,34.8141,-123.9249,3.5581
2.499,41.3,6.5744,1.5474,713.0,1.992,36.7984,-121.4429,1.2882
5.9644,32.5,7.3884,1.6871,14.0,1.9372,38.8457,-122.1825,2.9032
6.0695,6.8,5.8903,1.4305,211.0,4.1488,40.8322,-116.44,2.6456
8.4666,9.0,8.8305,1.4592,98.0,3.6887,34.0702,-119.0002,4.3607
15.0,23.3,5.1426,1.3403,602.0,2.9252,40.9861,-123.0474,5.5
5.6715,21.2,6.7496,1.4562,302.0,3.6813,36.2054,-121.5013,2.7671
3.3023,38.9,7.1099,1.2391,410.0,3.1803,40.5161,-119.0121,1.531
4.4134,30.6,5.3053,1.2905,50.0,4.4145,37.3692,-114.0406,1.7683
1.5505,20.8,7.0575,1.0634,296.0,4.3977,40.691,-120.6749,0.6407
2.954,9.7,4.3107,0.993,1230.0,1.9614,38.7968,-122.8533,1.4387
3.5058,12.6,4.6549,0.7967,1652.0,3.3517,37.3328,-119.2808,1.1476
3.2725,30.4,2.875,0.5,828.0,1.541,35.4691,-121.243,1.2498
4.9107,22.6,5.9828,1.884,106.0,3.1683,41.7046,-118.5573,2.2057
2.7361,27.3,6.1505,2.0497,1421.0,3.8256,40.1085,-119.5995,0.6827
8.7812,9.7,7.8585,1.5052,832.0,1.7763,36.1213,-117.2604,4.1733
4.4822,34.8,7.0823,1.8262,359.0,2.5432,34.0839,-114.8999,2.8232
4.4568,44.5,4.9304,1.0137,53.0,3.0156,39.9056,-122.3946,1.6033
3.6813,14.2,3.1436,0.7819,1047.0,3.2988,41.9045,-115.8776,0.8014
4.919,26.1,6.3657,1.5107,223.0,2.6874,35.1503,-114.5327,2.2316
7.3526,50.8,7.7215,1.5737,570.0,1.8796,41.2007,-120.5771,3.5124
2.6637,18.0,7.0104,2.0336,432.0,2.94,33.691,-123.3065,1.4154
3.0196,31.3,7.669,1.3444,1879.0,1.5513,41.546,-115.8699,1.7726
3.7351,5.6,5.0762,0.8153,356.0,2.7372,39.5807,-117.1385,1.4087
1.9987,31.9,4.5668,1.3862,397.0,2.518,35.7927,-122.2665,0.9481
2.7413,5.6,4.0262,1.1402,1956.0,2.8471,35.394,-119.8252,1.4538
3.3678,49.9,5.3882,1.3455,209.0,2.4019,38.6126,-118.4311,1.2602
7.5733,37.5,5.3428,1.3013,911.0,1.6437,38.1383,-122.7165,3.8255
5.2464,41.2,5.9134,1.4753,331.0,2.5947,41.2299,-116.9934,1.7238
5.0337,36.9,5.2414,1.2443,148.0,4.3594,39.7793,-117.2562,2.5932
7.4673,31.1,5.2327,1.1961,404.0,4.9758,37.6335,-115.1852,3.6141
4.1271,23.9,3.9466,0.9864,806.0,7.9704,41.3119,-118.5436,0.8761
5.6648,44.8,7.3832,1.8879,1562.0,5.9101,38.1309,-118.4697,2.4817
4.2125,49.8,5.653,1.6302,1763.0,1.8612,40.572,-117.9964,2.0771
5.2552,26.5,5.1511,1.5054,300.0,2.5514,40.489,-121.6253,1.9258
3.1593,48.5,4.0051,0.9033,150.0,2.9769,41.2324,-116.5346,0.9424
1.0374,30.7,2.8362,0.66,293.0,2.9031,33.1422,-117.5438,0.8497
4.1348,28.5,8.1159,1.824,124.0,3.0889,38.0463,-115.689,1.99
10.5239,24.2,6.6093,1.7006,325.0,7.8698,36.9497,-116.4298,4.79
7.8125,11.7,2.2522,0.542,287.0,1.9487,37.1602,-117.795,3.7634
7.9984,1.2,7.0263,2.3041,835.0,2.2582,36.8692,-122.8106,4.2206
9.4091,13.3,7.345,2.1247,44.0,5.7981,40.4559,-114.849,4.357
4.7265,27.0,5.7488,1.8955,194.0,2.3481,35.5251,-120.6443,2.3723
5.045,20.4,8.6962,2.5378,195.0,3.5164,36.8961,-114.3749,1.8185
3.0938,23.9,5.9334,2.0423,1322.0,4.5443,34.4065,-120.2804,1.4492
3.7075,51.0,2.6664,0.739,132.0,3.6495,34.8913,-122.9676,1.8015
6.4848,18.9,6.2303,2.1352,506.0,3.2437,38.774,-115.2092,2.5953
9.2288,24.1,5.9898,1.088,355.0,4.373,33.6109,-116.1519,4.1674
4.122,7.8,4.2934,0.6891,1145.0,2.1018,34.2843,-116.2439,2.1989
3.4208,3.4,6.6471,1.767,732.0,2.4632,37.5163,-123.5612,1.6782
4.4831,40.5,2.1647,0.7505,455.0,3.722,32.9158,-115.2676,1.4327
6.4284,30.1,7.4811,1.747,232.0,1.3129,33.7058,-118.2378,3.2218
1.8845,39.8,3.7438,0.7203,63.0,5.2943,40.7019,-119.5613,0.3944
1.1301,8.6,3.5301,0.8977,517.0,3.3918,40.5384,-114.9117,0.3236
3.221,30.2,5.2724,1.475,686.0,3.1938,35.8039,-117.5066,1.2513
2.1545,13.9,6.3659,1.3562,84.0,1.5649,35.8059,-123.1032,1.1641
3.3039,12.6,5.8278,1.7073,117.0,1.7956,41.3969,-119.0449,1.1748
4.1014,1.6,4.0147,1.3852,519.0,2.5614,32.7455,-117.8155,2.4947
3.4146,7.6,4.4878,1.4783,566.0,4.1494,38.0128,-115.0652,1.3874
10.7132,16.8,3.2339,0.6737,150.0,1.3091,38.1752,-121.5611,5.0529
5.4524,7.0,5.0506,1.0876,227.0,4.1179,39.9849,-116.1605,1.9906
5.3671,51.3,7.65,1.716,64.0,2.6012,41.5416,-116.102,2.0211
6.5099,16.7,5.4915,1.2571,1599.0,2.7473,35.8804,-123.1555,3.6106
2.263,7.6,7.2188,1.2277,110.0,3.3249,36.6594,-124.3191,1.0495
8.3601,11.2,8.4108,2.5434,694.0,3.3459,38.8773,-118.3952,3.8588
4.2825,31.0,4.324,0.9645,390.0,2.2592,41.6891,-116.2105,1.6936
6.7012,4.3,5.1269,1.6712,1465.0,3.8573,40.9625,-118.6785,2.6122
2.3558,45.0,9.8424,3.301,183.0,1.188,38.837,-115.9599,1.187
1.7643,50.0,8.3887,1.2993,429.0,2.5089,40.6389,-117.9658,0.6843
7.3209,13.6,2.1552,0.7494,74.0,3.1946,33.3094,-117.6404,3.5733
5.6173,24.0,6.2743,1.8321,58.0,2.617,36.0827,-124.2044,2.4007
2.6085,2.1,5.5011,1.3977,732.0,1.4466,32.6244,-123.5697,1.7877
2.6597,33.7,7.1529,1.6302,68.0,4.0682,34.186,-116.8872,1.1161
8.8045,22.1,4.01,1.0174,321.0,1.8233,38.4897,-116.4901,4.0313
2.1954,14.8,3.8208,0.8212,1109.0,2.9241,40.9128,-118.8071,0.4162
12.0084,11.5,4.1479,1.1387,851.0,3.1938,38.5114,-118.3033,5.3471
2.6107,34.4,4.3561,0.7344,208.0,3.0281,38.8093,-118.0492,1.0914
6.5734,22.2,7.1306,1.9554,82.0,4.7951,33.4863,-123.3976,3.477
3.6797,10.2,3.1376,0.6434,671.0,2.9408,38.8162,-117.487,1.2817
6.436,36.1,4.2548,0.6532,1544.0,3.5644,36.8163,-119.4761,2.2777
3.2334,29.8,1.922,0.5008,208.0,2.9377,38.6887,-118.1735,0.926
4.0646,44.8,7.5142,1.9965,181.0,3.8389,35.5986,-118.587,1.7722
4.5931,7.0,8.0421,1.8924,239.0,5.2456,38.0241,-116.4885,1.6399
2.4564,41.1,4.8459,0.7969,715.0,3.1741,36.5287,-121.155,0.8116
6.9901,35.3,4.9041,1.6118,1378.0,4.1072,37.8071,-120.578,2.8507
3.2939,6.9,6.4064,1.7444,117.0,5.377,33.8974,-120.3881,1.4849
3.9073,36.4,8.449,1.4629,90.0,5.17,36.2603,-116.4942,1.3192
2.468,23.5,6.3172,1.5931,4188.0,2.5751,36.0556,-119.9733,0.984
0.9633,49.2,4.1049,1.024,338.0,4.5475,39.4957,-122.6407,0.4325
3.9964,8.2,2.2624,0.5,520.0,3.3185,39.2109,-114.1781,2.0092
15.0,33.8,3.2697,0.8873,202.0,4.6968,41.1342,-119.3195,5.5
7.1761,20.5,5.6464,1.7598,658.0,3.7714,38.5045,-123.3529,3.4414
4.4302,49.8,4.1893,1.256,1054.0,3.3544,35.4882,-117.4621,2.0746
3.8277,17.8,5.8899,1.1226,544.0,3.5737,39.9406,-116.7388,1.5559
4.5425,50.1,4.3942,1.4169,2300.0,3.3271,37.2215,-119.2477,1.8134
6.2231,47.0,3.3837,0.7394,291.0,3.3795,34.3382,-117.7122,3.1282
2.2067,14.8,3.1459,1.0674,310.0,2.8192,39.6004,-122.6869,1.0104
8.746,42.0,8.6247,1.4175,508.0,2.7164,33.759,-120.6368,4.2596
6.8842,51.8,7.278,1.7994,642.0,6.0816,34.1925,-122.8008,3.3228
6.8958,13.9,8.961,2.4143,507.0,3.6365,39.7082,-120.434,3.7218
5.8304,23.3,6.5799,1.3129,112.0,2.3885,39.8164,-118.5906,3.0189
4.5348,27.5,4.64,1.4118,551.0,2.6886,40.0124,-119.8533,2.3742
6.7108,16.0,8.1467,2.2434,278.0,4.5837,35.2866,-118.2712,2.4654
6.3923,1.8,5.4339,0.8348,226.0,2.2379,40.7326,-119.2315,3.1766
3.624,12.2,5.9417,1.6142,417.0,1.6606,39.3653,-121.1629,1.7733
3.1767,15.4,5.4144,1.3444,154.0,1.7102,40.4227,-122.9941,1.7251
4.7641,23.6,1.0,0.5,130.0,1.5044,39.2318,-121.8469,1.7521
11.3522,9.7,8.7095,3.0409,30.0,1.7869,38.0062,-122.3925,5.5
2.1309,45.5,6.482,2.1354,2315.0,1.8732,33.5393,-117.0721,1.2374
1.858,37.0,6.1596,1.2843,703.0,5.2283,39.2539,-115.8903,0.2
4.9474,5.3,5.3764,1.3883,359.0,2.9492,39.0594,-116.9359,2.3152
4.6206,34.2,5.8269,1.2429,207.0,2.5979,35.4687,-117.7408,2.2746
4.9729,34.3,4.3054,1.3136,23.0,1.6865,39.4903,-121.2676,2.2263
5.1881,49.8,6.7332,2.2628,195.0,2.837,37.7293,-117.0347,2.5728
3.9199,1.2,2.8858,0.64,825.0,1.4994,37.8144,-118.1466,1.4685
10.9563,13.6,5.8721,1.8269,1035.0,2.5915,35.9922,-124.0076,5.1251
1.7151,48.3,6.6231,1.6537,767.0,6.8606,33.6095,-114.9701,0.3909
2.7262,48.5,5.1027,1.1701,473.0,3.9178,34.5608,-123.6605,0.7969
4.2125,37.7,6.2417,2.1077,1486.0,2.7623,39.8039,-119.2216,2.0628
1.6721,40.1,3.5173,0.8867,290.0,3.9719,35.0787,-119.1128,0.3265
4.0329,5.7,3.5683,0.8688,1194.0,2.4385,32.5214,-115.7114,2.2454
12.1446,27.2,5.9734,1.6994,275.0,2.1809,41.9717,-114.9128,5.4918
4.5382,12.8,6.8571,1.3868,167.0,5.9397,34.5015,-114.6334,2.2564
5.147,10.2,1.7503,0.5,148.0,1.9024,38.7261,-118.5184,1.8466
2.1041,42.3,6.544,2.2015,139.0,2.6074,41.3058,-117.3701,1.1392
3.0962,7.9,4.4136,1.261,780.0,3.3954,38.1973,-123.5705,1.5657
3.5783,24.9,5.1144,1.6127,192.0,2.0658,40.0908,-119.3769,1.3845
3.7038,48.9,2.821,0.5761,144.0,3.8971,41.7755,-115.0725,0.9816
9.6696,10.5,3.7968,0.9824,824.0,2.6574,40.6735,-119.7152,4.5699
6.2627,50.9,7.4323,2.5588,560.0,3.9179,37.8001,-123.7693,2.3532
2.3005,51.7,5.5657,1.1896,1056.0,3.7977,35.9552,-122.3933,0.8548
5.1961,29.3,4.7344,0.8621,674.0,2.7259,37.0834,-119.9902,2.1552
6.0432,9.7,5.267,1.3282,190.0,5.9552,40.4973,-122.006,2.3468
8.8826,17.1,6.4784,1.4743,435.0,2.3022,40.6069,-120.3809,4.0247
11.5689,22.6,6.381,1.1608,457.0,5.1528,40.5356,-121.0039,5.0345
2.4374,16.8,5.3499,1.7532,161.0,4.8065,38.1736,-121.1512,1.3385
2.7552,15.3,7.6859,2.6758,134.0,6.1004,37.0311,-123.5428,1.2334
2.1074,50.6,7.4409,1.9623,204.0,3.2208,35.4577,-115.2315,0.5367
3.8946,8.8,6.3267,1.9292,3092.0,2.1915,32.5319,-117.2266,1.6011
5.9288,38.4,5.6092,1.8051,267.0,6.8945,39.7626,-117.9545,2.4988
8.1043,1.0,6.8146,1.9776,1384.0,2.6277,35.1315,-118.1321,4.2946
4.282,31.4,6.1285,0.9734,252.0,2.1697,35.6319,-120.3367,1.7564
3.6991,47.7,7.6216,1.3835,981.0,2.7845,40.5131,-115.8552,1.7372
4.9089,15.7,7.2991,1.1985,995.0,2.0286,32.9964,-114.7346,2.7175
2.7153,10.5,3.4635,0.5264,1046.0,3.7079,41.3124,-124.441,0.2154
15.0,34.2,3.3281,0.7029,595.0,2.3578,32.5129,-123.6684,5.5
1.7081,37.3,4.0975,0.9362,1599.0,2.6778,41.4221,-117.4128,0.2571
5.007,36.1,7.4523,1.4771,589.0,4.4243,36.8202,-122.0213,2.2671
15.0,17.3,2.3474,0.5,2238.0,3.8554,33.4702,-114.9271,5.5
4.5,13.9,6.2895,1.6099,80.0,3.023,38.9045,-117.4922,1.8379
3.9987,49.8,6.2251,1.2741,572.0,3.2167,41.0106,-120.6329,1.3939
3.6166,48.1,7.8253,2.4196,536.0,3.0189,36.6617,-120.1395,1.5074
4.0219,24.3,5.8607,0.8885,158.0,2.5283,39.0679,-117.2457,1.6921
10.2135,44.2,2.8136,0.8961,720.0,3.0011,41.8039,-123.0199,4.4711
1.1887,24.1,3.5813,1.221,91.0,3.6559,34.7867,-115.2242,0.5053
11.2465,22.6,3.136,0.9196,210.0,2.8563,40.2943,-124.4499,5.5
1.9072,9.0,4.4241,1.3128,55.0,3.5534,35.3048,-114.2211,1.0895
3.8191,22.7,5.1342,1.7287,1917.0,2.1497,36.5502,-122.7397,2.0625
3.4641,28.4,3.1691,0.6079,320.0,2.3595,35.1768,-116.7078,1.4884
6.3798,2.1,8.4413,2.9453,3522.0,2.2395,36.7371,-124.0808,2.6256
1.7179,23.6,2.8494,0.8682,900.0,2.3964,32.5483,-119.97,1.0527
5.9139,40.8,8.1922,2.4193,632.0,5.0272,35.3827,-117.8817,2.6982
15.0,35.7,7.8703,1.7489,224.0,4.0165,36.7303,-123.7626,5.5
1.978,33.4,7.2966,1.891,142.0,1.9527,38.5063,-119.8454,0.662
5.022,47.4,4.1125,1.1547,681.0,3.5787,38.5549,-121.3171,2.2665
3.0126,1.9,6.1849,1.6951,376.0,2.5696,38.046,-119.2684,1.3445
5.7865,29.4,2.9453,0.8571,106.0,2.2866,35.2838,-119.2019,2.6557
4.5335,41.2,7.3218,1.2189,89.0,1.6582,41.5003,-116.2551,1.9921
3.0499,28.6,5.352,1.1835,155.0,4.4316,36.2237,-123.2032,1.4153
6.0058,17.5,4.6814,1.1085,2492.0,1.741,34.5605,-123.6314,3.0885
13.2316,7.9,3.0525,0.617,3690.0,2.9424,37.7679,-120.2802,5.5
3.9967,46.3,1.0,0.5,495.0,2.0575,39.6148,-115.181,1.6531
6.9023,25.0,3.4229,0.6085,468.0,4.0973,32.6162,-115.5197,3.4128
2.0627,45.8,7.7256,1.7249,288.0,2.6281,35.1253,-118.6201,1.2807
2.5247,30.9,4.6943,1.1674,158.0,2.8469,40.3373,-115.1679,1.2173
5.9503,35.4,5.1613,0.8392,1596.0,2.8855,37.3167,-116.0439,3.2083
10.9186,42.0,6.8111,2.311,2627.0,3.3907,36.3806,-121.5816,4.913
5.5476,34.6,9.1113,2.7612,165.0,3.0198,41.3436,-122.7139,2.952
3.7142,21.3,8.15,2.4138,371.0,2.9526,33.3506,-121.3379,2.0106
4.4798,27.2,3.5553,0.6562,257.0,2.4416,38.3479,-122.1153,1.6713
2.1165,42.0,1.6149,0.5,265.0,1.6002,35.7508,-117.9615,0.7159
6.4412,20.1,10.2192,2.6156,1321.0,1.9205,33.1728,-118.3586,3.5938
7.6095,20.8,10.038,3.4781,109.0,4.0044,34.5306,-118.2164,4.0552
3.4169,5.9,5.8769,1.7603,643.0,2.6583,38.4654,-122.5123,1.2118
3.3803,47.6,2.959,0.7846,836.0,2.3034,32.7686,-116.1854,1.3799
5.2568,5.6,7.4265,2.3777,350.0,1.7121,38.1264,-119.9469,2.4709
3.4486,34.1,5.284,0.9565,985.0,1.51,41.5901,-119.5393,1.1441
4.3073,22.1,5.274,0.8072,468.0,2.2676,40.0534,-114.0319,1.3507
15.0,21.7,7.2889,2.0995,1363.0,4.2854,35.7832,-121.5361,5.5
3.8643,35.7,6.1687,1.0466,88.0,2.4041,33.813,-120.3616,1.923
3.6147,4.4,3.1284,0.5415,285.0,3.5261,36.9181,-117.3971,1.6319
3.0388,31.3,4.8505,1.45,375.0,2.3603,36.233,-115.2557,1.6028
7.0042,40.4,6.8223,1.3925,28.0,3.8789,41.7315,-123.1688,2.6708
4.0199,43.2,6.5205,1.7979,136.0,2.6099,41.9037,-116.782,1.2542
3.0355,9.7,6.024,2.0089,179.0,1.8354,36.4006,-114.8581,1.3894
9.9025,46.8,7.3668,1.5713,1041.0,2.6978,33.9134,-120.0593,4.9446
10.5041,34.5,4.7766,0.9239,199.0,6.2564,41.1508,-121.4894,4.8345
3.126,46.0,5.8573,1.0034,178.0,6.1469,40.0387,-117.3838,1.1547
1.4624,25.7,1.0,0.5,914.0,3.6496,37.3571,-121.9162,0.2
8.2031,28.6,4.6007,0.7474,80.0,2.8439,35.9709,-120.465,4.1115
2.972,47.9,7.0278,1.1774,51.0,3.3925,36.7576,-115.0824,1.1093
7.2021,46.9,4.7192,1.1156,281.0,3.4101,41.0679,-118.3015,3.1484
1.3743,23.9,4.5675,0.9782,95.0,2.9566,34.2541,-123.5027,0.6421
7.6565,15.0,3.4171,0.9954,99.0,3.5836,40.1644,-121.0382,3.8242
2.1669,21.1,7.5067,2.4325,716.0,3.2651,32.6728,-117.9137,1.2857
6.948,20.8,6.5969,2.025,969.0,2.6475,41.2454,-119.4443,2.8762
4.5202,15.6,7.1508,1.8315,888.0,1.8625,37.2528,-117.5664,1.9973
2.5285,14.7,2.0476,0.5,1223.0,2.4992,34.6541,-116.5049,0.9624
3.5106,44.9,5.1791,1.5121,1396.0,4.1363,32.5271,-119.4535,1.065
6.7652,4.6,4.9398,1.0994,48.0,2.9666,37.8157,-114.137,3.1652
4.7757,35.6,4.9389,0.8254,633.0,3.3876,34.8226,-114.8959,2.1944
6.3639,9.8,4.2679,1.3593,238.0,2.6826,38.497,-123.871,3.0945
14.6709,18.6,4.8078,1.0464,191.0,1.9663,35.1711,-121.7025,5.5
1.7532,4.1,7.1993,1.3941,707.0,2.7307,33.3362,-121.3443,1.0417
11.8263,14.8,1.6743,0.543,72.0,1.9957,37.298,-122.565,5.235
4.7713,40.2,9.0546,2.9919,70.0,1.9454,37.8626,-121.2238,2.0273
2.6136,46.1,6.4677,1.4086,760.0,4.8659,36.7996,-120.0394,0.7474
2.0174,12.3,5.4153,1.1966,657.0,2.5395,36.8513,-123.9587,1.0905
4.0009,24.6,7.3137,1.9449,463.0,2.2331,38.1017,-123.1633,2.1
7.7912,25.0,2.5963,0.7703,167.0,5.7384,37.5004,-123.4894,3.2542
4.1515,45.6,4.1706,0.6783,849.0,4.162,33.7594,-124.0137,2.5349
11.0972,39.9,5.2578,1.4126,797.0,2.5893,34.3723,-119.4443,5.5
1.8763,27.2,8.2311,2.8032,439.0,3.5646,33.847,-120.9951,1.3125
4.4493,35.2,5.407,1.0945,124.0,2.7338,39.0863,-114.6778,2.2009
2.114,44.2,6.4001,2.1233,264.0,2.2772,37.5217,-123.421,1.061
5.5744,1.5,4.3208,1.4692,932.0,3.6323,36.5836,-114.7766,2.6215
7.6303,21.5,6.4737,1.3195,1521.0,2.6387,40.0842,-123.5913,2.9313
3.4818,47.3,8.8545,2.6638,291.0,3.0963,35.595,-117.9982,1.3987
0.9394,38.8,7.4911,1.4814,314.0,4.5202,37.897,-121.8988,0.2
5.0499,28.7,5.3371,1.5879,343.0,4.3253,33.2069,-115.8185,2.4321
5.8243,28.0,6.851,2.1203,531.0,2.4108,39.5718,-123.8545,2.6538
5.712,18.7,6.655,1.3273,226.0,3.6489,39.1043,-114.4987,2.6872
9.4071,27.5,6.5132,1.9095,22.0,1.9134,40.1226,-124.0038,3.9171
2.3569,34.4,7.7239,2.4131,1330.0,3.5972,40.9025,-121.9683,0.8632
6.7405,22.3,7.709,1.7092,2428.0,3.188,39.7013,-119.6261,2.9647
9.166,37.4,5.2457,0.9628,219.0,3.4959,40.5227,-116.5614,4.1281
1.5416,44.9,6.7838,1.1423,139.0,2.6672,35.7837,-114.5133,1.0329
5.4292,8.9,4.7338,1.2548,352.0,6.9146,35.7617,-120.0056,1.9049
3.3118,24.0,3.6539,1.2628,334.0,2.0948,41.4709,-116.5482,1.2025
4.2677,21.8,4.961,1.5607,1092.0,4.431,41.1885,-116.8648,1.5995
5.5213,36.1,5.3474,1.2682,426.0,1.9884,37.7107,-118.5027,2.3723
3.3457,13.7,2.1768,0.5602,183.0,3.6757,35.9823,-117.2453,0.7958
2.9879,33.7,7.2207,1.4868,108.0,3.7822,40.727,-124.1003,0.8069
4.5745,45.8,1.0,0.5,959.0,3.071,35.5724,-119.8634,1.8747
2.3342,22.3,10.9296,2.6932,735.0,2.4642,33.9595,-116.2485,1.3186
2.3362,47.5,8.5038,2.0639,1165.0,3.1786,38.5752,-119.5207,0.8972
6.7371,51.7,4.978,1.2663,153.0,3.3428,32.9049,-115.3282,3.1208
2.2495,6.4,5.5189,1.8795,2536.0,6.1471,36.1015,-115.7468,0.2
6.6845,12.9,6.1059,1.6534,71.0,2.1193,40.1728,-115.4338,3.2191
5.9154,49.5,4.3217,1.1718,820.0,2.4052,35.3046,-123.135,2.7402
1.5912,49.9,5.8852,1.0335,60.0,3.3666,41.3475,-121.9365,0.5801
2.9846,6.0,5.212,1.8205,183.0,2.7117,41.5803,-124.1892,0.9253
9.1748,1.8,5.3115,1.6177,1922.0,2.8863,40.2503,-114.1806,3.5352
2.4876,9.2,5.8629,1.908,926.0,4.6096,41.8826,-122.0205,0.2
3.3918,51.8,2.8729,0.669,234.0,1.0,37.5423,-120.6455,1.4383
5.9135,10.2,5.5791,1.3972,240.0,2.3651,37.9074,-121.6133,2.8919
7.1709,26.6,5.8269,1.4825,446.0,1.4964,40.4436,-124.0822,3.3281
3.8539,44.3,5.7577,1.0872,675.0,1.862,37.1816,-121.7568,1.6505
3.1314,2.0,5.0683,1.4592,1410.0,7.8605,36.3638,-123.4689,0.384
10.5215,31.8,7.7757,2.5706,256.0,3.8162,38.3402,-120.36,4.4421
12.7221,15.1,4.7927,0.8758,80.0,4.3957,38.7478,-114.3483,5.5
8.0632,45.0,5.9547,0.996,472.0,2.9089,39.6335,-117.1682,3.6615
4.7171,15.5,8.0946,2.4093,255.0,4.0694,38.8479,-117.0775,2.0021
2.7595,36.0,5.3412,1.093,110.0,1.482,39.5844,-119.7417,0.7801
2.723,35.4,5.9289,1.6291,543.0,4.5509,38.9083,-115.9813,0.6273
6.1319,12.3,5.3072,1.5346,326.0,2.1642,37.0642,-114.963,3.0066
5.7606,2.8,7.9747,1.7096,548.0,2.429,33.7819,-114.4037,3.1537
10.3912,21.9,4.9846,1.5603,165.0,3.6769,39.9617,-123.4606,4.7571
6.6212,15.7,8.0667,2.0973,656.0,3.4095,32.7924,-115.2637,3.8161
1.8188,42.3,5.2928,1.7138,108.0,3.1076,41.9288,-122.1366,0.2803
8.4247,41.8,3.7811,1.1444,176.0,1.7415,40.3704,-120.3287,4.2978
2.4625,24.3,6.8587,2.2203,316.0,3.1265,38.8737,-120.8725,1.0638
3.5595,31.9,4.8907,0.7533,2303.0,4.4115,41.6828,-117.4111,1.0572
5.2076,31.8,6.741,1.3394,884.0,2.4278,38.3185,-118.2218,2.7063
14.8411,43.2,1.0,0.5,1185.0,5.0834,33.0361,-123.3544,5.5
15.0,22.7,5.5104,1.3138,1664.0,2.119,37.8141,-116.2804,5.5
6.4497,15.0,4.5808,1.5025,14807.0,3.012,35.1334,-119.8837,1.3081
4.0152,14.5,3.3735,0.8215,421.0,5.5518,36.01,-124.4767,1.8472
6.1762,28.3,4.3935,1.4057,1670.0,2.2875,36.8661,-120.1477,2.9065
7.6339,23.9,4.3526,0.9377,1111.0,4.5795,39.8587,-119.0785,3.5666
3.6973,23.4,5.404,1.1776,1092.0,6.6184,37.2778,-123.7768,1.3013
13.1593,5.6,2.7653,0.9101,2379.0,3.2169,37.0095,-122.9131,5.5
5.1451,37.6,6.1325,1.4422,265.0,2.4332,35.3687,-114.0675,2.3337
6.0415,11.9,8.2324,2.5352,245.0,2.2054,37.6288,-115.3524,3.3268
6.6829,11.0,6.0619,1.1962,555.0,5.0624,34.8597,-123.1001,3.0005
5.7716,22.1,7.118,2.4184,336.0,5.0062,34.9794,-118.4068,2.6684
7.414,12.6,7.6891,2.037,555.0,5.3641,39.694,-120.5179,3.4766
3.0946,30.8,7.973,2.4068,1925.0,2.965,35.7542,-118.7907,2.0597
3.206,19.9,9.2403,1.5515,250.0,4.55,32.9883,-119.5594,1.9297
2.3162,23.9,4.5016,1.1188,297.0,2.946,35.7649,-123.9944,1.3023
5.834,28.4,4.063,1.3416,480.0,2.1102,38.5664,-121.1881,2.5087
7.1518,11.4,7.0669,2.2996,321.0,4.7099,40.2329,-123.182,3.1968
5.8983,8.9,6.9165,1.1022,60.0,5.7751,41.6384,-119.3658,2.3889
12.2398,45.9,7.0514,1.486,226.0,1.9972,39.5891,-114.9732,5.5
4.4667,23.1,9.2786,2.2145,802.0,1.9822,36.5741,-114.0469,2.2615
6.6942,22.0,5.5227,1.0187,1699.0,3.0526,35.3416,-114.5853,3.5448
2.3279,2.8,6.3523,1.8803,127.0,4.4037,33.7315,-114.1502,0.7206
3.5528,26.4,3.5392,0.6615,127.0,1.9088,38.463,-124.3399,2.0171
6.8027,29.3,9.7706,2.143,416.0,3.2897,37.3439,-116.8408,3.0995
7.4593,29.5,4.8269,1.3644,51.0,2.3722,38.9382,-121.634,3.7744
3.757,37.1,4.8836,1.2034,259.0,3.9762,34.7528,-115.411,1.43
4.2932,10.1,4.8065,1.431,71.0,2.1833,35.5746,-115.9558,2.3409
1.8027,13.9,4.2102,1.4409,1586.0,4.0907,35.2749,-120.0514,0.2563
3.6175,42.3,4.0411,0.7004,187.0,2.8199,40.0777,-119.5308,1.7545
7.6464,49.3,4.4526,1.2998,2107.0,2.065,34.1267,-121.7165,3.8753
6.3289,7.9,2.7684,0.5428,1228.0,3.0817,38.2805,-121.4676,2.59
6.0521,26.4,3.9294,0.9151,211.0,1.3838,32.9879,-114.1977,3.3477
4.6175,11.9,9.3979,1.4715,138.0,2.4021,37.7205,-115.167,2.6901
4.5007,4.1,6.9713,1.2352,332.0,3.4382,33.1072,-122.4854,2.082
3.0156,17.6,7.3518,1.573,363.0,1.4789,34.1708,-121.607,1.4243
6.8162,8.3,7.8544,1.7154,570.0,1.0742,33.5737,-123.3592,3.401
5.7695,37.2,9.1683,3.0248,186.0,1.1785,35.7939,-114.1169,2.7078
6.0207,28.2,1.9572,0.5839,851.0,5.1082,35.7654,-114.9743,2.1714
3.2687,8.3,3.0402,1.0472,526.0,2.9133,40.351,-118.703,1.4937
1.2312,1.5,3.8926,1.0503,287.0,2.4279,34.644,-117.2246,0.7789
8.6563,42.2,4.5605,0.9046,198.0,4.3844,33.3207,-116.6466,3.6525
3.3625,10.0,4.8989,1.0559,335.0,2.5554,38.2334,-122.36,1.3602
2.6707,31.9,4.606,0.9855,178.0,3.3447,39.0308,-114.686,0.6612
6.7943,18.2,5.9386,1.2786,428.0,3.0353,35.3008,-118.9692,3.6037
3.5424,30.9,5.5706,1.5854,439.0,2.4883,38.2267,-123.5293,1.4356
8.4652,17.1,4.0543,1.0386,524.0,3.3793,39.8725,-120.3306,3.3623
6.4896,5.4,1.1489,0.5,2360.0,4.0931,35.8018,-118.1827,2.7371
6.754,12.4,3.5143,0.6319,353.0,2.79,37.4909,-120.7954,3.3458
1.9747,10.6,4.4015,0.6797,1102.0,2.4987,33.893,-117.1584,0.6683
9.2736,22.8,5.0058,0.97,508.0,2.6195,32.7246,-115.2385,4.6242
5.2422,34.6,3.2407,0.5558,318.0,1.1982,41.823,-116.3951,2.0283
3.591,14.5,4.5184,1.3875,358.0,3.3643,35.3474,-117.7521,2.0206
4.8843,1.6,3.238,0.5586,380.0,1.8522,35.1496,-119.1223,2.3184
1.5438,27.5,5.2484,1.5475,534.0,3.8647,41.7458,-121.8281,0.2
5.727,31.9,3.3538,0.7618,155.0,2.8974,39.4182,-119.7231,2.4954
2.4166,50.1,3.8022,0.6261,93.0,3.1332,38.0603,-121.424,0.8353
1.9905,31.1,2.8826,0.901,776.0,3.9754,39.1436,-114.6928,0.6654
1.7978,25.0,5.193,1.381,990.0,2.0738,39.2443,-114.9732,0.9994
8.7374,30.2,3.7671,0.7427,850.0,3.4823,39.7517,-122.8638,4.2631
3.0723,48.3,7.3136,2.4057,471.0,3.3436,33.1383,-115.8625,1.406
11.2485,43.2,6.3117,1.0039,869.0,2.7901,36.4219,-117.1194,5.5
3.2496,17.5,5.3603,1.0204,823.0,2.0724,35.3037,-114.2603,2.0588
1.609,13.1,3.905,1.1731,887.0,3.8118,33.1704,-119.6353,1.1063
2.2935,14.4,6.261,1.8274,171.0,3.9804,36.4197,-116.9172,0.709
9.4073,26.7,6.8814,1.4303,135.0,3.1438,38.3536,-119.0622,4.7192
4.0815,38.9,5.7854,0.9396,274.0,1.9579,34.1957,-123.7713,2.2586
3.2253,26.7,8.7074,2.8004,396.0,2.4327,35.3978,-124.009,1.9578
4.9333,4.5,6.4193,1.3656,317.0,2.9325,38.5721,-123.2178,2.6936
6.0561,37.9,7.3272,1.3859,62.0,3.9567,38.0036,-121.39,2.4989
8.7621,42.1,5.7671,1.4603,2257.0,1.5946,40.7535,-121.7793,3.7468
10.6878,15.8,6.8513,2.275,307.0,2.3976,40.0167,-116.8526,5.4149
3.6116,34.9,3.9064,0.62,479.0,2.5572,41.6733,-116.9828,1.4136
2.0226,22.8,4.5832,1.3894,1400.0,2.9058,38.1733,-114.3004,0.2
3.4971,46.3,6.1987,1.6395,39.0,1.7851,39.1354,-121.2409,1.1112
5.2392,44.1,6.1842,1.4538,242.0,2.7538,40.6748,-114.6463,2.4979
2.5137,27.8,6.5152,1.9469,274.0,2.6533,40.4799,-118.0651,1.2341
2.5237,36.3,7.7008,2.6426,288.0,1.9837,39.3279,-119.2993,0.7202
5.5084,46.1,2.6501,0.519,339.0,2.8657,37.2524,-117.4877,2.7705
4.3528,26.3,3.5511,0.6347,1715.0,2.4194,35.0955,-117.1211,1.8986
4.5708,17.0,5.9591,1.9819,791.0,3.6628,40.8335,-122.6947,1.5263
2.8431,39.4,4.0513,1.1497,1052.0,2.1083,39.8782,-116.607,0.8713
3.9031,12.2,12.2555,2.9119,423.0,3.1141,40.4601,-116.8857,1.5299
2.574,20.8,6.5314,1.7286,100.0,2.1742,33.8375,-114.0259,1.2488
7.6455,45.2,5.3433,1.5983,50.0,2.3634,35.4907,-114.9245,3.2091
8.3407,37.9,4.4691,1.3613,87.0,3.3835,36.5364,-117.3111,3.9174
1.4804,21.6,4.5397,1.5162,578.0,3.2999,40.4643,-117.0202,0.4784
2.5659,12.0,5.5603,1.3087,416.0,2.5426,40.9824,-114.5672,0.5854
1.8259,19.2,5.724,1.1945,327.0,2.6973,35.2065,-114.3446,0.9054
3.0343,15.5,4.5866,1.2748,279.0,1.6796,39.0211,-115.8169,1.1262
4.2628,10.0,4.9537,1.1549,3016.0,5.2651,33.2392,-116.4424,1.8735
1.878,38.9,8.1886,2.2021,177.0,3.955,36.3909,-123.3307,0.2
2.5777,13.9,8.269,1.9349,1020.0,3.8985,37.1234,-115.7816,1.3127
2.4538,24.2,6.0041,1.0843,404.0,1.5872,39.7735,-121.8414,0.5522
5.0752,20.7,2.8175,0.6871,380.0,2.3674,40.9737,-118.5803,2.0732
4.6721,51.1,6.577,1.8954,1309.0,2.6279,35.7042,-120.2436,1.9454
2.9065,20.9,8.6086,2.6674,1742.0,1.3876,37.5135,-120.8711,1.2883
4.9833,5.1,8.2396,2.0489,317.0,4.2887,38.6508,-121.2424,1.8095
3.2284,5.6,6.9689,1.2756,897.0,5.3739,35.6225,-115.518,1.8403
3.8076,31.1,8.3448,1.9438,581.0,6.8536,41.8626,-116.4241,0.8085
12.2322,31.6,5.6068,1.7227,406.0,1.9771,40.8199,-119.0038,5.4727
10.0169,22.4,6.7562,1.5713,495.0,3.1485,35.3158,-117.523,5.497
2.0549,23.0,4.1384,1.1973,203.0,5.0994,37.3255,-114.1625,0.6908
7.3731,3.8,6.0845,1.5299,297.0,2.7144,34.693,-120.3259,3.36
7.2924,27.3,8.1591,1.6175,226.0,2.3946,37.3878,-118.7134,3.6147
2.2503,26.7,4.3212,1.3362,994.0,1.4242,38.9917,-118.898,0.8222
7.3248,8.6,3.7771,0.6302,367.0,4.7259,33.3125,-114.6723,2.9776
11.2769,6.3,5.695,1.4521,110.0,2.9811,40.7661,-120.8086,5.1276
2.2852,7.3,5.0467,0.9678,196.0,2.244,38.1406,-114.1443,1.0327
2.5844,6.2,6.7983,1.1109,16.0,3.3654,41.9012,-121.3007,1.3721
8.2532,32.1,4.5935,1.1511,246.0,3.1938,32.7431,-123.3565,4.0582
5.2746,11.0,8.9369,2.2334,419.0,3.2133,40.3992,-122.4906,2.4055
6.2394,13.8,2.9206,0.851,352.0,2.7543,40.0236,-120.0247,2.4977
5.4978,9.9,8.0075,2.3938,2922.0,5.7485,33.7621,-117.6776,2.6574
5.6656,49.8,3.9703,1.1735,717.0,2.8478,35.6854,-119.0733,2.8647
2.0221,44.6,1.908,0.5,686.0,5.7415,40.9056,-120.5491,0.3961
8.4013,12.8,5.9758,1.6513,78.0,3.7646,37.4253,-118.5987,4.0359
9.0409,17.7,4.9908,1.3245,280.0,3.4572,36.3122,-115.6925,3.8627
3.9054,11.7,3.2808,0.7687,248.0,2.8711,41.1022,-115.6912,1.8716
4.3663,26.1,2.1372,0.5759,184.0,4.4352,33.3868,-116.8746,1.9508
1.7884,2.0,5.4833,1.8613,181.0,3.1431,36.9947,-114.4993,0.6652
6.1016,35.2,7.4517,1.4052,66.0,2.0692,38.6976,-118.3029,3.1328
6.3169,27.7,6.6699,2.2088,113.0,2.0417,38.2811,-124.4196,3.136
4.3175,46.8,5.6134,0.902,967.0,3.5573,35.0106,-121.4452,1.636
8.7988,9.4,6.4577,1.367,350.0,2.0898,37.8515,-121.0537,4.2661
3.6677,42.0,5.4456,1.1307,243.0,2.9303,39.2313,-118.7531,0.9767
6.2888,41.4,2.6406,0.7269,401.0,4.5854,38.0564,-114.9987,2.6389
2.4308,7.5,2.6582,0.5,1296.0,3.3926,39.0024,-115.6998,1.1433
4.4188,21.3,5.0937,1.6629,405.0,2.2505,34.9327,-122.0622,1.654
4.0365,9.7,5.1787,1.635,693.0,5.2804,40.4121,-119.0464,1.4631
5.1304,14.0,7.202,2.0195,173.0,3.7402,36.7721,-117.5789,2.6372
3.5905,14.4,7.0146,1.6953,217.0,4.5137,41.8786,-114.1311,1.5772
4.1417,29.4,6.7103,2.2586,575.0,1.2129,32.7212,-124.1713,2.0686
7.3568,22.0,4.9394,1.5616,2678.0,3.4292,36.113,-119.6293,2.922
3.4485,49.3,2.7387,0.6843,1685.0,4.2075,34.2145,-114.1249,1.109
1.7092,7.4,6.3241,1.8364,723.0,5.9305,37.7783,-114.2393,0.7355
12.8039,50.7,6.5503,1.7253,469.0,1.6728,34.8104,-121.0274,5.5
10.2664,12.8,1.0,0.5,1638.0,4.8668,39.506,-124.4998,3.9971
2.064,40.4,3.8313,0.8283,893.0,5.7994,40.8777,-118.3393,0.2
6.779,18.3,4.1179,0.9982,41.0,1.3406,34.5034,-115.3971,3.2129
3.3142,8.3,5.7367,0.9501,141.0,3.638,34.0264,-121.0949,1.6476
5.2493,44.8,3.8933,0.8622,566.0,3.8461,40.8159,-114.6902,2.4877
5.347,16.8,5.4237,1.5684,68.0,2.6358,35.9321,-121.0066,2.2704
3.8937,34.6,5.0789,1.7301,164.0,2.4694,36.6285,-118.0929,1.7737
2.8003,29.9,5.1817,1.7753,200.0,3.9241,34.5992,-116.9185,1.2336
2.9614,25.1,4.0672,1.0621,312.0,2.349,36.5405,-120.8731,1.2479
2.5864,26.3,4.222,1.1455,303.0,2.7541,34.6974,-120.8018,0.7419
2.7207,38.3,3.3395,0.625,302.0,4.1577,38.8263,-119.5651,0.697
4.3046,5.5,6.2601,1.8096,921.0,6.0594,37.2393,-115.7302,1.4815
2.917,35.1,6.6422,1.0902,309.0,3.7255,39.9866,-123.4411,1.3141
6.7479,46.7,3.9588,0.8192,275.0,3.1689,35.4709,-117.8695,3.3037
10.9391,3.9,8.5413,2.4229,105.0,2.4435,37.3032,-117.3878,5.0563
3.1644,8.2,4.8708,1.0329,1124.0,2.0052,34.9655,-118.6423,1.4408
5.174,37.5,8.5604,1.3694,206.0,4.6825,41.3775,-114.6737,2.0273
6.0485,23.3,4.2157,1.3338,136.0,2.8253,37.4584,-118.1791,3.4024
5.9489,21.6,1.4468,0.5,499.0,4.7602,34.1479,-117.8369,2.688
4.6907,8.0,6.3044,1.0252,187.0,2.6331,35.0913,-118.2025,2.0937
6.9979,26.8,5.9971,0.9893,238.0,2.317,33.2876,-116.9188,3.4026
5.9856,7.5,5.5688,1.1157,522.0,3.5549,32.7643,-123.0782,2.9022
2.1327,25.3,4.2155,0.7824,291.0,2.9136,37.4963,-115.1101,0.9587
7.5496,39.9,5.4309,1.6557,4071.0,1.8548,35.7027,-124.0538,3.518
7.6322,14.2,4.4775,0.9597,374.0,6.2149,41.6558,-117.7722,3.1417
2.835,25.5,4.8953,1.5221,748.0,2.3378,34.1276,-118.0375,1.3224
4.5849,51.6,7.1833,1.3272,58.0,4.3537,40.0422,-122.3147,1.8613
6.7531,36.0,5.8684,1.4588,171.0,4.207,35.5017,-124.0725,3.138
3.9528,43.9,6.7199,1.9327,136.0,1.8152,34.6236,-123.0422,1.5361
8.5317,22.2,5.0363,1.4122,155.0,2.0118,41.7115,-121.6474,3.9462
15.0,40.2,4.816,1.3014,611.0,2.6628,40.1245,-115.2379,5.5
2.7966,3.1,3.193,1.0696,1136.0,2.1249,38.4909,-115.5148,0.6125
1.9569,7.3,4.7599,0.9315,569.0,5.9929,39.1226,-123.8295,1.1277
5.3779,11.4,1.0,0.5,322.0,2.773,41.9181,-121.4627,2.2342
6.9098,21.5,4.3196,1.4116,215.0,4.2883,38.1355,-115.1622,3.0683
3.902,44.1,5.3363,0.8836,1229.0,3.6894,33.4681,-122.0151,1.6677
10.7183,18.7,6.6273,1.0682,3201.0,3.3388,33.1162,-114.0424,5.3698
2.0074,34.4,4.9626,0.976,462.0,3.053,38.8328,-121.8032,0.3522
6.792,37.2,6.1953,1.7137,1032.0,4.9276,38.7472,-116.7393,2.7857
3.1158,30.9,1.1404,0.5,569.0,2.1597,39.6077,-120.1209,0.8443
12.5739,19.2,5.3863,1.0129,859.0,5.9927,33.5334,-123.0694,5.5
14.8131,30.4,2.141,0.5176,126.0,1.7952,41.4766,-121.8209,5.5
2.8292,18.5,3.0834,0.8409,248.0,4.1066,37.736,-117.4113,1.3564
3.2228,5.3,5.1257,1.0237,599.0,1.7125,38.6708,-120.9609,1.4717
7.5064,51.6,8.0525,1.6921,1356.0,2.6478,32.8311,-118.1567,4.0253
3.5527,7.5,6.2424,1.7024,178.0,3.1184,41.6293,-122.3419,1.5643
4.3612,4.7,5.5365,1.8777,53.0,2.4727,37.8446,-119.7899,2.3959
4.5505,45.8,5.4609,1.5561,245.0,2.7936,37.8519,-119.1214,1.7674
1.4165,16.4,4.0727,1.2486,1108.0,1.725,41.4638,-120.1658,0.5944
4.4446,34.2,4.412,0.9855,83.0,2.0239,41.3288,-122.4219,1.3493
2.9629,17.8,6.3548,1.2992,124.0,3.6668,34.5928,-119.6537,1.4658
3.3338,21.0,2.7293,0.6574,471.0,3.04,41.3454,-117.2245,1.003
10.6566,14.4,6.6861,2.0822,359.0,2.2791,39.4979,-114.3685,4.7405
2.1088,18.5,4.723,1.1395,731.0,5.1024,32.6796,-116.21,0.5726
7.3004,21.9,7.1511,2.2837,118.0,1.8442,34.7785,-122.8046,3.5951
3.791,37.7,7.4222,2.5811,291.0,2.5996,36.4233,-121.6366,1.7686
3.7892,27.1,2.1538,0.5,1333.0,2.454,38.0368,-123.6723,1.3401
7.201,49.1,4.3368,0.6899,122.0,3.8421,39.1626,-123.0757,3.2109
5.4961,3.1,3.7889,0.6817,1767.0,3.0626,34.497,-121.8678,2.2971
6.3115,26.7,1.8745,0.5,139.0,2.877,40.4487,-122.405,2.5591
8.0118,30.8,3.4349,0.6053,943.0,1.4366,40.5343,-122.2567,3.5904
3.6738,47.9,10.3825,3.3653,278.0,4.2462,38.5325,-122.0769,1.6511
3.1039,3.5,6.719,1.039,128.0,2.7535,41.2504,-121.3429,1.5933
2.3371,30.2,9.3346,1.9897,245.0,3.1464,40.2233,-123.1813,1.2509
2.7312,44.5,7.1582,1.3381,696.0,2.2268,34.6054,-121.5827,1.4797
15.0,13.3,4.0163,1.3507,401.0,2.0911,40.0874,-117.2717,5.5
9.4575,45.7,4.7365,1.3447,1235.0,5.4724,41.5554,-122.0178,4.0155
1.9924,2.0,6.6769,2.2194,1696.0,1.478,33.8073,-122.6957,0.9852
2.0269,38.4,6.375,2.196,124.0,1.9706,41.7976,-123.7892,0.9885
5.9842,48.6,4.3453,1.0838,115.0,5.4314,32.7374,-119.2503,2.453
6.2237,34.5,2.48,0.5,109.0,3.8818,37.4606,-115.6592,2.1102
6.2297,23.4,12.0755,2.2792,164.0,2.6375,39.852,-123.8803,2.8455
3.846,3.3,5.2177,1.0153,1217.0,4.9463,40.0092,-118.8056,1.7908
4.1567,47.9,4.8485,1.4144,707.0,3.5921,39.4794,-117.6685,1.5259
5.4561,25.0,5.7267,0.9053,234.0,3.2972,37.5288,-118.2792,2.6309
4.7187,2.5,5.0145,0.8037,399.0,3.2878,38.6842,-115.285,2.0379
1.1834,36.2,5.7455,1.5606,1643.0,3.6186,39.1494,-115.4028,0.2791
3.9045,25.6,8.0739,2.2479,2719.0,3.6777,37.1981,-123.8983,1.5865
2.689,7.3,5.2509,1.4863,523.0,7.2311,38.159,-120.7101,0.679
4.9785,11.9,3.1746,0.7123,28.0,2.7789,40.5405,-117.4563,2.322
15.0,4.3,5.1767,1.6109,543.0,2.8134,35.4724,-114.4993,5.5
5.5873,30.3,4.5712,1.1735,1027.0,1.8317,37.4705,-116.0508,2.7169
3.7132,32.7,8.3478,1.4283,505.0,2.9424,32.5806,-122.6458,1.9752
7.7919,26.8,7.8422,2.4265,834.0,6.3291,39.0306,-121.5683,3.2873
5.9871,42.7,5.7151,1.9466,577.0,4.454,34.3562,-116.4823,2.4997
5.7665,44.9,2.9425,0.5,117.0,2.417,37.0695,-119.5495,2.5988
6.4502,32.4,3.0482,0.6958,166.0,3.0405,34.4969,-118.7533,2.927
15.0,1.7,5.5302,1.3688,293.0,1.7886,32.7236,-118.1057,5.5
2.2738,36.5,6.1726,1.1067,1171.0,2.0388,37.0906,-123.4154,0.4977
5.9547,22.3,4.7508,1.5371,188.0,3.1892,36.5359,-115.5124,3.0611
2.5707,29.8,4.5397,0.9389,636.0,2.4651,36.5389,-115.4371,0.6047
6.2545,34.1,4.3144,1.3228,547.0,1.9781,34.4837,-119.5835,3.2564
2.5826,18.9,5.4532,1.5498,1971.0,3.6544,41.4984,-117.9181,0.4255
3.4889,47.8,1.0,0.5,387.0,2.9069,32.5333,-117.571,1.7427
3.7545,7.8,3.2973,0.6213,70.0,1.6048,40.9697,-122.5079,1.5992
8.0485,35.2,4.2459,0.8243,770.0,1.3099,39.5006,-123.3179,3.3703
7.7762,1.2,7.915,1.2622,3422.0,2.3917,34.1347,-124.2829,4.2004
2.1224,48.2,3.8724,0.7673,823.0,1.5915,36.9858,-114.9147,1.1201
4.6319,6.7,5.8609,1.2841,184.0,1.4225,41.8941,-120.87,2.2898
2.9278,5.8,5.9531,1.8849,137.0,4.719,38.6151,-123.5988,0.916
2.1062,18.0,8.0958,1.8076,156.0,2.889,33.7101,-119.6091,1.453
3.9345,20.1,8.0252,2.415,2991.0,2.7015,36.8476,-123.7059,1.2852
3.7244,11.9,5.385,1.281,291.0,2.7861,36.9479,-123.6049,1.083
15.0,30.8,4.549,1.3964,208.0,1.9057,40.1215,-119.3667,5.5
5.8111,23.6,4.1723,1.4405,344.0,3.5409,41.2035,-119.1572,2.1341
1.961,2.7,5.0179,0.9934,294.0,2.8511,33.2813,-118.4085,0.8311
3.1936,17.3,4.6319,1.4937,1935.0,2.219,35.4834,-117.6087,1.264
8.2716,42.3,6.6073,1.8128,146.0,2.356,35.3352,-117.4832,4.0249
15.0,36.2,6.3406,1.9875,1314.0,1.8386,41.9625,-119.9535,5.5
1.7305,38.0,6.6836,1.8735,456.0,2.5536,37.8127,-117.7429,0.2
1.4507,36.6,8.0186,1.8827,1349.0,2.7296,40.8584,-121.3002,0.4346
13.7712,16.9,9.2257,1.8047,1964.0,2.5271,36.5473,-119.8663,5.5
5.662,6.1,5.7493,0.9429,439.0,3.0712,39.3659,-120.3701,2.3903
2.6619,14.9,7.6989,1.9794,294.0,2.9113,35.2226,-121.0443,1.7946
6.1767,43.4,4.7967,1.6696,431.0,3.2947,41.162,-121.995,2.5212
0.9218,51.0,7.87,2.3422,367.0,4.3808,36.8239,-123.6762,0.2103
4.4908,26.2,7.623,1.6425,77.0,3.8084,40.1354,-119.1879,2.2019
5.4559,1.5,7.5168,2.3711,1905.0,4.401,34.9303,-118.8585,2.0318
7.8034,8.1,5.6881,1.728,516.0,2.1402,39.0892,-120.9704,3.7239
2.4392,17.4,4.1633,0.859,126.0,2.4511,36.349,-114.2536,1.3711
4.7181,30.5,2.7109,0.5,51.0,3.9018,32.7987,-118.6519,2.201
2.5722,4.8,5.4199,0.9411,39.0,3.9298,36.4236,-115.1654,0.7507
5.2238,49.1,8.566,2.7879,872.0,2.29,37.7252,-118.5141,2.3333
2.619,19.6,4.8803,1.5486,217.0,3.8368,33.9417,-122.5059,1.2565
3.5083,47.5,7.0703,1.478,256.0,2.0598,34.2472,-114.2665,1.2275
2.4658,40.8,7.1879,1.4882,657.0,3.6416,36.9162,-115.204,0.6196
6.6239,39.5,4.9326,1.5221,241.0,2.9727,35.7559,-119.5516,3.7515
7.5013,31.9,8.1327,2.7452,697.0,1.7267,36.687,-121.9479,3.9022
3.8932,33.0,1.0,0.5,444.0,2.5253,36.8779,-122.162,2.0649
4.5857,33.5,3.0545,0.8281,371.0,7.1916,33.8307,-116.0368,2.0075
1.8792,33.1,3.6687,0.7284,84.0,3.258,34.2213,-123.7743,0.9507
3.7441,29.2,3.8606,0.985,178.0,7.5397,40.5576,-117.8004,0.9249
4.3487,51.3,6.1725,1.2142,737.0,1.6861,34.0458,-117.7786,2.3516
15.0,38.3,6.0801,1.8946,204.0,4.0564,38.8262,-122.5842,5.5
2.2998,40.6,6.288,1.4298,1347.0,1.0901,36.476,-117.0984,1.356
10.7888,45.5,6.6922,2.1197,4215.0,3.0039,41.6982,-117.0932,4.6465
8.1508,12.0,3.5998,0.8147,778.0,3.867,33.128,-120.8247,3.8762
5.3036,5.3,3.0636,0.9645,1795.0,4.2003,40.3887,-119.4246,2.1364
12.8735,25.6,6.2926,1.3634,829.0,2.1821,37.1688,-115.756,5.5
5.6028,27.2,4.2395,1.0091,236.0,4.5523,32.5508,-119.0069,2.8117
5.6604,43.3,2.359,0.6443,493.0,2.4267,35.0048,-118.0094,2.4342
4.3411,23.6,7.4427,1.221,3021.0,2.8133,36.3731,-120.1659,1.7883
9.3385,30.1,8.2902,2.8157,239.0,2.5261,35.4849,-122.9292,4.4018
8.6528,27.9,8.6143,2.2804,143.0,1.9068,35.9433,-114.0203,4.3261
3.079,2.9,5.874,1.4777,130.0,5.6288,41.2084,-118.9189,0.7768
2.0308,32.4,6.7519,2.1463,325.0,3.0624,35.9289,-120.9673,1.4248
3.9678,43.2,8.2397,2.6627,148.0,4.641,36.4789,-117.0052,1.4817
2.7731,9.0,4.2172,1.0731,2152.0,4.5626,39.7307,-117.9814,0.8439
4.3141,31.3,7.7214,2.5901,501.0,2.0397,40.0414,-122.0545,1.6867
9.4165,31.3,6.0508,0.986,1066.0,4.8864,33.2989,-115.2923,4.5127
3.4063,9.4,7.3274,1.265,299.0,3.6743,39.1887,-123.7555,1.5803
4.368,7.3,5.8722,1.5817,129.0,1.9811,37.0844,-118.1402,1.6292
4.6405,51.0,8.0925,1.7869,109.0,3.595,33.7716,-119.4822,1.9231
7.4563,21.1,5.947,1.4442,163.0,1.9953,35.0148,-121.1589,3.5226
1.164,12.6,2.532,0.5459,571.0,5.7121,32.9278,-115.823,0.2
3.1142,9.7,8.4039,1.9408,678.0,4.16,35.9223,-117.6091,1.4755
5.0874,35.0,3.6049,1.1339,737.0,2.9199,34.9264,-116.5253,2.4192
9.2078,32.1,8.0061,2.1512,91.0,4.9824,36.13,-120.1461,4.0712
3.3363,33.8,5.3195,1.859,403.0,1.5955,38.0132,-114.6048,1.5788
1.4536,5.5,7.852,2.4135,145.0,2.2261,39.4572,-120.8804,0.5247
6.5002,46.6,7.7695,1.5907,603.0,2.7157,38.2508,-118.924,3.0576
3.0611,20.9,6.3603,1.2903,651.0,7.3469,38.9446,-114.6967,0.6697
2.195,17.0,6.5171,1.4154,125.0,1.9578,40.7236,-123.6265,1.0846
3.0814,24.6,6.3453,2.0219,1062.0,1.5175,40.8013,-123.3575,1.7704
4.012,20.9,1.4724,0.5,4183.0,1.6858,40.6768,-114.061,1.4794
3.1179,45.0,5.7367,1.1246,930.0,4.3167,33.9551,-114.3004,1.7563
1.1932,48.4,3.2679,1.0816,343.0,2.3687,34.8852,-116.3971,0.2
7.6771,16.5,5.8424,1.6241,294.0,2.819,37.2721,-119.416,3.5051
9.6304,45.1,3.2141,0.6279,327.0,4.0761,35.908,-119.1864,4.6445
6.6254,40.9,3.1301,0.6067,189.0,2.8201,33.7509,-121.7993,3.6773
2.2646,48.5,8.7099,2.8091,519.0,3.2598,35.2336,-119.9563,1.264
3.9713,13.5,7.6389,2.5113,129.0,3.7213,41.7666,-119.9708,1.3088
4.4642,30.4,5.4917,1.1051,61.0,2.5288,35.7958,-124.1211,2.0725
6.4191,15.0,5.8695,1.3741,503.0,2.8108,36.4797,-119.7418,3.2128
6.6926,43.0,5.0042,1.5859,412.0,3.3095,32.5608,-119.4622,3.2474
2.8849,1.3,6.6398,2.0198,228.0,4.2515,39.3344,-117.5093,0.8868
4.7077,29.8,4.1479,1.2974,112.0,2.1881,36.4287,-119.0772,2.1612
5.8966,18.3,7.4875,1.8994,539.0,1.0,33.4798,-115.4523,3.2279
10.7348,17.5,4.9938,1.6595,150.0,3.9426,41.7013,-120.6406,4.546
6.8394,33.9,4.6603,1.0029,351.0,4.354,39.8856,-120.198,3.2254
7.1953,44.4,5.5434,1.0052,2357.0,3.2544,39.3984,-118.4994,2.9329
4.7129,32.1,4.3177,1.2597,774.0,3.3445,41.5998,-122.3714,1.7942
10.4466,44.5,6.1574,1.5878,103.0,2.3971,36.3711,-120.3683,5.4706
5.7308,14.5,4.4253,1.4201,113.0,3.6696,39.3261,-117.2952,2.4688
2.6734,27.5,6.437,1.07,470.0,4.226,34.459,-120.176,1.5124
10.4022,24.0,7.932,2.5282,102.0,3.0728,39.1226,-114.9805,4.7163
6.8124,1.6,4.0614,0.8474,55.0,8.1376,32.6338,-118.0393,3.1012
3.4355,29.4,5.2388,1.472,687.0,1.6072,33.6999,-122.8854,2.0494
3.3612,34.7,6.4227,1.0149,556.0,3.2065,36.54,-119.3818,1.2895
5.3545,31.2,4.6283,1.2585,633.0,1.8781,32.6149,-116.4698,2.7106
5.9175,38.6,6.4286,1.8865,525.0,4.2714,36.8887,-117.7449,2.6063
5.0449,30.1,6.6108,1.4792,378.0,1.5959,37.4665,-115.2047,2.5757
5.4021,4.4,7.6665,1.4803,208.0,1.762,38.4053,-116.6252,2.8915
12.4283,6.9,4.288,1.1043,676.0,2.332,33.4537,-123.8531,5.5
8.5243,31.4,3.6144,1.1445,1863.0,3.3412,34.2196,-123.3186,3.9349
5.0248,15.0,4.8848,1.0488,244.0,2.3674,38.3262,-117.6776,2.8345
7.8836,5.1,3.5645,0.7147,145.0,2.377,38.7528,-121.9967,4.0576
2.4121,22.9,6.629,1.3642,130.0,2.7945,32.7461,-118.3277,1.5955
5.6903,29.3,3.1765,1.0795,170.0,2.7267,37.6335,-116.1817,2.5231
13.271,17.8,10.166,2.2554,494.0,5.4465,39.9573,-118.4422,5.5
3.9321,37.7,8.0919,1.2196,47.0,3.9526,33.1565,-120.1374,2.3475
2.6951,33.8,5.5252,1.6926,626.0,2.6384,36.4251,-117.7142,1.202
3.0306,18.0,7.2348,2.097,768.0,6.9504,35.6019,-122.992,1.1214
2.3308,39.5,2.2264,0.5,67.0,3.6571,41.1798,-116.9063,0.4587
2.7987,34.1,10.5467,3.6595,152.0,2.0389,34.2651,-117.1812,1.7478
3.5884,33.5,4.3196,1.1732,437.0,3.3288,35.5244,-119.0988,1.7713
1.9283,29.2,5.259,1.3156,350.0,3.7218,41.0352,-121.5725,0.7179
4.5239,1.6,1.7881,0.5,678.0,2.2818,35.6412,-116.1256,2.0459
7.7011,36.5,6.4726,2.1342,350.0,1.9719,37.5478,-119.1392,3.3141
2.5996,20.2,3.2873,0.6535,1429.0,3.1099,32.8138,-123.8786,1.2256
11.1515,49.1,5.7033,1.1815,293.0,2.601,41.8566,-114.8546,5.3953
6.0889,42.7,4.4115,0.7697,151.0,5.4284,40.337,-116.439,2.1305
8.3174,31.0,3.3445,1.0095,139.0,4.0409,38.5268,-118.3595,3.702
3.0201,13.9,3.8913,1.0472,842.0,2.3249,33.0772,-119.9133,1.9169
7.4836,11.4,5.9516,1.6177,416.0,3.5622,33.2113,-114.4211,3.3825
2.3276,18.4,2.937,0.5689,760.0,4.9871,37.6772,-116.3623,0.5575
7.6457,25.3,4.0024,1.1216,745.0,1.7203,35.2081,-118.8826,4.2167
4.9684,16.1,6.8265,2.0691,54.0,1.9955,38.4165,-117.6419,2.4822
6.2461,27.3,10.705,2.372,129.0,2.9908,38.1828,-121.5521,2.98
2.2137,9.4,6.4552,2.0028,145.0,3.0473,40.4672,-122.445,0.8359
2.6194,50.9,3.6655,0.8055,178.0,2.9421,35.1731,-121.6301,1.3861
6.4131,6.5,4.7658,1.4375,265.0,2.653,37.9897,-121.4221,2.972
2.537,48.5,5.5632,0.872,1096.0,2.6368,39.885,-116.7327,1.0765
5.9176,47.6,4.8012,1.2494,1337.0,3.5033,37.1623,-123.0294,2.632
1.9733,27.8,7.3061,2.5126,301.0,4.7284,40.3911,-116.3353,0.6185
7.4551,38.0,5.9349,2.055,314.0,2.4784,33.7471,-119.0043,3.9481
2.1393,23.2,7.3157,1.5096,199.0,7.9674,39.472,-120.462,0.2999
6.2425,33.1,4.8711,1.1607,441.0,6.5816,41.4583,-121.3458,2.0436
6.5233,18.4,8.151,1.3253,494.0,5.1126,35.6529,-119.1114,3.2285
2.9504,16.4,5.167,1.6776,904.0,3.8535,35.9802,-121.1661,1.1693
6.3548,30.5,3.5576,0.9382,896.0,6.7073,33.2937,-119.9908,2.5473
5.2397,26.4,9.8546,2.2372,40.0,2.675,38.5942,-116.7403,2.777
3.2436,30.6,1.85,0.5,346.0,2.1532,37.7483,-117.927,1.729
2.447,15.6,4.0225,1.3651,1610.0,2.4342,32.8833,-116.6462,1.0938
1.3805,19.7,4.2459,1.0871,260.0,2.0114,39.646,-117.0138,0.4627
5.5278,5.3,10.5166,2.1726,1260.0,3.1542,40.3782,-115.9417,2.2274
1.7526,3.7,9.1137,2.0054,297.0,3.387,41.1176,-122.3823,0.6034
4.7455,13.9,8.4879,1.7327,481.0,3.2555,37.6845,-114.0512,2.3586
3.8264,4.8,4.8387,1.3082,129.0,2.9893,36.7995,-119.5044,1.7853
6.7361,6.3,10.3524,3.4783,134.0,3.1685,40.8233,-116.9586,3.1039
3.7388,42.5,6.2367,2.0041,833.0,6.0166,36.2876,-117.3836,1.5845
3.6779,3.0,7.4545,1.8046,974.0,3.8498,38.7267,-118.5554,1.5822
6.9526,34.6,5.8594,1.8475,414.0,4.3449,38.3459,-114.0439,3.8596
5.4796,14.9,5.4011,1.2672,118.0,3.2424,36.0355,-122.2182,2.7038
5.4178,45.4,4.9964,1.0016,421.0,1.5742,33.3255,-120.0718,1.988
5.9391,25.7,5.0807,1.7614,1418.0,1.4542,32.7034,-123.1588,2.6956
1.7836,16.6,6.717,1.4158,2305.0,6.9111,36.5683,-122.5907,0.3975
7.0574,27.4,6.2344,1.3388,294.0,2.4285,37.0714,-117.0139,3.2633
6.472,20.5,5.4371,1.8918,77.0,2.3474,40.3154,-124.4492,2.8087
2.4351,29.8,8.519,1.506,935.0,3.3144,36.4369,-115.1569,0.7552
3.8712,6.8,1.0,0.5,306.0,3.744,35.171,-117.8516,1.4953
4.3772,51.8,6.5198,2.1982,1036.0,3.9383,36.8899,-119.8705,1.8892
4.1342,22.7,6.9355,1.7502,534.0,6.109,34.7609,-121.0207,1.8618
5.4757,18.8,7.7939,1.173,167.0,5.4756,33.3679,-123.1741,2.3545
10.5785,37.2,5.3703,1.2084,428.0,2.172,33.5739,-114.8236,5.5
8.5768,19.6,5.9158,1.0194,1493.0,4.426,35.532,-117.0206,3.6284
2.0394,43.5,7.4719,1.7427,348.0,2.5763,32.6204,-120.9679,1.2946
6.5094,24.2,8.4823,2.6126,143.0,2.8434,34.5919,-123.7552,3.4488
9.9479,37.7,4.8989,1.1647,82.0,1.9394,39.9815,-121.0803,4.4653
5.6524,6.5,6.034,1.4263,186.0,1.5262,34.7289,-122.5613,2.6842
8.6243,44.2,8.8571,2.3149,268.0,2.9665,33.5519,-116.2441,4.5378
14.9897,38.5,1.2519,0.5,916.0,2.0495,41.5163,-116.9442,5.5
8.2832,11.8,4.12,1.3236,132.0,4.3541,38.4135,-119.2693,3.6947
5.2048,8.4,8.4317,1.7847,1908.0,2.6847,33.0702,-115.1987,2.8792
8.3901,17.1,7.6851,2.4157,106.0,3.3988,33.0913,-122.6029,4.4371
4.8887,50.8,6.5449,1.7225,4153.0,5.1914,38.3152,-119.7544,1.3262
4.5464,14.1,4.6028,0.9671,2265.0,1.6584,37.6312,-117.0385,1.9965
3.6297,24.3,3.7364,0.781,465.0,2.2483,33.1496,-123.7881,1.5627
11.4507,2.5,4.3176,0.9595,78.0,3.2296,34.631,-120.5869,5.5
2.7427,21.3,8.596,2.3599,382.0,3.4042,41.3259,-118.4975,1.5303
11.2393,30.1,4.2431,0.8323,274.0,4.6711,37.9341,-120.6486,4.9435
6.0492,49.6,5.7028,1.9051,113.0,4.2498,36.6831,-119.4579,2.7045
1.9356,27.4,3.9926,1.058,540.0,3.1229,34.8765,-118.1148,1.0856
5.5878,42.8,7.1855,2.4,177.0,3.3918,33.7701,-120.6319,2.7835
1.2712,28.9,4.4225,0.7044,197.0,3.4296,36.325,-123.3868,0.6103
6.5228,3.1,5.3048,1.1592,329.0,1.6688,41.2625,-123.0358,3.0767
7.6228,17.1,2.1332,0.5,227.0,2.822,32.9628,-118.9665,3.4438
3.1411,30.4,2.2733,0.5,3223.0,3.3181,41.9143,-122.6652,0.7394
4.8265,49.5,5.5153,1.7782,236.0,3.609,34.4742,-115.1567,2.5989
14.476,44.8,2.8497,0.5,627.0,2.0756,36.3833,-115.7411,5.5
3.3087,12.6,9.7102,2.3035,467.0,1.8085,32.928,-120.8352,2.4856
2.3742,12.2,1.377,0.5,574.0,2.7352,38.0554,-115.7746,0.2963
10.9026,11.3,3.8996,0.9101,620.0,6.5992,37.0938,-118.9015,4.9745
14.5494,48.0,5.5334,1.7584,974.0,2.1647,38.8337,-122.83,5.5
4.4916,44.5,4.7697,1.3098,527.0,4.8046,37.6554,-118.0508,1.5144
8.2225,40.5,3.2917,0.9788,505.0,5.6627,36.2827,-117.3658,3.9751
10.023,21.0,3.5841,0.7879,428.0,3.0593,39.5087,-123.6191,4.5665
2.8706,26.7,3.5187,1.1924,351.0,2.2889,32.7377,-121.1982,1.3537
3.3495,24.7,4.9266,1.4378,162.0,3.6882,37.6398,-124.4435,1.5003
9.3795,13.9,9.4039,2.2039,380.0,3.2479,33.5818,-121.1775,4.2063
12.3173,26.8,5.6559,1.3308,514.0,2.1305,36.6421,-120.9778,5.5
6.2823,2.6,7.8658,2.6251,603.0,2.3082,40.0157,-117.8828,3.5537
2.6435,7.7,6.514,1.728,483.0,3.6018,33.8534,-122.41,1.5863
14.7647,46.2,7.7277,2.2509,320.0,4.3639,41.3902,-124.184,5.5
3.259,39.3,1.0,0.5,381.0,2.6403,40.9408,-121.1858,1.0167
3.6653,22.6,4.8911,0.9525,232.0,2.9222,36.4416,-115.831,1.3839
5.5036,27.4,8.1143,2.3914,552.0,3.9253,32.5568,-120.309,3.1398
11.3873,19.9,4.3565,1.1831,323.0,2.8039,40.0026,-120.1415,5.5
7.4811,38.8,9.0249,2.2587,483.0,2.6652,40.8685,-119.5752,3.6507
5.7484,41.0,8.4678,2.327,1098.0,2.2208,34.16,-116.6062,3.0328
5.9178,39.9,4.5617,0.8743,198.0,2.2054,41.2038,-119.4597,2.7118
4.6002,37.9,4.4937,1.3876,733.0,8.7369,41.1839,-123.5415,1.0797
6.2644,11.4,3.4728,1.1795,417.0,2.7774,36.9773,-122.3328,3.6678
0.9824,18.2,4.2408,1.3919,3045.0,5.1863,40.0813,-122.5271,0.2
3.751,25.0,3.0348,0.6503,325.0,5.892,36.727,-119.1674,1.2153
5.1799,17.9,6.3576,1.4699,808.0,2.7915,37.8584,-124.1857,2.7466
2.2465,39.5,2.5879,0.8066,410.0,3.4812,35.5385,-121.522,0.8166
5.6508,17.8,6.7075,1.8045,101.0,3.1299,34.015,-118.1245,2.8735
3.9643,8.0,6.7562,1.7538,240.0,1.5764,39.5921,-120.7762,2.3468
12.8492,21.4,2.1776,0.7302,973.0,1.6148,32.5132,-117.069,5.5
11.5169,51.0,8.5996,2.2119,262.0,3.0634,38.0058,-120.3922,5.5
3.3889,12.5,6.5272,1.6513,44.0,2.5346,40.7145,-114.2178,1.0609
4.0939,32.2,6.9994,1.1087,391.0,6.4021,34.6021,-114.3638,1.8489
4.2872,23.1,3.9827,0.6527,135.0,2.7329,35.6625,-116.1017,1.7488
3.4178,4.6,6.7448,1.0217,460.0,6.5559,38.0811,-114.4789,1.1039
5.038,25.9,7.7528,2.579,1903.0,2.4829,34.8453,-122.3498,2.4736
2.8435,36.8,5.3028,1.2285,871.0,6.4552,40.5511,-116.6153,0.6431
2.2742,27.2,9.5038,2.3162,1876.0,3.6787,35.9827,-121.1226,1.157
6.5119,45.5,5.5881,1.783,230.0,3.7634,38.0253,-116.8844,3.1537
6.5386,15.7,7.7816,2.1154,350.0,2.4481,34.6482,-120.5741,3.6338
2.766,5.4,6.086,1.6548,142.0,3.7839,32.8932,-121.4611,1.0198
7.6692,48.8,6.671,1.3963,204.0,5.9126,34.1502,-114.4327,4.2544
3.0681,20.3,2.1573,0.6834,160.0,2.8351,32.9389,-122.2962,1.4702
5.2169,30.4,6.2421,1.1433,109.0,2.6228,36.9517,-116.535,2.9071
7.3317,41.4,4.03,0.6473,1581.0,2.7218,38.0731,-117.4159,2.5204
4.3922,17.5,3.8072,0.717,50.0,5.7434,32.9244,-121.3135,1.8676
5.8876,37.5,8.9882,1.8295,1588.0,4.2297,33.3596,-119.6874,2.407
3.2875,7.9,5.0725,1.0473,1403.0,5.3606,37.1125,-122.9991,0.8993
3.9833,15.9,3.4934,0.9925,665.0,3.4057,40.0922,-114.8273,1.5484
3.961,8.4,4.7817,0.9256,132.0,3.0518,38.4661,-114.3347,1.6736
2.8635,42.4,2.8991,0.8272,83.0,3.5593,33.4947,-116.8091,1.6641
4.0307,12.4,8.3678,1.4077,233.0,4.6092,40.9317,-115.5811,2.2026
1.7697,37.6,4.1086,0.7373,754.0,2.7214,41.2158,-123.6325,0.2
3.3378,49.1,6.5586,1.6512,405.0,5.1938,35.5871,-120.4683,1.197
3.7775,27.9,8.2122,2.746,142.0,3.4776,38.3522,-121.0265,1.3948
3.8431,28.5,4.4997,1.4485,1272.0,1.1474,37.1771,-118.568,2.1275
3.8772,24.5,6.564,2.2564,2174.0,4.2776,41.4492,-122.5748,1.3076
4.3186,17.6,3.4398,0.9635,322.0,1.8059,37.3331,-118.5845,2.0378
5.9755,25.3,10.3915,2.9633,450.0,4.2362,41.6197,-117.6292,2.7324
7.5739,31.7,7.3728,2.0275,89.0,4.3086,34.3938,-123.1103,3.6082
3.0348,51.3,5.1148,1.4043,267.0,3.4279,35.7826,-123.1169,1.0489
2.1773,48.8,3.9543,0.7095,672.0,3.734,39.9228,-124.1281,0.5889
2.3983,45.0,5.272,1.3641,575.0,4.6625,39.9443,-116.5106,0.5672
3.3457,46.3,4.82,1.0952,243.0,2.4639,39.4557,-121.0244,1.488
3.6286,24.9,9.4059,2.2434,307.0,4.1263,40.6663,-122.1331,1.0289
2.8236,34.5,3.0489,0.7766,258.0,4.7837,39.1742,-116.33,0.9071
2.0592,46.6,5.7696,1.0136,305.0,6.0741,38.5428,-122.9958,0.2624
3.4087,21.0,5.4633,1.2123,616.0,1.9303,36.8598,-120.0146,1.6847
4.9971,50.0,5.2652,0.8566,56.0,3.5375,36.9373,-116.6797,2.5427
6.4046,22.2,5.2828,1.8275,375.0,2.045,36.3585,-118.4748,2.9722
3.2077,31.7,5.2679,0.9151,572.0,2.0106,38.392,-118.683,1.7984
3.498,37.2,7.2461,1.4616,228.0,3.4681,36.3633,-122.8466,1.1185
2.5702,49.5,6.718,2.2052,250.0,3.0987,33.9012,-122.6002,1.7171
4.3979,13.5,6.3378,1.5625,257.0,4.7493,33.512,-118.3831,2.4717
2.6938,39.1,1.0,0.5,250.0,2.6157,41.2825,-124.2525,0.5321
6.321,27.6,6.0996,1.3837,406.0,2.8473,32.735,-115.3743,2.9795
1.5349,14.7,2.1887,0.5,459.0,3.2694,33.5019,-120.8201,0.2
3.6119,40.6,6.7926,1.2909,49.0,2.1282,36.7304,-120.1255,2.0848
5.3691,29.2,8.449,1.3553,775.0,2.2496,34.9978,-121.7865,2.693
5.0043,34.7,3.6475,0.8668,302.0,4.6947,36.3556,-115.295,1.9919
15.0,17.5,4.9764,1.5493,2788.0,2.4119,33.6158,-117.7537,5.5
5.5283,25.5,4.3013,1.1493,123.0,4.821,33.7436,-119.776,3.0942
2.4536,32.5,7.9709,2.1622,169.0,3.8302,40.1063,-118.3543,0.6268
4.2322,21.7,5.6901,1.0818,329.0,1.6177,39.7115,-120.5061,1.991
1.5438,11.1,8.9567,1.9595,610.0,3.7142,33.4904,-119.6114,0.927
4.2701,50.0,6.3275,2.0188,57.0,3.7024,38.844,-120.7449,1.6828
2.7187,27.1,5.9849,1.0029,176.0,3.5579,38.2885,-120.1879,0.9462
7.762,38.4,5.6364,1.8126,729.0,2.8384,39.2769,-121.1927,3.4321
3.2229,22.0,7.136,1.7607,156.0,2.0626,37.0073,-123.6848,1.8012
4.1785,19.1,2.0246,0.6427,1588.0,5.1474,35.0649,-124.1079,1.4457
3.0608,21.8,5.6707,1.2113,256.0,2.8845,38.805,-122.6719,1.8053
12.7217,21.9,5.3599,1.1672,164.0,2.1099,36.0279,-121.8578,5.5
3.696,28.8,6.9508,2.0875,743.0,3.6074,34.5801,-115.15,1.9668
13.4575,28.7,5.1246,1.5732,2013.0,2.232,36.382,-118.0819,5.5
7.3045,26.4,3.4225,0.6706,612.0,2.0552,39.7511,-114.4379,3.1065
5.9849,7.9,5.5147,1.9002,1423.0,2.5852,37.02,-120.9337,2.5297
5.5915,26.3,3.3343,0.5565,2157.0,2.3021,35.3487,-120.2818,2.193
5.6762,9.6,1.6495,0.5,160.0,2.0857,40.4028,-116.9426,2.5716
1.4097,7.4,6.9542,1.8714,1031.0,4.1477,40.8756,-118.432,0.2181
3.7912,48.6,6.6581,1.9611,88.0,2.8705,36.6159,-118.9573,1.0926
7.4417,31.9,6.4342,2.2016,617.0,4.9576,36.0595,-118.4566,3.979
4.3521,34.6,8.1059,1.8724,376.0,2.1344,38.3206,-118.3666,2.173
1.9288,21.5,4.1699,0.6466,1398.0,1.5053,33.0508,-116.4597,1.0115
4.343,47.4,2.6378,0.7137,1303.0,3.1884,39.0676,-117.4851,2.0206
12.4592,33.5,5.3599,1.1145,713.0,6.3116,39.9317,-114.4482,5.5
9.4701,40.2,4.805,1.1368,544.0,3.7151,36.2757,-114.5464,4.3702
4.318,19.8,3.8154,0.9451,671.0,10.0,34.1589,-120.0698,0.7616
7.9317,50.0,5.3403,0.8699,429.0,3.4309,32.7738,-124.1249,4.0928
3.597,42.8,4.2768,1.0572,379.0,3.301,38.5538,-124.3837,1.1498
1.6123,44.6,1.828,0.5,1707.0,1.2685,35.0554,-123.2065,0.9599
2.5736,9.8,4.6176,1.3507,1925.0,3.5651,36.907,-123.7136,0.6669
11.4471,14.8,3.2272,0.9008,350.0,3.2138,36.1704,-120.5797,5.3687
3.8023,15.6,5.9633,1.1154,512.0,2.5524,34.1614,-123.9448,1.5561
3.8728,14.8,4.1879,0.8008,438.0,2.8442,37.3295,-117.9384,1.3608
3.7438,44.6,7.7233,1.5462,81.0,2.9234,36.8661,-122.5032,1.7805
14.048,2.6,8.7077,1.6178,288.0,2.7955,38.4294,-119.1034,5.5
11.8885,4.9,6.8588,1.9303,1998.0,6.9302,34.8929,-123.4177,5.27
15.0,15.0,2.3979,0.8366,191.0,2.59,34.5391,-115.8088,5.5
4.0738,11.2,8.5104,2.3865,3343.0,3.2147,40.2363,-116.3104,1.7081
5.3515,12.8,8.6514,2.3475,1303.0,2.556,39.1708,-120.4419,2.4974
1.804,41.7,5.5376,1.2846,603.0,4.1098,39.836,-114.9388,0.2
10.8717,29.7,8.1459,1.7311,707.0,3.2243,33.6713,-122.5501,5.5
2.2241,1.3,4.3966,1.4606,161.0,2.686,34.6284,-115.9537,2.0031
5.1042,22.9,1.7675,0.6077,309.0,1.3904,37.9675,-118.7685,2.2956
2.3201,21.8,3.9794,0.9923,1705.0,3.3112,40.6434,-121.0394,0.3488
3.1477,6.8,8.9586,1.8637,218.0,2.6543,40.9751,-123.6142,1.4966
2.7119,35.5,2.5178,0.7655,1166.0,2.9321,40.4031,-122.7012,0.3709
3.112,36.8,5.499,0.9705,102.0,1.872,32.9123,-115.4399,1.8642
3.2431,37.8,5.5683,1.6878,122.0,5.3298,40.2984,-118.1277,1.4969
3.2253,38.2,4.4741,1.4039,2701.0,4.2321,41.0414,-122.0105,0.6073
7.3891,1.0,4.613,0.8072,399.0,5.3243,33.0391,-119.2935,3.325
2.3096,49.6,5.6445,1.9495,235.0,4.7531,36.4547,-123.3677,0.7643
5.1158,42.5,4.3757,1.5188,1576.0,3.8073,37.5978,-123.4622,1.9123
9.3071,47.1,2.6559,0.8959,1402.0,1.9023,34.7111,-114.9685,3.9866
3.2939,1.8,5.9301,1.4778,1013.0,6.2799,37.4085,-119.6925,1.0155
2.9132,48.6,7.6467,1.5233,228.0,2.0729,40.9166,-120.7035,1.0787
3.9028,42.3,7.2391,1.9285,303.0,2.6983,40.736,-114.5347,2.0747
9.096,43.7,3.8805,0.908,551.0,3.9859,41.4285,-120.3105,4.2898
5.0353,5.8,2.9975,0.5731,808.0,4.0658,37.099,-120.9695,2.5599
3.2585,38.7,4.9316,1.1576,243.0,3.7769,36.4004,-121.6336,1.6207
5.9914,50.0,8.6356,2.442,479.0,2.5597,38.825,-118.5668,2.8966
2.3132,35.6,6.7912,1.115,527.0,2.3566,36.4592,-118.6367,0.8567
6.7451,30.1,6.9079,1.4968,1461.0,8.2798,32.8985,-124.33,3.2267
5.7268,49.2,7.2797,1.1179,858.0,2.9573,39.3393,-117.6323,2.6901
3.7259,23.6,6.3415,1.9018,89.0,2.8159,35.1693,-116.2228,1.4834
2.7097,31.6,5.7412,1.5969,326.0,2.2582,32.9663,-118.0324,1.184
2.6327,25.3,6.8246,1.1092,159.0,3.313,32.6959,-115.3662,1.0514
6.1774,48.6,4.4077,1.5116,712.0,3.2518,41.3479,-121.5976,1.9221
9.3688,4.9,2.6711,0.5,1016.0,2.9847,34.8947,-122.4842,4.61
3.0576,26.6,6.946,1.8615,447.0,3.4997,36.755,-117.1786,0.9948
5.9005,36.0,7.9755,2.4347,309.0,6.0825,41.5305,-122.5201,2.0871
1.2812,41.4,3.2635,1.0038,432.0,2.3678,36.9414,-123.5434,0.4154
3.1558,30.7,7.1438,1.1206,497.0,3.0564,33.2468,-123.4855,1.6047
4.3989,47.4,8.8615,2.9357,213.0,2.3184,37.7434,-116.4319,1.9261
2.5966,49.0,5.4955,1.8338,119.0,3.38,33.3379,-124.1983,1.6905
2.5551,4.3,3.864,1.0134,52.0,2.3932,33.4033,-121.4607,0.899
3.0022,21.5,5.746,1.4159,1433.0,2.4347,40.589,-123.1435,0.6775
5.3405,2.2,4.3989,0.6993,663.0,1.6756,35.2495,-116.5734,2.8489
4.0052,17.8,4.2665,1.1195,580.0,3.124,38.9474,-119.2133,1.48
1.1701,28.4,6.3664,1.4762,1430.0,3.5677,37.3348,-122.3423,0.2
1.2556,47.5,2.2925,0.6982,115.0,6.323,34.6121,-116.6207,0.2
3.1139,44.2,2.6121,0.6028,71.0,3.6248,37.4193,-116.6212,1.286
5.898,7.5,5.5386,1.588,592.0,2.5096,33.1554,-119.0083,3.0971
0.862,5.7,5.4554,0.929,541.0,1.7439,35.7985,-121.6036,0.5224
3.3207,31.1,6.1871,1.0926,71.0,1.8432,37.4669,-118.3441,1.4742
3.2682,28.1,9.2505,1.646,578.0,1.7892,34.6697,-114.6979,1.629
10.3088,14.6,5.709,0.9083,270.0,6.3676,38.7718,-123.9578,4.5731
3.5572,46.9,6.6963,1.7294,180.0,3.3707,32.9922,-121.697,2.0858
5.6395,48.3,3.5489,1.0959,289.0,2.3793,37.1057,-121.5078,3.0551
4.8781,21.5,7.0359,1.9143,35.0,2.0463,39.2925,-117.866,2.6818
1.2481,46.4,4.4472,1.1785,223.0,2.1331,36.5845,-117.6628,0.6433
7.1059,20.6,5.6428,1.6146,199.0,2.3544,40.8086,-122.3337,3.5782
5.1,38.6,5.2823,1.1512,704.0,5.0861,38.5058,-122.2309,1.682
6.0797,25.3,7.5659,1.6826,344.0,2.9684,41.6057,-114.7538,2.5246
15.0,7.3,2.88,0.613,764.0,1.6837,35.1992,-116.5589,5.5
1.2834,48.3,1.0,0.5,32.0,7.5699,41.4185,-114.6902,0.2
12.6141,24.2,5.0731,0.925,174.0,1.904,38.2648,-115.7885,5.5
3.7717,38.5,6.4371,0.9823,703.0,2.3718,39.5792,-120.2778,1.9489
5.3249,19.7,5.8045,1.5628,296.0,5.0736,41.0705,-123.22,2.3574
4.361,2.0,7.9644,2.6958,940.0,3.5468,37.7364,-117.8897,1.6542
3.4745,6.1,6.3747,1.7332,66.0,2.4894,40.6907,-120.8041,1.5379
3.1839,26.3,4.3723,1.3405,838.0,1.8358,37.6461,-120.0332,1.1284
5.4614,36.2,1.0,0.5,213.0,2.0408,38.1924,-120.0283,2.1701
1.8034,18.1,5.0254,1.2538,193.0,2.0905,36.7284,-114.6665,0.3386
7.0311,36.5,7.5559,2.219,1087.0,3.0126,33.8836,-123.7769,3.5176
3.4913,36.6,4.7159,1.4847,1289.0,3.2428,37.7583,-122.4724,0.8223
2.275,36.9,5.5566,1.0832,1135.0,2.8307,41.7858,-118.1166,0.7805
3.4212,26.1,6.3427,1.3778,3098.0,2.9574,39.9783,-115.2205,1.5734
9.5285,47.7,3.4694,0.6757,1432.0,1.9733,39.6012,-114.8616,4.5039
3.2505,25.9,6.7465,1.6221,182.0,3.3779,38.6114,-118.6337,1.4248
5.5571,24.0,8.7742,2.8693,465.0,5.0139,35.8051,-124.1371,3.0268
2.8905,11.2,5.1544,1.129,281.0,2.8148,34.1113,-120.6897,1.5685
7.0622,16.7,3.2419,0.7291,3069.0,2.7929,34.6332,-114.8523,2.904
6.7619,3.2,5.3668,1.7285,1218.0,3.1056,32.5601,-119.2506,3.401
13.5877,33.3,1.0512,0.5,334.0,4.6987,38.8981,-116.8706,5.5
4.0336,13.7,6.1738,1.5872,971.0,2.1004,40.2128,-121.6735,1.4391
6.6939,16.5,6.4045,2.0633,118.0,5.3674,35.0547,-124.2374,2.6863
4.7533,40.3,8.8513,2.196,518.0,3.5555,33.3726,-118.4272,2.6092
9.7525,17.7,5.112,1.4636,158.0,3.0388,35.6894,-115.7327,4.7166
2.9116,13.4,6.317,1.0557,75.0,4.8807,35.2745,-114.1022,1.1339
7.0077,9.6,3.7774,0.7016,884.0,1.8723,36.7833,-115.6104,3.0028
3.9876,40.5,4.7871,1.1052,1001.0,3.7018,35.009,-118.6831,1.1522
4.3124,7.6,2.4496,0.6099,637.0,3.5684,35.7275,-118.1084,1.4452
4.7353,24.1,5.1104,1.7536,336.0,2.0664,41.1218,-115.8463,2.5429
5.214,26.9,4.8894,1.6826,114.0,3.612,35.6809,-124.292,2.4212
4.1798,36.1,6.0984,1.9529,126.0,3.3646,39.9624,-114.5077,1.1587
5.0979,33.3,4.2528,0.9064,153.0,2.7969,38.4454,-118.9222,2.6467
11.5521,42.3,5.6667,1.9426,319.0,4.2424,35.7066,-114.5035,5.5
8.0952,3.3,4.8332,1.3913,1183.0,2.39,40.269,-116.4726,4.075
7.5496,16.1,4.837,1.1057,1165.0,3.3472,38.1532,-122.9007,3.3045
3.4099,15.3,5.6607,1.6435,78.0,2.85,32.5819,-122.7648,1.7392
2.6286,8.4,5.581,0.8556,202.0,2.3493,33.1529,-120.7867,1.5208
7.9501,15.7,7.0223,1.2586,196.0,3.6735,39.6501,-121.7281,4.1451
7.5809,16.8,5.2587,1.6614,32.0,2.7646,36.742,-119.8874,3.5201
10.8439,27.6,4.8002,1.3398,711.0,1.6666,36.3523,-118.159,5.1215
3.1193,34.8,5.1384,1.145,315.0,1.4617,33.8854,-119.9159,1.8878
3.9051,20.4,4.0707,1.0182,360.0,4.1191,33.9945,-123.9076,2.1396
1.6758,37.7,4.7802,1.5824,1550.0,1.8437,40.0786,-114.2559,0.4291
3.5414,18.1,9.5623,2.6422,441.0,3.3594,40.3757,-120.0362,1.7592
8.1494,15.8,3.6746,0.8438,262.0,3.0709,37.82,-115.5637,3.8525
3.3875,28.6,4.9427,0.8604,715.0,2.5924,35.3037,-123.7235,1.528
6.5817,2.2,4.725,0.9863,1163.0,6.571,41.3607,-115.9943,2.243
3.9976,5.1,5.0057,1.7303,543.0,3.228,38.4276,-122.6793,1.3751
5.4436,22.3,4.8375,1.1488,804.0,4.0643,40.0681,-117.3662,2.0484
2.251,49.1,6.0585,1.4805,349.0,3.3667,32.5312,-117.551,0.8301
4.7168,37.8,2.0796,0.5193,372.0,2.7384,36.778,-114.947,2.1511
0.7448,5.5,7.5743,2.4755,452.0,2.9813,40.774,-121.1329,0.4744
4.0063,44.2,6.7652,1.8319,190.0,5.3839,35.7132,-123.3559,1.7479
1.6849,38.3,3.0143,0.8703,229.0,4.6424,39.4022,-115.4221,0.2
9.2405,32.2,1.0,0.5,1600.0,6.5587,38.7479,-121.0184,3.9393
7.1452,42.8,3.5459,0.5525,3005.0,3.2827,33.9461,-122.0584,3.2552
5.9299,21.6,5.0147,1.6859,1983.0,2.1154,39.8616,-119.3948,2.7006
11.163,12.3,10.6606,3.6227,107.0,2.5188,33.569,-122.9656,5.5
2.5362,27.1,6.5865,2.2383,98.0,1.868,39.4152,-121.3819,1.4763
12.7869,29.0,1.8848,0.6385,123.0,4.0829,41.9142,-120.4546,5.5
7.8406,28.5,4.1207,1.29,461.0,2.3765,41.6008,-121.5888,3.4488
3.8887,29.8,5.3936,1.5475,24.0,1.0,40.1023,-119.7723,2.0505
8.8585,49.4,6.0074,1.9158,224.0,8.0487,37.5779,-120.4612,4.0285
2.3076,47.0,2.8705,0.7753,1648.0,2.3911,38.9108,-116.3668,0.5333
2.7327,45.7,5.23,0.9251,1078.0,2.3854,39.417,-114.8567,1.008
3.1107,41.9,4.0647,0.9277,242.0,5.8629,32.5798,-123.4403,1.2721
3.2629,49.1,3.2925,1.1335,262.0,1.8528,33.4725,-115.8553,1.2881
2.3775,6.0,6.0192,1.3256,711.0,4.7334,38.1721,-114.7164,0.9541
9.3357,14.5,7.0478,2.2804,1028.0,2.3751,32.5621,-117.2906,5.0884
3.837,26.2,7.1821,1.2112,237.0,1.7691,41.1346,-114.0376,1.7262
5.5373,44.2,6.6488,1.4417,319.0,5.9434,37.1518,-120.982,2.4232
3.1829,26.8,4.5053,0.992,229.0,4.3459,34.9488,-115.7817,1.7881
1.5033,39.1,6.9291,1.1109,107.0,4.3405,36.2413,-117.4261,0.447
5.27,8.1,6.1181,1.0634,324.0,3.4801,40.5824,-121.104,2.4308
1.4228,13.9,5.7679,1.088,300.0,3.8177,41.3083,-117.1009,0.2
4.3009,38.3,4.2766,1.3581,114.0,1.8352,33.6042,-119.149,2.029
1.9719,9.4,4.5062,0.7331,770.0,3.1413,39.8906,-122.5158,0.7301
14.7666,18.9,5.6478,1.1846,654.0,2.072,37.9932,-122.6743,5.5
7.7432,14.5,10.3797,1.5781,809.0,1.7236,38.0623,-117.0093,4.1586
4.7753,18.8,6.1025,1.7644,187.0,3.5409,39.9048,-117.0247,2.0893
9.5661,37.1,4.2776,1.1723,56.0,4.7744,34.617,-118.9269,4.6515
2.6972,19.8,3.8352,1.07,644.0,2.5771,37.5449,-119.2351,1.6084
6.2095,29.3,4.5165,1.0156,208.0,2.7599,35.5338,-122.6096,3.3259
5.0525,6.1,9.8546,1.8887,166.0,1.9055,33.3979,-119.9925,3.0058
5.251,42.1,4.7015,1.3825,115.0,3.0129,33.4983,-115.3503,2.7349
9.6158,19.9,7.3137,2.2835,306.0,4.0716,33.7965,-115.5254,4.6753
6.9552,34.1,4.7481,0.8438,1953.0,4.1231,38.3415,-117.5604,2.8906
5.3294,38.0,6.0224,1.4897,243.0,3.7362,33.5054,-114.0278,2.7547
1.6604,11.7,7.0835,1.4149,136.0,2.3458,37.916,-115.1216,0.8368
2.5193,46.1,4.3562,0.7999,774.0,2.3162,38.0888,-122.9751,1.2276
4.1636,32.4,4.2178,1.2521,480.0,4.1295,41.087,-120.3091,1.8926
4.7399,22.9,8.8177,2.2716,48.0,4.157,38.4506,-123.1147,2.1507
2.2748,10.3,7.4692,1.4433,782.0,2.8044,41.8631,-119.6061,0.2279
15.0,49.1,7.0813,1.5012,3390.0,2.5333,32.7944,-116.348,5.5
11.1321,39.5,7.0746,2.4289,30.0,4.7918,39.1894,-122.8642,4.9562
6.4319,11.6,6.4192,2.0524,117.0,2.6013,32.7516,-115.2556,3.4307
4.6796,18.2,9.5356,3.1085,23.0,4.0486,39.4291,-118.5249,2.3454
3.9459,42.3,5.5878,1.3523,374.0,2.8441,36.1656,-116.6361,2.2562
2.5316,36.5,6.6545,1.8284,1086.0,1.9758,38.3074,-124.0259,1.6227
4.695,40.1,2.5982,0.5855,448.0,5.7255,35.4406,-123.5147,1.7253
5.2313,23.5,3.8501,0.6374,1623.0,3.152,34.0115,-117.981,2.7645
2.1275,37.5,3.0984,0.7133,926.0,2.2608,39.3734,-115.699,0.7371
5.4767,20.7,8.0481,2.1633,2213.0,1.7223,41.0939,-115.3244,3.2375
4.0831,11.8,1.0,0.5,1287.0,1.7932,34.244,-117.2721,2.2079
1.4266,33.3,4.6954,1.5006,270.0,2.5879,41.2467,-122.3901,0.2702
2.6745,50.8,1.0,0.5,431.0,6.4886,33.8317,-122.4523,0.4942
3.4968,16.8,3.8374,0.8574,169.0,2.3777,39.4888,-115.2457,0.7052
13.9101,24.5,4.5181,0.7906,320.0,5.3601,41.6147,-123.311,5.5
6.2584,35.4,8.2697,1.91,429.0,2.8511,33.9,-117.2963,3.5251
2.0112,28.6,6.2933,0.9939,371.0,1.873,36.6334,-118.8982,1.2409
5.9992,44.0,3.8337,0.784,1544.0,2.4861,35.7058,-120.0751,2.0275
1.7711,39.8,7.6319,1.7565,290.0,1.7997,36.1905,-119.8765,0.5713
8.5816,4.0,5.5357,1.3597,159.0,2.1332,39.6548,-114.5753,4.2875
3.3781,51.9,5.5751,1.4425,169.0,2.1079,38.7813,-115.4548,2.0252
4.2368,39.4,3.0947,0.6344,777.0,1.4028,41.7025,-115.4177,1.6993
9.9292,45.1,3.52,0.8962,99.0,5.502,34.2621,-120.2305,4.9189
2.0703,34.2,3.8498,0.9694,330.0,3.2687,37.661,-123.3767,0.4172
1.9381,44.7,5.5929,1.1926,1522.0,2.283,36.7667,-114.0227,0.805
3.1577,6.7,5.6558,1.7875,541.0,3.2828,41.2291,-122.9739,1.1005
8.3564,18.7,8.5882,2.2254,374.0,2.1507,32.6009,-119.0864,4.8048
1.8011,45.7,6.2701,1.3572,389.0,1.0321,41.8971,-121.7215,0.5194
0.8193,11.3,1.0,0.5,144.0,9.8029,37.0575,-119.1372,0.2
3.4189,5.0,6.0253,1.9222,171.0,3.2409,38.4426,-121.2982,1.4182
6.2404,41.2,2.6,0.9009,332.0,2.3736,35.9205,-115.0827,2.5942
9.2088,43.6,3.5681,1.0292,529.0,1.386,40.599,-114.3324,3.972
3.3943,9.3,3.8757,0.8745,1041.0,1.6526,37.8389,-120.1943,1.3393
3.5013,44.6,4.1733,0.8604,443.0,5.8229,38.7967,-123.763,1.2306
8.9561,36.0,2.7497,0.7772,1561.0,5.4782,38.6646,-117.535,3.5423
1.4596,27.5,5.907,2.0448,2009.0,4.0604,35.9578,-120.5454,0.2
3.5498,43.3,2.6784,0.7375,894.0,1.9232,33.2219,-114.1473,1.9668
5.0241,22.4,6.2133,2.0276,1373.0,5.4958,40.1732,-123.5616,0.8879
5.8681,10.9,9.9739,2.1526,150.0,3.5963,35.2523,-123.2492,2.9087
3.3006,15.5,2.8413,0.6574,128.0,3.9039,40.5648,-117.1561,0.7533
4.5753,26.8,4.931,1.6334,677.0,3.5911,38.2821,-116.5342,1.6638
1.007,28.1,1.0,0.5,106.0,1.6441,35.8602,-119.5535,0.4325
3.0194,42.1,4.8981,1.6961,302.0,1.8603,38.1453,-121.5887,1.2675
5.8832,41.4,6.7854,2.0692,872.0,2.4496,38.6322,-121.247,2.6129
2.4859,30.6,6.9413,1.6638,1658.0,3.8863,39.2135,-120.9513,1.1539
4.6431,40.8,5.6547,1.4488,313.0,1.7295,40.3122,-122.1345,2.0908
5.8598,10.8,7.2785,2.4027,211.0,2.8007,34.0177,-115.5683,3.566
3.6491,3.6,10.5921,2.7574,556.0,2.7993,41.4694,-123.8167,1.8914
4.9643,45.6,8.9246,1.7946,138.0,4.1251,36.403,-120.2236,2.079
2.5152,4.9,4.455,1.0564,339.0,3.9348,40.6743,-116.6502,1.3975
3.9592,13.6,2.5978,0.6579,400.0,2.0055,34.5946,-124.4598,2.0191
6.4632,36.5,4.6877,0.7938,392.0,5.3584,32.7758,-115.2807,3.559
4.9243,21.9,3.606,1.0773,441.0,1.8865,37.9468,-117.0839,2.1957
3.1521,45.7,6.4027,1.1004,175.0,4.6501,35.5843,-123.7296,1.4307
5.127,16.2,3.1376,0.7247,195.0,2.4108,41.8524,-115.1025,2.2855
6.881,1.6,5.3544,1.6648,191.0,3.2078,33.4923,-119.3833,3.4235
1.31,16.3,7.176,1.7475,80.0,3.2884,32.9494,-117.6515,1.1585
8.984,30.5,5.2986,1.6871,568.0,3.2514,32.9277,-115.2386,5.0299
3.6629,20.2,3.6074,0.7878,987.0,3.9346,34.5603,-115.2478,0.8817
5.7851,28.3,7.8496,2.6809,895.0,3.5134,38.0023,-120.2082,2.8748
9.1921,45.7,1.742,0.5,310.0,4.1102,37.3029,-122.0043,3.8462
1.968,47.5,4.8444,0.7637,179.0,3.6177,35.8257,-121.7971,0.2
2.928,14.6,5.4167,1.7576,849.0,1.8116,33.3435,-116.4576,1.7073
3.7692,24.6,5.5318,1.662,764.0,3.3465,34.7205,-114.741,1.9043
2.8004,29.0,5.861,1.1511,501.0,2.3976,34.2494,-123.7416,1.6408
12.6919,49.4,6.7209,2.3318,2308.0,1.9276,39.5838,-124.3423,5.5
2.6803,51.9,5.4292,1.3598,393.0,2.6753,39.9095,-115.8592,1.2636
3.2113,13.0,4.7639,1.6207,312.0,3.2326,39.8816,-120.4407,1.0735
5.0664,38.1,4.6848,1.1759,270.0,3.3197,41.7059,-121.5973,2.1289
2.1787,20.3,4.277,1.0452,85.0,4.5833,40.9003,-122.5221,0.7685
3.5346,1.4,7.0751,1.6968,782.0,5.0679,37.2291,-120.862,1.8598
5.422,1.5,4.2069,0.9128,363.0,3.4367,36.4419,-114.2996,2.543
3.6703,24.5,7.1935,1.8469,672.0,3.6945,41.1998,-114.2407,1.3612
4.2375,25.9,5.538,1.3319,2545.0,3.1209,38.3066,-121.0191,1.6421
3.2622,2.2,4.4575,0.7014,273.0,4.0832,35.2968,-114.3813,1.1131
1.8064,36.0,6.7368,1.3614,39.0,3.6502,37.8624,-121.3514,0.9323
5.4355,16.0,4.0451,0.7792,653.0,2.9394,41.9254,-115.5279,1.8142
12.8451,29.6,6.7764,2.1921,477.0,7.105,40.57,-122.274,5.5
4.5314,16.3,5.9255,1.5985,194.0,2.4146,35.1722,-115.8219,2.3213
5.1303,9.5,4.3074,1.304,600.0,5.3751,41.5531,-120.7858,1.4188
6.7912,21.8,6.5573,2.2384,885.0,1.7477,41.8239,-122.4449,2.6377
2.0926,12.8,6.5932,1.8382,157.0,4.1597,34.6961,-114.6848,0.7042
12.4474,28.3,7.815,2.7081,298.0,5.3368,41.0081,-122.2511,5.5
5.0602,11.1,7.4323,1.5783,1766.0,1.4009,40.8904,-114.0857,2.7492
11.9307,26.9,6.4825,1.2139,196.0,3.1759,32.8777,-123.36,5.5
2.8869,9.0,3.2448,0.7485,431.0,3.9995,38.862,-124.3948,1.1855
13.3409,35.2,10.3972,2.5386,29.0,3.3227,35.4002,-115.3567,5.5
7.1356,39.5,2.6928,0.8861,92.0,3.4948,38.9088,-118.3407,3.4559
6.2453,6.6,7.3985,1.9383,472.0,3.1724,41.1788,-120.0729,2.8262
5.1573,24.9,6.3626,1.3262,1377.0,1.9392,37.2384,-123.6394,2.2388
3.8608,4.6,3.1517,0.9409,103.0,7.7463,36.4369,-118.4636,1.434
9.2103,31.5,5.2514,1.319,435.0,2.4561,41.2545,-120.3659,4.0445
4.8755,14.5,5.3425,0.9746,277.0,3.5739,41.7541,-119.422,2.5585
1.3768,27.9,8.1112,2.1524,1046.0,2.3193,33.0912,-117.8809,1.0713
2.2926,27.4,4.0734,1.3535,119.0,1.2088,41.2671,-117.7807,0.9575
4.0088,48.1,4.9761,1.585,620.0,2.0755,33.2863,-114.4137,2.1634
5.3978,29.0,1.0,0.5,210.0,1.6836,35.7042,-117.6219,2.5998
4.3321,30.7,8.9695,2.0219,504.0,4.6489,39.7445,-120.9363,1.7091
9.3127,21.5,3.3591,0.5623,432.0,2.3567,39.8819,-121.0389,4.4855
1.39,49.4,6.1538,1.5011,314.0,2.4458,39.3953,-119.4898,0.3753
4.8849,40.6,5.2972,1.5914,651.0,1.9626,32.8716,-121.7771,3.0885
1.5056,15.6,5.304,1.1778,421.0,3.1193,33.7632,-120.5474,0.5397
7.0698,44.1,7.1197,1.4032,353.0,2.2556,41.3941,-115.6578,3.4187
4.2348,23.1,8.8425,2.9735,282.0,4.468,33.2739,-115.4725,1.8709
5.7648,43.3,6.003,1.8868,436.0,3.39,33.2462,-117.9082,2.5877
2.6689,43.0,6.8102,1.8909,504.0,2.3899,40.4386,-118.3802,0.5163
9.657,10.6,6.1578,1.0921,150.0,4.2211,38.592,-120.0155,4.6781
8.3732,36.8,7.5351,1.3486,284.0,3.0137,35.8407,-117.8231,4.0043
6.3606,15.8,4.5742,0.7806,140.0,3.0301,34.0742,-116.0364,3.5004
4.1466,16.2,7.6508,2.0906,388.0,1.6735,40.8996,-116.7526,2.0628
6.3466,16.1,7.721,1.3366,223.0,2.9199,41.8911,-124.1277,2.9592
2.9325,38.0,7.6651,2.4415,872.0,3.4165,32.9747,-116.8231,1.0251
7.4882,12.7,4.1797,1.457,791.0,5.1214,37.7641,-116.9405,3.4155
12.0575,1.0,5.1633,1.1528,160.0,2.2239,34.9824,-123.4606,5.5
8.5196,37.5,5.9789,1.4393,402.0,7.4726,40.4077,-122.9224,3.0385
2.8928,9.7,2.7583,0.8063,764.0,3.7537,35.7877,-116.227,1.2706
5.567,6.3,8.6898,2.9322,339.0,1.636,39.289,-118.6306,2.3986
2.0629,13.1,5.4754,1.8004,195.0,2.1424,37.6255,-115.8729,0.3147
6.3182,20.4,6.0679,0.9801,135.0,5.3037,37.6445,-122.5602,3.1956
5.873,25.3,4.346,0.7989,948.0,4.9396,40.651,-124.1785,2.1318
1.4595,3.3,2.8462,0.8565,995.0,3.026,36.9688,-122.7996,0.2
2.2321,50.5,4.2919,1.2351,328.0,3.1898,40.5332,-119.748,0.363
3.7815,37.5,5.9384,1.049,868.0,1.8854,35.9526,-119.0054,1.6314
3.7415,17.5,6.8469,1.7145,21.0,5.0966,34.1604,-115.4941,2.083
2.1691,17.3,5.8236,1.783,1522.0,2.0236,36.827,-116.9799,0.4251
5.6598,23.9,6.1934,1.2,345.0,4.2118,37.2344,-114.1009,2.1748
5.2116,32.9,4.8259,1.5648,465.0,5.1594,37.0446,-123.6734,2.4481
3.9886,8.5,6.4925,1.0427,293.0,3.0626,40.1791,-123.1327,1.6309
2.8477,10.6,8.4657,2.5942,1629.0,4.424,37.8644,-123.6143,1.142
8.4083,44.8,6.9096,1.8874,140.0,6.2906,40.9402,-118.8462,3.3972
12.1005,14.1,7.1191,1.5166,1762.0,3.3441,37.3848,-121.698,5.5
3.353,20.4,6.088,1.791,600.0,2.8007,34.6348,-117.3219,1.2598
3.104,45.4,2.4937,0.7642,752.0,2.9249,33.7302,-123.1067,1.4357
6.0178,34.8,3.4107,1.1486,290.0,2.2318,40.7494,-123.4165,3.0751
3.6153,18.4,6.4098,1.4329,109.0,2.2117,33.0336,-119.6683,1.8877
4.1221,35.9,5.4781,1.5733,1023.0,3.5857,33.6173,-120.5531,1.6824
6.9852,2.0,6.3797,1.7259,551.0,2.8135,33.1048,-115.7938,3.827
1.4253,38.5,8.8528,2.2578,1574.0,3.4247,36.5255,-115.7057,0.813
9.8846,25.8,6.9521,2.2809,332.0,1.6554,37.5598,-123.267,4.6803
4.6815,42.5,8.0178,1.2077,265.0,2.8949,32.6888,-115.9706,2.9466
3.5012,49.7,5.6894,1.1744,1617.0,4.536,37.3981,-118.5763,1.2689
4.248,48.2,3.8856,1.0011,2730.0,1.9202,36.2407,-119.2126,1.9074
4.3818,47.4,5.3843,0.9996,407.0,3.0241,39.8496,-123.505,2.2863
1.5861,27.1,3.8905,1.29,190.0,1.4307,40.3846,-116.7339,0.7811
10.9897,19.4,8.6166,2.4085,907.0,1.7821,39.0072,-123.8738,5.4212
4.5942,24.7,7.0808,1.7389,313.0,4.1498,36.9982,-121.5842,1.8845
5.8463,36.2,6.541,2.047,735.0,2.6546,34.5534,-123.498,3.6919
7.9322,46.1,7.9719,1.9147,311.0,6.2266,40.5476,-118.9269,3.1281
2.4286,11.6,1.4599,0.5,1928.0,3.5715,35.7459,-117.7251,0.8524
5.9541,47.8,6.6763,1.0051,200.0,3.7145,35.8848,-115.146,2.9923
3.8168,42.6,2.8787,0.6424,652.0,1.9531,41.2021,-116.7943,1.638
7.4489,50.9,5.4855,0.9751,247.0,2.5753,41.7682,-114.4084,3.9756
1.2507,45.9,4.8766,1.4042,304.0,2.2411,41.0322,-116.51,0.2793
4.223,15.3,6.8235,1.6772,267.0,1.9617,41.9832,-121.3702,1.8545
3.1215,6.4,5.9564,1.2529,844.0,3.9179,40.7546,-118.7504,1.5974
5.8087,6.7,8.1902,1.9949,1011.0,4.2453,39.1914,-119.6916,2.5447
5.9419,15.9,4.2962,0.8246,705.0,3.5239,35.2913,-118.5573,3.0464
2.9312,32.3,6.9182,2.3177,362.0,2.1571,41.5531,-118.4931,1.2329
2.9232,42.0,5.8244,0.9365,464.0,3.4291,40.828,-117.1279,1.3269
4.1938,46.9,2.2294,0.7203,990.0,1.3978,34.7871,-123.628,2.1753
2.617,32.8,3.6628,0.924,1022.0,5.0998,37.147,-116.6592,0.6486
7.4275,1.3,5.2002,1.4238,27.0,1.7874,33.1655,-122.9907,3.3713
3.5912,10.5,7.7246,1.6262,307.0,1.919,41.5564,-124.2248,1.1431
0.7833,6.1,6.4274,2.2068,322.0,3.146,37.9413,-119.0515,0.2
3.5791,19.5,3.165,0.6532,788.0,3.2598,34.8294,-118.3945,1.559
2.4034,26.6,5.2194,1.3976,377.0,2.918,35.2778,-124.1341,0.4044
1.6841,3.2,9.5356,3.3249,828.0,1.927,41.8162,-119.0886,0.6151
2.133,18.8,5.7224,1.8668,137.0,4.7272,38.3483,-118.887,0.7267
4.7858,10.1,4.8453,1.2465,523.0,1.5305,36.4965,-123.9488,2.6417
9.9461,34.0,6.4835,2.2567,992.0,1.6598,37.2485,-117.0284,5.0126
5.4082,24.7,7.0268,2.0397,92.0,2.8783,33.4362,-122.292,3.0762
3.1146,26.3,4.5877,0.8796,4982.0,1.8118,33.2127,-116.1582,1.3331
5.8917,22.8,6.5051,1.5035,1327.0,4.8991,38.1307,-121.2364,2.3891
3.4026,49.8,4.8422,1.0503,404.0,1.8752,37.364,-119.4821,1.524
2.9542,12.0,6.9387,1.5182,176.0,5.6002,35.912,-115.1356,0.9607
2.242,27.3,5.8394,1.764,339.0,4.5451,37.8781,-116.0351,0.8239
1.5666,38.5,6.4639,1.7249,439.0,4.9235,33.1904,-116.2904,0.2
3.5468,29.4,3.9816,0.6276,627.0,6.3907,41.4679,-122.8154,1.2832
4.9275,48.4,3.8574,1.2556,1809.0,3.1034,35.2903,-123.9945,1.8169
4.2293,20.3,7.391,1.5474,251.0,2.0033,33.1819,-118.1395,2.3934
3.4918,24.6,5.3412,1.8663,708.0,2.8829,34.1103,-120.1877,1.7708
2.541,5.5,6.0701,2.0689,111.0,2.3949,33.407,-114.9547,1.7581
6.4556,32.1,4.8872,1.6524,267.0,2.2622,34.1967,-120.8293,2.7249
2.0334,15.7,7.2975,2.2785,588.0,3.191,36.4592,-120.1892,0.8106
7.1393,9.2,4.2844,0.8317,805.0,2.652,39.5115,-118.977,3.4259
2.4563,28.8,5.2288,1.3413,190.0,2.2236,35.0873,-116.1378,1.758
2.8535,28.1,7.072,1.3781,260.0,2.7233,36.6413,-121.6829,1.3769
1.8588,4.9,7.8459,1.5844,1738.0,3.7419,41.3232,-114.6109,0.3061
3.3173,36.6,4.4525,1.2119,1289.0,4.4042,35.3103,-118.8308,1.8828
8.0461,32.8,9.4194,1.4898,497.0,1.5822,40.0498,-115.6697,4.2492
6.1066,10.6,6.1265,2.1068,43.0,2.661,33.9993,-118.981,3.5458
8.0611,24.9,3.4141,1.1394,4970.0,2.839,34.1941,-116.3941,3.1024
6.1306,37.7,6.2381,1.4108,395.0,1.872,36.8335,-123.9601,3.1832
2.3113,28.0,4.734,1.1981,295.0,2.8637,34.724,-116.1083,0.7613
3.6749,21.2,6.3681,1.5489,239.0,3.1874,41.0788,-118.9984,1.1134
2.8063,17.4,5.4143,1.7674,588.0,3.697,32.9821,-119.7811,1.5153
9.9577,32.1,5.6485,1.6252,594.0,3.0983,38.1741,-123.3281,4.8996
2.1857,48.9,3.6768,0.756,1044.0,2.112,38.2402,-116.7136,0.6265
7.6616,35.3,7.4801,1.7905,160.0,6.7181,33.1272,-123.1228,3.9981
7.6582,4.8,3.1877,0.7516,295.0,4.1856,39.4594,-122.4807,3.267
13.4338,24.5,3.2825,1.1222,3073.0,3.7475,36.9545,-123.1726,5.5
3.505,46.4,6.2347,1.1538,505.0,4.4904,39.3692,-124.431,1.2964
6.8716,5.8,8.7057,1.4618,340.0,3.313,40.3558,-117.5499,3.195
15.0,51.4,4.7948,1.5637,157.0,5.0255,35.5675,-121.6561,5.5
3.0938,49.4,6.9019,2.2731,669.0,3.0733,37.1026,-122.9306,1.0104
1.7842,5.0,7.6467,2.4802,1131.0,3.0063,34.9772,-121.1403,0.6263
1.4506,48.6,7.1294,1.798,967.0,3.8732,34.4144,-119.2596,0.2004
6.8732,19.5,4.8776,1.3752,311.0,5.6437,32.5057,-119.2142,3.7807
1.4479,44.1,3.3179,0.8715,579.0,5.5004,41.6545,-120.6444,0.2
3.5845,22.3,1.0849,0.5,2147.0,3.8081,36.6888,-119.3032,0.9713
5.8263,23.5,4.9743,1.3389,1177.0,3.6938,32.6242,-120.0129,2.7069
5.0083,33.3,7.8562,1.1998,184.0,3.9686,32.5849,-115.862,2.8425
5.785,40.5,3.2517,0.6991,32.0,4.456,35.2393,-124.1891,2.7845
5.1211,2.7,6.9004,2.3217,543.0,5.0505,32.6324,-115.3857,2.2938
9.6535,31.3,3.5997,0.7588,897.0,2.7329,36.0579,-121.9389,4.4782
2.531,10.5,5.7121,1.9305,136.0,5.0897,33.0979,-116.9213,0.6888
2.9856,18.6,6.9156,1.3833,400.0,3.4459,32.8729,-120.2471,1.6094
2.8191,18.7,4.181,0.8902,310.0,3.8976,38.8591,-121.4095,1.4165
7.3751,24.9,5.841,1.6102,448.0,5.2215,41.115,-118.0389,2.9182
7.6924,18.0,4.6698,1.4118,234.0,4.0504,36.3892,-116.4267,3.78
5.8752,6.5,6.9103,1.7295,1466.0,4.3336,40.4493,-119.7757,2.2739
9.1166,8.4,5.9706,1.949,468.0,2.5708,32.778,-119.6012,4.3406
2.2104,2.7,5.613,0.8871,167.0,5.4703,39.8881,-123.882,0.8409
12.1866,25.0,8.6167,2.8818,1010.0,3.968,33.0966,-114.798,5.5
11.178,49.7,6.8246,1.2916,114.0,3.1595,40.4652,-115.6076,5.4416
6.9683,6.9,4.1193,1.3464,1458.0,4.6666,40.8825,-120.3211,2.6918
13.0538,49.3,5.3283,1.2264,1087.0,8.4582,39.9668,-116.468,5.4381
1.6587,38.4,5.3482,1.693,1619.0,1.8822,40.2971,-121.2106,1.01
3.2718,33.5,5.6606,1.6095,344.0,2.1782,37.8341,-116.8306,1.5856
2.883,33.9,10.549,1.9536,246.0,8.7945,35.0164,-119.0747,0.7884
6.9094,43.2,6.2417,2.0823,439.0,3.5633,38.6107,-119.6619,3.0978
2.3867,6.5,1.4282,0.5,371.0,3.2425,36.6756,-123.9065,0.9513
7.0604,26.7,4.4144,0.8777,210.0,2.8687,32.5507,-114.3631,3.7177
10.1993,36.6,1.6353,0.5116,232.0,4.8714,37.0298,-115.7072,5.0297
6.8014,30.9,4.8404,0.8286,280.0,8.5378,38.6863,-116.1694,2.9644
5.3135,43.5,1.5254,0.5,125.0,2.3023,32.6319,-121.2984,2.6612
2.4776,4.7,3.7568,0.942,795.0,2.89,38.4029,-121.4593,0.9285
2.6963,36.2,2.4586,0.7771,383.0,2.6109,38.6991,-118.4815,1.102
9.4856,28.2,6.2683,1.1251,296.0,4.0275,34.002,-115.6147,4.4898
7.1536,20.3,5.5011,1.4277,133.0,4.8986,36.5952,-114.6864,3.5651
4.378,18.4,6.1059,1.7844,126.0,5.7452,41.6612,-121.6762,1.5049
3.4877,32.7,5.2909,1.7043,2796.0,4.0824,40.8998,-118.1221,1.1394
1.3291,46.4,2.7114,0.9141,215.0,8.2296,36.4028,-116.899,0.37
2.3572,26.3,6.527,2.0033,743.0,2.3871,35.8235,-122.1229,1.2839
14.1095,43.1,9.3444,2.6217,475.0,2.1515,33.6788,-120.2216,5.5
2.0787,21.5,6.3184,1.4957,25.0,5.4072,32.8343,-122.5315,0.7622
5.0213,6.2,4.6482,0.8014,2422.0,3.1555,35.3259,-117.1615,2.2011
8.2027,4.1,2.6439,0.7719,800.0,1.7326,41.4327,-115.4303,3.3787
2.1108,3.6,3.6839,1.284,187.0,2.6474,41.6068,-115.2859,0.8271
5.0069,20.4,6.4061,1.9049,392.0,3.3276,40.2189,-117.4641,1.5336
7.8676,18.2,7.6462,1.1725,128.0,2.3198,35.8328,-120.8549,4.3369
4.5154,37.6,6.0217,1.5009,2505.0,2.002,33.8645,-117.5591,2.3491
15.0,38.9,7.0998,1.9377,163.0,2.7647,38.1576,-115.4252,5.5
1.6468,3.6,6.9154,1.9912,239.0,1.9624,38.6418,-117.9285,0.6202
8.4591,12.3,6.5131,1.9145,195.0,3.8731,36.5334,-120.1646,4.0657
4.0403,15.0,4.1831,1.0944,437.0,1.3805,39.0706,-114.8421,1.338
7.1217,28.9,5.8478,1.1384,1588.0,3.1148,39.5935,-115.7302,3.397
5.8403,8.4,3.8032,1.2872,2415.0,3.698,39.9391,-115.2344,2.2347
2.8867,7.8,5.5349,1.6014,271.0,2.8973,37.2718,-115.0165,1.7645
5.1418,49.1,6.1617,1.2161,589.0,4.652,40.0206,-120.365,2.1745
1.47,42.0,8.8576,1.8996,438.0,1.7363,32.742,-115.4738,1.0828
6.4363,10.2,2.8805,0.9632,151.0,2.2695,38.9638,-118.5113,3.0832
5.3596,21.7,6.463,2.1166,4549.0,2.6326,34.7385,-124.0993,1.9771
6.5745,19.1,8.4625,1.9551,1576.0,3.9952,35.0699,-117.8237,2.998
8.456,41.3,7.0177,1.1064,487.0,3.2786,33.3674,-119.5585,4.2968
5.5877,27.0,7.1659,1.1444,1962.0,7.0805,34.3277,-121.6109,2.1909
4.8981,7.5,6.6754,1.3804,1356.0,2.1764,41.9241,-114.311,1.9402
2.6415,38.7,8.0967,2.2333,438.0,1.7194,36.4462,-123.9218,1.2861
2.9232,21.2,3.325,0.8873,559.0,6.145,41.3138,-114.5683,0.677
9.1343,14.4,2.7281,0.7551,1830.0,1.695,34.0475,-122.8277,5.1353
10.61,20.2,5.4873,1.6103,157.0,3.9481,34.4386,-120.5416,5.0947
3.885,26.4,1.1777,0.5,2151.0,2.031,37.7992,-120.119,1.2672
4.6071,18.5,7.9613,1.3615,322.0,1.3129,35.8206,-116.8243,2.4598
2.6045,13.3,7.9414,1.7622,1853.0,2.5859,38.6172,-122.2361,1.5279
9.0581,21.3,4.6333,0.8385,401.0,4.3051,36.5094,-114.1459,4.7103
6.6809,2.0,4.7585,0.7855,565.0,1.8428,40.2102,-116.6354,3.7264
14.3641,40.4,5.3553,1.4898,390.0,3.7827,36.5998,-116.2055,5.5
2.6459,9.7,5.604,1.7544,237.0,4.0761,37.9373,-123.3825,1.2278
3.5722,3.2,5.7543,1.7293,308.0,1.8064,35.5502,-119.4987,1.5442
5.1493,34.3,6.6165,2.0737,1602.0,2.7426,39.1884,-114.5711,2.1039
6.6054,40.5,5.1547,1.4597,40.0,5.6453,38.72,-121.6643,2.4321
3.9377,42.5,7.3864,2.1943,117.0,3.8971,36.2715,-122.9735,1.9424
2.6544,26.2,6.3919,1.3062,195.0,2.7058,35.1223,-119.4034,1.3575
7.6053,11.5,4.2861,1.4941,137.0,3.5471,38.334,-114.7309,3.567
6.908,38.6,8.1702,1.5248,1826.0,2.2839,41.4599,-119.3887,2.8365
2.5863,36.7,2.7835,0.5369,1419.0,4.6902,33.7601,-120.2492,1.1438
10.1074,13.6,5.3157,1.1045,729.0,4.6894,40.0916,-117.6721,3.8296
9.0442,47.1,7.4338,2.5652,213.0,3.153,37.6584,-114.6627,4.2519
4.8578,6.3,4.0539,1.4094,1533.0,3.2946,37.4928,-123.9849,2.0231
4.7009,51.1,6.1191,1.8907,82.0,2.0147,41.636,-122.8893,1.4306
6.2491,44.9,6.5867,1.8167,3436.0,1.7492,38.2558,-123.1061,2.8254
2.6724,36.1,3.779,0.9599,203.0,2.5841,40.3899,-123.604,0.9144
4.5632,48.9,5.355,1.8428,310.0,2.901,37.3875,-121.3279,2.2057
1.2319,37.8,5.187,1.4997,263.0,4.5954,34.8736,-122.0923,0.9601
7.5827,10.7,4.3965,1.4902,138.0,4.3448,39.0977,-118.7387,3.4744
1.7561,23.5,10.1033,2.1551,2766.0,3.2347,41.2702,-121.0635,0.7282
11.0458,4.6,3.9738,0.8613,888.0,4.8366,40.4917,-120.2453,5.3451
3.6764,20.9,7.5099,2.4103,1360.0,2.0598,34.3845,-114.6104,2.0119
3.9472,38.8,4.7144,0.8485,119.0,4.6225,35.5104,-122.8656,1.4383
3.0752,20.7,3.3267,1.1284,483.0,2.1898,37.4104,-120.4212,0.8375
3.7704,17.8,5.7056,1.4349,679.0,4.9327,37.9302,-121.8006,1.582
10.4973,31.4,6.7982,2.2793,529.0,2.9882,34.3412,-118.7338,5.0958
1.0073,45.5,7.341,1.5956,126.0,1.3508,34.6851,-116.7685,1.069
9.6425,3.4,8.6245,2.5286,1183.0,4.0231,39.7089,-115.9216,4.3459
5.4894,20.7,11.3905,2.8086,456.0,4.1529,39.438,-119.0894,2.5735
2.1723,9.1,6.001,1.6524,155.0,2.5027,40.4725,-115.5234,0.5148
2.3509,36.5,4.1738,1.0471,63.0,2.5896,41.3628,-116.2567,0.6828
12.2538,6.4,6.4057,2.1999,740.0,2.8184,35.4285,-122.8515,5.5
2.5414,34.9,4.9676,1.4328,4677.0,1.3909,40.6662,-121.923,0.3464
2.2434,15.6,7.3519,1.4723,146.0,1.1666,38.8271,-117.4469,1.1607
8.8675,11.1,2.9057,0.9645,478.0,5.0564,41.5988,-114.2647,3.5527
5.4911,48.8,10.2367,2.1375,1225.0,2.1606,35.0847,-120.5506,3.6204
2.5529,1.9,7.2121,1.6178,113.0,6.3098,35.0619,-122.087,1.2738
5.1037,23.3,2.132,0.5,250.0,5.1974,39.1908,-115.3741,2.263
2.4219,2.1,4.0819,1.347,171.0,5.6231,41.3199,-122.4041,0.5283
8.6754,25.7,7.1322,1.4779,1080.0,2.3161,40.3333,-117.1772,4.1093
8.4725,26.6,7.8527,1.5845,1519.0,1.5788,39.4069,-124.1404,3.9534
6.1669,17.4,2.9555,0.9873,473.0,1.945,36.1794,-124.3007,3.7435
5.5678,7.7,6.9261,2.1547,174.0,2.5129,39.3188,-119.7585,2.6113
12.8934,20.2,1.6053,0.5,259.0,1.1627,40.1104,-117.6063,5.5
4.4808,35.3,5.3213,1.617,215.0,2.4839,39.6562,-123.0044,1.7424
2.2053,40.9,7.7241,2.5691,152.0,2.7713,38.9297,-116.4792,1.0161
5.869,28.1,4.397,0.7286,364.0,1.79,32.9477,-123.1483,3.4826
15.0,31.1,2.4862,0.7832,717.0,1.9814,38.7673,-118.8961,5.5
2.4379,11.2,5.7924,1.503,659.0,2.7504,37.0438,-121.2629,0.856
3.6079,15.7,4.2906,1.2178,400.0,3.4643,41.6349,-116.6013,1.086
5.7538,9.3,6.7591,1.6801,427.0,2.1036,38.2683,-116.0568,3.1865
4.3391,13.7,3.7293,1.0799,372.0,3.3767,38.2782,-123.806,2.477
2.4859,12.5,3.9547,0.6202,110.0,3.1732,41.9435,-122.4777,0.7719
8.7856,27.5,1.458,0.5,473.0,3.061,33.3891,-115.1272,4.5798
15.0,29.7,5.8399,0.9149,225.0,2.3145,35.125,-120.1361,5.5
5.0414,49.2,5.1782,1.2483,105.0,1.7624,38.7328,-119.4943,2.1049
2.6053,11.0,3.1232,0.5628,584.0,5.9214,35.4947,-122.7357,0.5362
1.7694,33.7,5.8876,1.8529,219.0,3.8656,35.7884,-114.0536,0.8133
5.232,42.7,7.5541,1.607,507.0,4.492,40.9801,-114.808,2.0915
8.6913,29.6,5.0689,1.2207,942.0,2.9053,38.0039,-124.4787,4.1277
5.9602,14.0,6.0363,1.4231,156.0,2.8134,33.4772,-118.7173,3.4419
4.4752,14.4,6.0466,1.8412,442.0,3.6556,35.4532,-115.3412,1.9091
3.147,3.0,3.0913,0.7612,66.0,1.4421,33.2226,-119.9794,1.7579
2.3273,16.6,9.6132,2.9589,1868.0,1.9235,37.7832,-119.9135,0.6731
7.3953,39.0,4.5583,0.7508,104.0,2.1834,34.146,-120.5169,4.0807
7.7544,3.4,6.8122,1.2829,241.0,2.5047,40.6426,-124.1973,4.0319
1.7728,12.2,7.0384,1.8322,1538.0,2.113,37.9845,-116.202,0.8349
11.6337,37.0,5.2208,1.772,319.0,3.4319,33.0641,-119.7038,5.5
6.3246,40.9,6.7136,1.1074,122.0,3.1037,35.3583,-118.9238,2.9786
10.3787,24.2,5.9916,0.9504,823.0,5.2443,38.3552,-121.8153,4.3093
2.0032,36.6,2.6647,0.5,805.0,8.0809,35.6872,-116.2668,0.3103
1.9749,20.8,4.8355,1.3454,214.0,1.8128,37.3752,-116.1656,1.1392
4.0985,9.2,4.2749,0.9824,239.0,3.1865,41.1389,-118.6943,2.2617
6.0598,21.3,4.5765,1.4421,261.0,3.1842,35.8253,-115.0014,2.7546
13.1684,30.6,2.892,0.5,328.0,2.9872,35.6908,-123.2832,5.5
6.8459,49.4,7.7529,1.4675,61.0,1.9466,40.2877,-116.2404,3.6224
3.8744,4.5,8.704,1.8279,336.0,2.0816,35.5282,-118.6349,2.4654
2.421,26.9,7.456,2.053,2402.0,3.3074,33.2406,-122.0744,0.8777
9.3746,17.8,8.0411,2.3081,165.0,2.0583,34.219,-123.1108,4.7945
2.5122,26.9,4.8107,0.8411,225.0,3.2018,41.5136,-121.3394,0.6833
11.9065,2.2,4.2275,1.4321,124.0,2.7227,41.3663,-115.5087,5.3294
3.7787,17.0,3.9428,0.8604,744.0,3.1793,34.6357,-116.23,2.1855
11.6389,42.8,6.7881,1.9864,1344.0,2.0517,37.7583,-117.7261,5.5
6.7353,29.3,5.9541,1.5174,1313.0,3.1995,33.805,-123.5516,3.2323
4.128,24.0,5.3456,1.04,116.0,2.112,38.9094,-114.4743,1.9978
3.2817,15.6,8.0903,2.5828,665.0,3.2036,34.2604,-121.2929,1.6772
3.6527,16.2,6.3099,1.9791,1692.0,5.1333,32.973,-118.1265,1.4828
5.795,20.5,3.8227,0.8762,672.0,3.3347,40.3365,-116.0674,2.2166
4.694,43.6,4.1382,1.1079,651.0,3.4169,35.5913,-123.105,2.5556
3.1384,50.3,6.864,1.3835,252.0,4.1657,33.531,-117.6519,1.317
4.0577,23.4,7.5835,2.1838,503.0,1.7136,40.4221,-124.1609,1.602
4.698,21.1,6.6034,1.3986,1389.0,5.9749,39.7428,-123.4312,1.6834
1.2495,44.2,9.2938,2.963,560.0,1.9695,38.9957,-116.907,1.1771
5.8997,22.8,8.77,1.6968,116.0,4.2711,41.1569,-122.8716,2.3819
2.4897,29.2,6.3821,0.9762,256.0,4.0502,37.1476,-119.8432,1.2415
2.2434,12.8,3.8228,0.7787,1352.0,2.0941,33.7165,-121.8925,1.0018
1.6284,38.9,2.88,0.5421,558.0,4.4976,33.0828,-120.0771,0.6224
1.5275,28.1,4.7252,1.1891,454.0,3.6661,35.5252,-123.6892,0.8346
1.9872,42.3,7.0064,1.3364,232.0,6.398,33.3249,-116.5735,0.2108
2.9288,40.8,9.1533,2.7701,1324.0,3.2458,37.5873,-123.6701,0.9743
14.4682,12.0,6.3349,1.256,2127.0,2.8765,32.6377,-115.7019,5.5
3.269,37.5,7.8374,2.2838,1427.0,2.4451,36.7158,-117.5426,1.5163
4.9861,41.8,5.0094,1.331,1707.0,1.4958,34.1954,-120.1259,2.4902
5.699,18.7,6.7455,2.3424,282.0,2.6451,35.9985,-115.4019,3.0266
4.8484,9.8,7.1467,2.5012,245.0,2.6903,38.9128,-122.5456,2.0058
4.2782,1.1,1.5408,0.5,345.0,3.3362,35.8342,-121.7221,2.2006
2.1876,24.0,4.6731,1.4113,419.0,1.7002,35.7427,-123.0602,1.3199
10.7033,19.0,7.3994,1.6818,1688.0,2.7303,41.9121,-120.4935,5.0005
13.2542,29.3,6.0489,1.8186,1295.0,3.7829,39.3287,-114.1393,5.5
1.633,10.6,3.107,1.0605,691.0,3.9362,37.3817,-122.8092,0.7759
2.4244,44.8,1.0,0.5,96.0,1.4277,38.0041,-115.7747,0.7717
3.789,14.1,4.7684,1.2283,75.0,3.9851,38.3917,-117.6553,1.7784
2.5125,12.5,5.3568,1.0371,513.0,2.722,32.7335,-124.334,1.8706
6.0713,25.5,3.7322,0.9762,973.0,2.7899,33.2625,-114.5787,3.135
2.8951,26.4,5.7862,1.4077,373.0,1.1667,38.6673,-114.3035,1.3237
15.0,12.0,6.5128,1.7269,2738.0,5.4599,35.9625,-114.7885,5.5
9.1553,14.9,6.8414,1.7801,137.0,3.2243,33.0267,-119.2317,4.7506
5.0914,9.7,1.0,0.5,120.0,1.6281,35.3264,-122.1861,2.8848
8.2995,37.6,2.8714,0.7478,208.0,3.4906,33.7377,-120.3917,3.8549
8.7019,40.3,4.8908,1.5614,200.0,3.448,41.205,-118.051,4.1978
3.1951,24.6,6.6443,1.4217,683.0,4.8989,34.4278,-120.5222,1.2303
2.7463,37.4,6.4785,1.5394,265.0,2.6542,33.8651,-117.0642,1.5226
4.6968,38.5,6.4437,1.5728,86.0,3.0186,38.4486,-116.1465,1.9657
7.5156,8.1,4.7332,0.9738,984.0,2.323,37.4582,-122.3014,4.1561
4.8717,50.3,4.8447,1.0947,69.0,3.8159,37.9714,-120.2481,2.0303
1.7399,42.9,4.0433,1.0905,138.0,2.1959,36.6415,-114.4437,0.3949
2.7685,11.4,7.0364,1.8719,80.0,2.1018,36.9381,-121.877,1.4518
4.2871,10.5,3.659,1.0146,496.0,2.9238,39.8986,-120.8623,1.9391
4.2828,7.4,7.2001,1.5866,486.0,1.8398,34.5893,-124.1256,2.3031
14.6366,8.1,5.9157,1.261,2742.0,5.7022,36.267,-121.0102,5.5
1.9511,39.2,5.4099,1.4732,1006.0,6.4942,41.5993,-120.6052,0.44
6.07,25.0,4.1866,0.7392,1706.0,2.5057,34.3049,-123.4517,3.2562
10.9514,40.9,2.7889,0.5595,538.0,1.7252,35.2908,-124.4849,4.8756
15.0,39.1,4.2047,0.6661,152.0,3.4371,34.3199,-118.4582,5.5
3.5161,31.8,4.84,0.7963,459.0,2.4773,32.6947,-121.334,1.7784
6.0186,36.0,1.0,0.5,730.0,4.806,35.0634,-124.3128,2.3513
6.3082,1.9,5.1053,0.7857,816.0,2.1927,32.9414,-115.4706,3.434
5.0394,16.9,7.3487,1.463,252.0,3.7352,33.9695,-118.3637,3.0995
4.2236,33.5,6.6344,1.8642,658.0,3.1443,35.9455,-122.7027,1.8602
5.8217,1.5,4.5076,0.7312,159.0,2.2922,32.6969,-115.4149,3.5471
0.9808,2.7,5.5939,1.3277,142.0,3.3069,39.6531,-121.8373,0.2
6.748,44.4,4.3877,1.4594,132.0,4.2691,40.0581,-122.1118,2.9898
4.8342,35.9,5.7975,1.7871,413.0,3.1104,36.4084,-115.1063,2.0625
3.9217,14.5,8.5802,1.8112,124.0,3.1234,41.8543,-122.6157,1.8641
15.0,36.1,7.437,2.4911,264.0,2.1189,38.9504,-115.2706,5.5
2.9893,41.4,6.5416,1.4125,995.0,4.7478,39.5654,-116.0688,0.5942
3.5189,16.6,4.5142,0.7426,144.0,4.5623,34.3269,-121.2473,1.7278
14.8045,2.8,6.9999,2.4416,244.0,2.5492,40.4557,-124.1388,5.5
2.7204,48.6,2.1262,0.6889,433.0,2.8585,41.4779,-123.633,0.6918
3.2218,18.6,4.9953,1.2148,516.0,5.2893,34.7449,-123.35,1.8579
4.1033,6.4,6.6674,1.8887,245.0,1.909,39.0214,-115.1466,2.0214
7.4219,26.1,6.9808,1.9843,886.0,3.8256,39.5959,-120.2576,3.598
5.0768,40.2,6.8398,1.292,728.0,2.4026,35.3991,-124.1584,2.2875
2.0635,12.3,6.0897,1.1571,1261.0,6.118,37.0126,-118.6562,0.2
3.2566,14.7,5.1086,1.2461,372.0,3.0814,33.4266,-122.3161,1.6136
3.113,13.4,6.576,2.1853,242.0,4.9736,34.1444,-122.0312,0.9452
4.2788,51.6,3.5943,0.5463,204.0,2.2155,33.0849,-122.8112,1.9383
5.7864,11.1,3.8106,1.168,548.0,1.8232,37.8216,-116.4988,2.808
5.7599,30.4,5.6235,0.9082,277.0,2.7355,38.44,-124.4936,2.6575
1.544,48.2,5.8464,1.4361,228.0,3.337,41.2031,-119.8907,0.4442
8.4855,8.5,1.8488,0.5132,258.0,2.4491,37.6508,-123.5879,4.1746
5.215,50.5,6.4103,1.842,204.0,4.0687,34.9758,-118.7001,2.0686
10.2853,49.3,7.0455,1.1392,492.0,2.7622,33.065,-120.8671,4.9395
5.8505,46.1,5.3454,1.2493,98.0,1.3066,40.9071,-124.2023,2.0609
8.678,11.9,10.2489,2.7341,546.0,3.7476,37.0492,-119.6598,4.1752
5.9294,33.3,4.1341,0.6747,794.0,2.1106,39.5046,-118.5089,2.8831
10.0516,39.8,4.7778,0.8458,226.0,2.5996,32.6392,-121.8996,5.5
6.131,51.3,4.7099,1.3316,2757.0,5.5915,37.1373,-116.4621,2.3605
4.226,10.2,5.3476,1.36,411.0,6.1051,35.5944,-120.604,2.1362
15.0,40.1,4.8426,0.8831,85.0,2.3864,32.7881,-116.6319,5.5
7.6402,18.3,2.6864,0.6905,305.0,3.7853,39.8689,-118.4203,3.37
6.3233,10.0,4.4069,1.4655,430.0,2.4087,37.3726,-115.3728,2.8176
2.0839,22.5,5.3048,0.8123,632.0,2.6785,35.6652,-118.7573,0.2498
2.0689,41.5,7.9571,2.2163,312.0,2.3577,40.1551,-122.5509,1.2029
5.3422,24.7,9.9045,1.6316,147.0,1.5072,36.7458,-115.8628,2.883
4.8906,28.4,8.1709,1.2362,135.0,3.1206,32.5332,-116.2781,3.0618
3.1004,51.8,3.9492,0.7114,210.0,3.3712,41.4723,-114.2903,0.7491
4.8773,21.4,4.1084,0.9637,231.0,2.297,34.929,-123.5174,3.1422
11.6252,32.4,5.1813,1.6086,130.0,4.6419,40.3905,-118.2921,5.2212
6.8022,19.6,9.0691,1.8715,194.0,2.5233,40.2559,-119.3375,3.0983
2.2601,21.0,5.1692,1.4222,780.0,2.3282,34.0426,-117.4558,1.0622
4.1917,36.5,2.845,0.6607,2097.0,3.7084,37.003,-114.2081,1.6091
2.7649,48.8,4.4976,0.8854,859.0,1.6208,32.8819,-118.9111,1.4113
3.5515,28.7,7.0141,1.7735,1489.0,4.3175,35.8682,-117.2997,1.3196
3.4967,40.2,6.8799,2.1293,1069.0,2.5578,39.4443,-120.8543,0.9009
3.3649,5.5,5.0996,1.614,928.0,4.4625,34.7522,-121.3608,1.1938
2.1105,11.8,6.8668,2.1926,288.0,5.0292,33.6127,-120.9794,1.2473
4.1512,26.6,1.0,0.5,464.0,3.8809,37.3177,-124.0946,1.3381
3.2016,2.0,5.7077,1.7619,265.0,2.171,37.6014,-121.5102,1.0229
0.7729,13.9,7.2214,1.3896,324.0,1.8215,38.9204,-122.6841,0.2
15.0,27.4,3.8343,1.1414,432.0,1.6928,39.7118,-119.697,5.5
8.6129,1.8,3.8273,1.3001,824.0,4.67,39.1102,-119.6613,3.5597
3.5759,14.5,1.7671,0.5,616.0,2.8465,40.5314,-116.4651,1.2206
4.5326,27.2,8.6798,2.0664,343.0,2.3639,34.6176,-119.2259,2.1721
2.2189,30.2,4.0597,1.1349,426.0,2.8496,37.9128,-119.6376,1.1363
12.3967,48.2,5.9821,1.7369,622.0,4.6286,35.9209,-122.0679,5.5
13.9904,33.9,6.7078,1.2424,786.0,4.1021,41.6401,-115.549,5.5
4.9235,22.2,8.5241,2.936,88.0,3.5801,36.6827,-123.5445,2.2607
8.2823,48.4,5.1922,1.4177,137.0,3.8774,41.6173,-114.1859,3.5293
4.9787,41.0,4.4211,0.8085,1221.0,3.2287,39.8061,-119.5012,2.3658
2.0097,11.2,5.8461,0.9009,380.0,3.3901,39.3254,-122.5471,0.8628
3.5005,7.7,8.0682,2.4741,264.0,3.2819,37.1699,-120.7796,1.3938
4.8509,35.5,5.1597,0.8562,310.0,3.0041,36.7121,-124.3386,2.4281
3.4119,29.6,3.5903,0.6398,310.0,4.0607,37.5022,-122.7515,1.4576
3.9307,41.3,2.4185,0.6408,705.0,3.4712,35.2895,-120.9789,1.1079
4.2425,38.7,3.0574,0.8276,133.0,2.1122,41.0928,-118.6786,1.5391
4.2694,32.9,7.2288,2.0774,414.0,3.7119,40.0461,-123.1405,1.8395
4.6244,51.3,4.8588,1.1112,516.0,3.3165,40.1133,-117.4024,2.3031
2.3718,28.2,4.285,1.306,600.0,3.8365,36.615,-115.6351,1.0765
2.9148,6.8,4.0681,1.403,504.0,2.8815,33.1753,-118.4904,1.2746
2.0735,43.2,5.6701,1.1579,676.0,4.1566,38.9892,-121.3825,0.3923
8.0582,13.8,5.0211,1.4592,228.0,2.9313,36.0569,-123.2254,4.1647
1.2669,40.6,4.9537,1.6629,157.0,4.0131,40.7691,-124.3369,0.2
8.9545,49.8,8.1986,2.3551,4708.0,2.5028,39.9132,-116.8161,3.5843
10.2966,36.5,8.576,2.4546,298.0,2.5731,33.8806,-117.901,5.5
3.7385,31.4,2.28,0.5,335.0,3.8222,38.2163,-119.499,1.5129
0.94,24.5,6.1552,1.582,795.0,2.6308,39.076,-123.429,0.2
3.6082,19.6,3.9463,1.0359,1990.0,7.2595,37.8973,-122.3262,0.5903
4.3124,19.0,5.0035,1.4511,234.0,3.7681,37.3834,-115.9407,2.1428
2.444,33.5,6.1186,2.1376,149.0,3.0343,34.6647,-119.4616,1.1973
3.2899,39.3,5.0746,0.7953,116.0,4.1702,34.7411,-114.3903,1.4069
11.2247,35.6,5.9609,0.9719,1984.0,2.4787,39.7961,-114.0003,5.3264
6.6789,11.1,6.8459,1.1336,143.0,4.3458,32.6776,-116.0926,3.4308
2.5735,26.2,6.0892,1.8182,392.0,4.2978,39.8996,-121.7891,0.8785
1.7185,41.4,4.2063,0.7457,152.0,4.96,37.5046,-122.0733,0.2
3.6832,25.3,4.2416,1.1643,95.0,2.5185,41.3941,-121.8368,1.1676
3.9429,28.4,2.6206,0.5633,301.0,1.8421,41.9746,-114.1388,1.7847
6.0359,40.3,3.7922,0.9157,158.0,2.3536,38.8031,-120.9789,2.9167
3.2505,34.7,9.4241,1.8201,202.0,2.6841,36.4164,-117.0823,1.8094
6.0915,21.9,3.916,1.2657,2999.0,5.8526,37.0133,-114.4303,2.0854
14.3119,46.7,3.1132,0.832,617.0,7.2283,34.44,-115.8942,5.5
7.3104,9.3,6.1399,2.0809,1024.0,3.4482,33.4427,-118.2252,3.4798
4.3542,51.8,5.2793,1.3986,920.0,3.0155,37.9983,-122.7259,2.2286
4.0153,7.1,5.1088,0.8929,365.0,2.6118,40.1522,-122.6631,1.5339
3.6183,1.8,8.3181,1.532,260.0,4.1782,34.9868,-119.3296,1.6595
9.101,46.4,6.5983,2.295,517.0,7.2097,36.4867,-114.5046,3.9033
3.0759,13.5,4.44,1.3103,477.0,6.137,37.7703,-115.0028,1.2348
4.605,38.2,4.651,0.7435,228.0,4.736,41.125,-122.755,1.7156
4.6215,42.4,4.4948,1.3069,459.0,4.7083,33.817,-121.4789,2.0522
3.3166,44.8,7.2495,1.685,199.0,4.1909,34.7504,-118.3175,1.4197
1.967,51.6,4.8837,1.0326,340.0,2.9479,41.226,-119.487,0.6236
5.44,16.0,1.9137,0.5,289.0,2.2375,32.8756,-123.2467,2.6961
4.3206,37.2,5.4034,1.7182,113.0,2.9793,38.7331,-120.6223,1.6561
6.0505,6.9,2.4259,0.5,38.0,3.5571,38.5755,-114.4755,2.7126
3.2539,21.7,9.8685,2.0523,158.0,1.6796,36.1409,-114.5099,1.8992
9.3231,44.2,3.5687,0.754,2451.0,2.8259,36.9476,-118.626,4.9012
2.6483,19.8,5.1763,0.943,296.0,2.159,40.6217,-117.8298,0.8959
12.5187,31.1,6.0164,1.514,877.0,4.5066,34.0673,-122.17,5.5
1.5705,26.7,4.9227,0.7499,48.0,2.4112,34.6999,-116.7095,0.9008
5.8175,33.9,4.9199,1.0341,147.0,3.4256,37.3673,-123.9488,2.372
5.9611,50.6,6.3437,2.1361,104.0,2.2705,36.3926,-122.1828,2.5821
2.7806,3.8,8.5524,1.814,330.0,5.6921,37.9565,-124.4382,0.6566
5.7813,30.3,7.035,1.5624,4546.0,1.5215,41.248,-120.4501,2.0679
9.6573,45.0,8.457,2.0689,639.0,3.634,41.2125,-115.5723,4.2158
1.1852,25.6,3.4068,0.8937,2199.0,1.8024,34.6852,-114.1837,0.2
6.0596,5.0,6.1347,1.9124,313.0,2.4504,35.3704,-117.4886,2.9801
1.004,29.6,5.8105,1.0927,1580.0,3.2624,34.0397,-116.6789,0.2
2.5108,17.9,6.2022,2.0117,3208.0,3.3272,41.314,-121.7411,0.7275
11.9114,8.9,8.2525,2.4882,362.0,3.2927,36.2797,-119.0365,5.5
3.1611,44.3,5.0584,1.4899,235.0,3.1922,36.7722,-116.7659,1.231
2.2159,27.6,4.689,0.7848,108.0,2.3239,40.1251,-119.2786,1.0324
3.9798,48.6,6.568,1.0136,296.0,2.8134,37.3732,-123.5703,1.9625
15.0,42.1,1.9436,0.5224,438.0,3.0424,33.6377,-116.7209,5.5
1.4933,36.3,5.0263,1.6216,3075.0,3.2483,36.6596,-122.1946,0.3807
2.385,1.3,5.2316,1.3963,111.0,2.9263,38.49,-123.4742,1.4822
11.0062,22.8,3.6593,0.7049,428.0,4.0222,39.3325,-119.4804,4.7469
13.662,11.1,7.6141,1.28,66.0,3.1185,38.6308,-123.7166,5.5
4.212,47.5,3.3755,0.9786,263.0,3.2561,33.6322,-117.8908,1.6233
2.131,9.9,5.2283,1.539,551.0,2.5778,35.3913,-117.775,1.3657
15.0,15.6,6.0863,1.123,674.0,1.972,39.4689,-121.8046,5.5
11.6658,27.4,8.2069,1.2773,727.0,3.1951,40.8618,-114.3724,5.3271
6.7353,14.4,5.4789,1.2692,600.0,4.8694,32.9483,-115.8433,3.5624
2.7526,11.7,7.3723,1.965,721.0,3.5878,32.9012,-123.3493,1.6335
4.3518,31.6,6.9012,2.0096,422.0,2.1663,38.6123,-116.6406,1.8342
4.0706,5.5,5.7469,1.793,141.0,4.1616,37.7064,-120.7927,1.8124
5.4658,4.0,3.321,0.9037,63.0,2.6273,33.9757,-116.622,2.524
10.7038,20.0,2.6308,0.5,234.0,3.9983,37.7088,-116.0917,4.487
7.5962,37.8,5.713,1.6369,353.0,2.5921,41.7576,-122.9105,3.4672
2.348,29.3,4.4146,1.5311,1414.0,3.4602,38.4936,-117.5507,0.6059
10.2359,22.6,7.3385,2.4299,365.0,2.4415,36.7668,-115.4413,4.7898
5.408,29.9,6.9917,2.2676,331.0,2.4664,40.3616,-121.1046,2.8467
6.7682,19.6,5.1308,1.0797,593.0,1.6056,34.5218,-123.6566,3.1886
10.8041,48.7,3.1846,0.9559,308.0,3.6871,36.4361,-124.2137,5.0974
2.3003,3.8,6.5215,2.0883,907.0,3.4836,37.5138,-123.345,1.2443
4.3864,35.3,3.4641,0.9896,2920.0,3.5629,37.2931,-124.4558,1.5164
3.258,46.5,3.9831,0.7971,3608.0,3.3539,41.2492,-121.0671,0.5745
1.7494,42.0,3.5412,1.2067,445.0,2.2147,35.2803,-121.357,0.8289
5.5181,10.4,5.223,1.2544,565.0,4.421,33.0368,-123.3414,2.7855
15.0,16.1,7.8404,1.3796,1956.0,4.4688,41.2056,-117.6633,5.5
1.4858,37.6,5.4899,0.944,347.0,2.1918,34.5621,-114.085,1.3339
4.3957,5.3,4.6136,1.2895,796.0,3.7167,36.1008,-115.0403,1.8229
6.5819,42.4,2.4488,0.5817,130.0,4.2631,37.5435,-121.8451,2.8976
4.8252,37.7,6.6042,1.1154,296.0,2.4892,41.7709,-116.4152,1.7251
4.1876,38.2,3.9392,1.1742,1282.0,2.6687,37.5851,-114.6629,1.943
2.0554,6.1,5.735,1.7771,197.0,3.7197,36.7536,-114.9832,0.9069
5.1535,37.6,4.7916,1.4139,355.0,1.6419,38.0446,-115.2122,2.379
2.8461,35.7,7.1764,1.3668,84.0,1.9437,41.7227,-116.2423,1.0316
1.2045,43.4,5.1855,1.4932,2998.0,2.022,40.2705,-121.4236,0.2
9.1775,3.1,5.3821,0.8189,1427.0,1.4644,34.1052,-123.6226,4.7454
7.9648,2.2,6.4715,1.3656,487.0,4.6366,40.131,-119.3779,3.2882
4.6228,20.0,9.7139,2.2319,670.0,1.3563,40.4904,-123.9247,2.1985
5.142,8.6,7.2769,2.3071,599.0,3.4461,39.0616,-114.016,2.3228
8.5385,29.5,5.3228,1.214,1611.0,4.1565,38.7437,-120.7377,3.3021
5.1274,47.8,5.5064,0.8384,240.0,2.6713,36.6883,-114.4374,2.119
7.7092,21.0,4.4503,0.9812,839.0,2.2994,38.5961,-116.3822,3.4043
3.7491,44.1,3.6,0.8992,1185.0,3.2974,39.507,-120.1814,1.8273
9.8472,1.0,4.3945,1.4933,1360.0,3.0064,33.6668,-123.2577,4.5624
5.4329,9.6,3.9557,1.3378,42.0,4.488,34.9446,-122.0095,2.4745
5.0351,2.6,6.8067,1.2672,222.0,1.0498,34.3438,-117.433,2.4956
2.0917,17.7,3.3576,0.628,146.0,2.0803,40.4915,-115.7857,0.523
5.3237,47.3,8.1664,1.4918,469.0,3.7608,38.96,-114.2159,1.9626
2.7205,5.9,7.0041,2.1558,54.0,3.0654,36.7824,-123.1123,1.5124
3.0558,31.9,5.541,0.8378,52.0,4.0585,40.3475,-122.8626,0.7315
2.7477,24.0,5.5006,0.965,3534.0,3.3361,39.3094,-124.0544,1.0319
2.3638,48.9,4.3854,1.1297,748.0,2.8465,41.1791,-121.7662,0.8302
15.0,7.2,6.0402,1.2051,455.0,2.662,33.2297,-115.8788,5.5
9.9623,11.8,7.6762,1.2932,580.0,7.6143,37.337,-122.4183,4.7353
14.1855,2.5,4.0937,0.9087,467.0,5.551,39.2141,-118.7474,5.5
2.1517,23.1,2.4332,0.5,1094.0,3.6627,34.4712,-119.8127,0.9253
4.6774,15.2,6.9064,1.7419,214.0,3.0999,35.6077,-121.0788,1.9862
2.0625,45.4,6.1487,2.1265,486.0,3.7257,36.4803,-118.0074,1.2144
2.9523,31.9,3.2596,0.57,506.0,4.1818,40.0461,-119.2256,0.9873
2.5834,32.3,4.0332,0.9056,142.0,3.5521,37.189,-120.985,1.647
9.4286,28.1,3.7818,1.2722,1447.0,2.2243,37.1823,-117.2671,4.2682
3.5334,5.7,4.0509,1.3181,258.0,6.1337,36.5934,-121.5603,1.6709
8.5082,23.7,4.8526,1.1105,1116.0,3.3151,34.6716,-117.7466,4.0782
6.4396,52.0,4.9669,1.4394,453.0,6.7233,41.2692,-114.4489,3.1726
15.0,43.6,4.1984,0.7035,2066.0,3.2377,35.5191,-116.846,5.5
1.8447,46.6,3.9837,1.1653,142.0,2.723,37.8909,-120.1068,1.5512
9.5404,43.0,5.0424,1.7375,136.0,5.2261,33.9134,-116.6506,4.6169
8.9162,6.3,5.8354,1.5026,163.0,3.3888,36.6253,-116.003,4.5949
2.4992,12.6,4.8674,1.2154,461.0,3.1689,41.0861,-121.0787,1.362
8.2012,1.2,7.8173,1.4655,1885.0,1.8587,41.9569,-117.0961,3.572
5.4832,16.5,6.5162,1.8034,1984.0,3.9122,35.9366,-119.9388,2.7165
3.9099,6.5,2.3183,0.6215,40.0,2.4662,33.9629,-115.9055,1.8463
2.7337,25.1,6.5475,1.8358,518.0,2.5115,35.4873,-121.3985,1.3886
2.9111,35.5,6.7111,1.0417,16.0,2.4689,35.6088,-114.6535,1.5243
15.0,45.6,4.6305,1.2028,893.0,3.5809,38.6228,-118.4647,5.5
4.4835,39.2,2.5096,0.6751,1234.0,1.6256,37.2135,-120.7903,2.1242
7.1655,48.9,5.5161,1.0564,388.0,2.7612,39.8004,-120.0966,3.0911
2.7884,3.7,5.4846,1.0512,439.0,4.4465,39.1624,-120.8481,1.0597
2.8069,1.6,3.2567,0.6684,434.0,1.8253,34.8874,-122.9644,0.7157
8.5779,34.7,2.5976,0.7594,184.0,3.2193,39.9504,-123.7808,4.1282
1.9942,15.8,5.3249,1.4444,621.0,2.3337,40.5509,-121.1213,1.2092
3.4934,13.9,5.0338,1.6066,320.0,2.5562,38.1847,-119.6838,1.6166
4.5741,17.9,4.6655,0.9757,1023.0,5.8244,41.3128,-120.7009,1.0634
4.7914,14.8,5.3332,1.7728,360.0,1.5524,39.938,-124.3538,2.4467
4.0251,27.1,3.2944,0.9842,171.0,4.0806,38.1563,-118.4204,1.3717
5.6831,23.4,4.6304,1.0604,87.0,2.4814,41.1086,-122.9794,2.5762
6.7918,27.1,6.5667,1.1101,63.0,2.4325,38.2034,-122.2844,3.5215
6.9642,35.3,4.8001,0.9667,1499.0,1.9259,37.4513,-123.2321,3.4117
2.4806,20.7,2.1561,0.736,255.0,4.0615,35.8845,-119.0355,1.2256
3.7792,13.8,4.5546,0.9659,566.0,2.7827,40.8872,-123.5008,1.5657
9.1784,9.5,3.3597,0.7256,2400.0,2.6457,33.6659,-121.8082,4.4234
7.6659,18.8,6.0343,1.1339,230.0,3.1391,36.9983,-119.7571,3.9359
1.9666,38.8,6.1377,1.9111,215.0,2.8064,37.6054,-122.7391,0.7822
5.5339,39.6,2.1825,0.5,353.0,1.3495,37.7701,-119.8145,2.3617
1.3676,35.0,7.018,1.5163,415.0,2.4686,38.693,-120.9013,0.6666
4.6097,12.9,3.2756,0.7628,2664.0,4.2981,37.3051,-115.4637,1.3621
13.9944,31.0,8.6184,2.0404,1931.0,1.6444,34.9398,-116.1535,5.5
2.5377,30.1,5.4024,1.2548,751.0,1.9426,40.641,-114.075,0.5639
2.7167,25.7,3.0072,0.7541,1719.0,2.5327,38.7465,-118.9464,0.7482
7.0881,29.0,3.216,1.0063,338.0,2.2473,40.6528,-118.4583,3.0114
1.7759,26.1,6.1962,1.9447,544.0,2.9708,35.1224,-114.5602,0.5149
3.0659,29.8,4.7174,1.4608,298.0,1.9402,38.552,-120.3043,1.6794
6.41,37.5,5.3067,0.9033,111.0,2.5724,39.2847,-118.6653,3.2821
3.0631,6.6,8.7256,2.7044,1345.0,2.947,36.1423,-120.5196,1.8544
3.89,39.2,4.1015,0.7139,687.0,3.8945,40.2163,-118.7685,1.3678
7.0042,7.9,5.6199,0.9832,411.0,4.9427,32.5238,-123.652,3.2863
5.7715,4.4,8.3397,2.8319,402.0,2.7058,38.1517,-116.2702,3.0533
5.2598,50.8,6.041,1.8962,89.0,6.3931,38.3289,-114.1546,2.0784
3.6566,49.8,2.2868,0.5957,152.0,2.7911,37.5715,-123.8097,1.5334
5.5959,4.1,6.5108,2.116,565.0,4.1852,38.4855,-116.0891,1.7183
4.161,23.6,3.174,1.1041,238.0,6.5052,34.0887,-121.9618,1.8461
5.8984,10.5,8.3136,2.2624,325.0,3.1763,39.0054,-122.4258,2.9902
3.3262,25.8,3.8543,1.0506,363.0,1.7343,35.69,-117.2196,1.6164
4.0167,43.3,11.439,3.4418,204.0,3.1154,36.7945,-124.0366,2.279
2.4745,49.5,8.4348,1.6568,153.0,2.3522,35.6645,-119.636,1.4905
4.3885,33.3,3.9068,0.7166,80.0,2.6918,37.0024,-124.4848,1.8079
2.755,19.0,5.54,1.6726,348.0,6.6458,38.4049,-118.6789,0.7139
2.2969,31.8,7.0073,1.5345,749.0,1.8421,40.4643,-119.6481,0.6393
5.2341,16.9,7.0673,1.251,78.0,3.3878,37.0926,-114.8874,2.974
5.0919,47.4,6.3847,1.3598,394.0,2.1147,35.5706,-116.9371,2.8297
7.1687,45.4,8.0043,1.7748,534.0,2.6563,37.1354,-123.1769,3.2528
3.4602,29.5,5.2541,1.8024,150.0,4.0468,39.0436,-120.7773,1.5256
5.7249,17.6,4.7666,1.3804,1673.0,3.4119,35.7937,-114.7184,2.6459
6.2369,16.0,4.8063,1.2312,274.0,2.7456,36.4357,-116.884,2.798
5.8525,2.7,7.2167,2.4809,365.0,2.3166,37.847,-118.2601,2.9093
2.7308,42.6,6.2304,2.0599,343.0,3.409,35.2931,-118.6297,1.4769
4.9019,24.0,6.0826,1.5352,69.0,5.9481,34.4863,-120.32,2.4517
5.5761,17.6,7.0905,2.3479,1106.0,2.0948,33.8337,-118.3554,3.5513
4.501,25.0,1.3979,0.5,155.0,6.4538,35.8498,-116.3975,1.6753
1.2816,42.8,6.1201,1.2001,318.0,4.854,32.9593,-123.1609,0.4268
4.9347,7.4,5.9371,1.1669,733.0,5.1952,38.0431,-114.3168,2.2265
15.0,44.7,8.8376,2.4963,1739.0,3.3986,34.1711,-121.9867,5.5
3.611,46.8,2.4428,0.6112,137.0,4.7992,36.0853,-119.7987,1.1863
2.8955,49.3,8.6144,2.4274,258.0,2.0067,35.0576,-124.2615,1.2757
5.607,21.3,5.6508,1.623,1607.0,2.2997,38.4887,-118.7214,1.4851
5.4056,12.1,6.478,1.0006,641.0,4.0809,40.5783,-120.4904,2.5318
9.1673,20.1,8.8518,1.4234,789.0,3.3816,38.5164,-121.8776,3.9449
2.107,18.0,6.6215,1.6987,141.0,2.8311,37.6538,-114.152,0.6868
6.9506,10.0,6.3007,1.1858,276.0,1.104,38.8563,-120.0045,3.5798
6.3869,32.0,5.9846,1.6548,341.0,2.5239,32.7849,-120.1499,3.1904
4.1153,25.3,4.533,1.1806,171.0,1.8783,33.667,-119.6374,2.793
5.4916,45.2,5.443,1.4541,76.0,3.6598,33.4018,-123.2804,2.2231
8.3118,2.6,4.069,0.8565,242.0,2.783,33.4329,-120.3725,4.8673
7.5639,33.8,5.4109,1.5041,1563.0,2.3366,34.9746,-120.9678,4.0502
2.2573,39.9,1.0,0.5,428.0,8.6466,37.5545,-119.6162,0.4164
7.3309,39.7,6.3581,2.2229,1594.0,4.5506,33.5895,-115.5055,3.8028
4.3111,46.2,5.2565,1.6699,483.0,4.583,41.3836,-122.4758,1.6548
4.682,38.2,4.8276,1.2624,188.0,7.2492,40.6154,-118.1187,1.0201
4.6829,48.3,5.9395,1.1207,1448.0,4.1407,41.7306,-124.1048,1.8561
4.0954,18.0,2.6329,0.7538,499.0,2.207,32.9038,-121.1737,1.6033
9.1616,26.7,9.3585,3.1588,1056.0,2.1061,40.5883,-119.5371,4.215
4.2621,1.7,5.2945,1.0185,139.0,4.4192,40.1355,-123.7201,1.7156
2.2894,1.4,5.2083,1.0479,1140.0,1.3182,41.07,-118.7883,0.6378
3.5391,13.2,3.5692,0.6417,1175.0,2.9121,37.5155,-121.2416,1.7452
4.9889,6.1,5.5479,1.6496,539.0,1.2606,39.9849,-114.0755,2.3002
9.3701,14.3,8.2739,1.9139,180.0,3.1253,32.9872,-117.8748,4.9866
6.4357,10.0,7.5718,1.2307,385.0,4.2276,33.2208,-121.9362,3.252
2.6904,2.5,7.2089,2.3428,743.0,3.3594,33.6261,-123.4219,1.4033
15.0,47.4,6.5928,1.7242,510.0,4.3721,41.1905,-124.0724,5.5
5.2533,1.4,4.7829,1.0342,736.0,6.5925,33.0811,-123.5469,1.9325
9.6334,38.5,2.5997,0.5688,1110.0,2.8365,33.4514,-117.3594,4.5835
4.0917,8.8,5.0979,1.0606,211.0,9.2356,41.3389,-115.5226,0.7894
6.172,47.5,5.0283,1.2123,127.0,3.2709,33.5202,-122.8543,3.4461
7.4163,46.5,7.5976,1.6518,389.0,4.3915,40.7627,-120.2776,2.8498
9.3084,34.3,6.1188,1.5884,290.0,2.3527,39.9981,-120.7805,5.1148
8.4522,35.3,8.7246,2.6584,885.0,5.7415,32.8827,-117.7326,4.1192
7.5634,1.3,7.895,2.2492,138.0,4.5571,32.7076,-122.5819,3.8499
3.7097,51.2,4.587,0.9582,1119.0,5.4118,37.5767,-114.4901,1.0994
3.1802,45.8,1.9097,0.5,1562.0,3.0704,41.9732,-116.8502,1.0593
5.4716,46.7,8.2712,2.6304,404.0,1.8182,40.8489,-114.4717,2.4749
7.845,34.6,8.2188,1.3449,429.0,3.6116,35.4452,-121.5876,3.9742
3.9211,18.6,2.7676,0.5,187.0,1.5238,36.1699,-118.329,2.1647
8.4918,46.6,8.5185,2.2253,234.0,2.6262,36.1851,-116.8112,4.4451
10.7142,15.9,6.2642,1.7403,268.0,3.2428,39.4747,-117.035,5.4661
2.5862,29.7,5.8214,1.1193,1708.0,7.7748,35.7408,-124.2759,0.7561
2.7124,6.1,8.7296,2.6105,375.0,3.4124,33.9041,-114.018,1.1667
4.1197,48.0,8.1894,2.2869,108.0,3.1766,39.5975,-114.7554,1.1996
5.3901,8.2,6.8027,2.2766,521.0,2.9294,36.8511,-123.2426,2.6535
3.2715,12.5,6.4464,1.1848,922.0,1.7562,33.2294,-118.7925,1.8741
10.0877,29.5,6.7328,2.0217,393.0,3.1091,40.0055,-121.1972,5.318
5.7802,40.0,4.6999,0.7836,1753.0,3.1304,38.0605,-115.2716,2.4377
4.589,32.6,5.3898,1.4178,878.0,2.0392,37.149,-117.176,2.2553
1.8936,12.8,3.6954,0.9622,141.0,1.8688,38.8968,-122.1531,1.0047
2.035,1.0,4.8339,1.1006,232.0,2.4778,37.301,-124.1445,1.081
5.3048,39.6,4.7667,1.5202,506.0,3.0832,38.66,-121.4367,2.562
1.2466,51.2,4.2294,0.6381,76.0,2.5017,40.7411,-124.0996,0.2
8.2283,42.3,5.7735,1.4667,565.0,1.9732,38.3284,-123.0162,3.6464
4.076,24.5,4.852,0.9385,69.0,3.3727,38.7662,-117.8206,1.6774
15.0,47.1,6.5045,1.9429,1123.0,3.7268,38.3316,-116.6766,5.5
15.0,21.9,2.2554,0.5,1000.0,3.1535,37.5462,-119.5858,5.5
4.0194,27.8,5.2733,1.668,668.0,2.3984,34.1337,-118.197,1.7899
4.2047,25.3,5.7631,1.8305,205.0,3.8112,35.6889,-122.8632,2.0272
8.1445,23.8,4.8787,1.5445,478.0,2.7837,39.0845,-121.1737,3.6968
12.4523,40.5,5.1552,0.9306,241.0,1.8671,36.542,-117.0147,5.5
1.6773,27.9,2.3295,0.6431,144.0,4.5471,36.3582,-120.6686,0.8299
1.5345,17.2,6.213,0.9498,288.0,3.4605,39.7131,-120.8375,0.5199
3.0857,14.2,6.7952,2.1717,811.0,2.8642,32.5529,-122.4631,1.8811
6.3575,2.9,6.4871,1.9111,421.0,1.6025,38.9504,-118.2543,3.176
6.0383,30.7,7.5775,1.9416,1721.0,2.2301,37.1477,-115.9998,2.9956
8.5153,12.7,5.9031,1.748,868.0,6.7357,36.0792,-119.5708,3.3348
2.1819,8.6,6.4574,1.0904,780.0,1.6432,35.7351,-123.2868,1.5575
1.1166,34.3,5.8122,1.4864,81.0,2.7168,34.1423,-115.6971,0.8475
7.4993,35.7,6.8751,1.4318,303.0,2.9846,35.6754,-123.7503,3.6964
2.7267,39.4,2.3455,0.8081,139.0,3.415,36.2185,-119.5469,1.1396
1.335,26.7,3.7128,1.1934,336.0,1.6506,36.6558,-121.7587,0.8714
4.8892,46.6,8.6738,2.5731,202.0,3.2209,38.8869,-114.6687,2.134
7.2131,48.8,1.0,0.5,277.0,1.5304,36.8089,-116.7558,2.893
4.1652,42.2,5.2196,1.145,1166.0,3.1236,40.0647,-118.5527,1.5253
3.4052,33.4,7.8445,2.5901,649.0,2.3141,38.5775,-117.4886,1.5949
4.073,16.5,5.3135,1.1427,1104.0,2.1247,34.3012,-118.9064,2.0258
3.5882,51.1,4.69,1.3909,81.0,4.1951,35.1331,-122.9502,1.9317
1.9961,15.0,5.7588,1.712,428.0,2.734,33.2529,-117.0545,0.7708
2.9189,11.3,4.7938,0.7367,1061.0,3.6309,41.4844,-119.3269,0.7036
6.1274,23.5,5.5617,1.2359,1819.0,3.6793,40.9222,-117.8398,2.1818
5.4358,3.9,4.1332,0.636,86.0,4.9927,33.3056,-124.0254,2.6968
4.9572,50.9,7.7173,2.6966,284.0,1.8528,37.9537,-123.0086,1.9356
2.4668,31.0,8.3465,1.456,1135.0,4.3388,41.6238,-118.3116,0.975
4.0193,29.4,5.2332,1.3531,333.0,3.024,39.5979,-119.676,1.4129
1.2138,34.4,2.727,0.8402,162.0,2.5825,37.1722,-122.1178,0.2
4.9883,26.3,4.4523,0.8471,86.0,1.897,34.7905,-121.972,3.0734
10.5625,2.6,5.132,1.2677,156.0,3.8291,35.1509,-117.8676,5.5
1.8506,32.2,6.5111,1.7677,75.0,2.0774,39.4943,-123.8808,0.8116
3.1533,37.5,3.484,0.6342,428.0,3.6955,39.9155,-119.9403,0.699
5.4601,22.3,3.9617,1.2111,989.0,6.4956,37.5226,-119.0074,2.6649
9.5039,39.6,6.5214,1.3686,114.0,4.4459,33.649,-121.2645,4.5967
3.4249,12.6,7.3778,1.4181,522.0,5.2413,41.3717,-115.8842,1.2788
2.9584,12.3,4.2568,1.1138,939.0,2.2533,40.5252,-123.9039,1.401
1.3753,9.2,2.8336,0.6576,402.0,4.0759,33.8351,-115.4093,0.2
4.7686,20.0,12.0682,4.0315,81.0,1.9009,33.0389,-116.9057,2.5944
15.0,44.2,7.0666,2.3038,594.0,2.7363,37.5907,-119.8143,5.5
5.2932,43.2,4.966,1.225,382.0,6.0286,35.1994,-114.7931,2.2476
4.4222,20.5,7.2381,1.6058,345.0,2.3558,35.1909,-117.1265,1.897
5.4371,31.0,5.2511,1.1295,233.0,4.6858,33.3286,-114.724,2.6634
4.452,37.8,7.2343,1.4723,440.0,4.5098,41.5572,-119.5378,1.7406
2.7516,13.3,5.8188,1.5065,672.0,4.6177,40.3866,-119.7438,1.3818
7.3446,9.6,5.6825,1.7672,4406.0,1.8098,33.5814,-118.9272,3.7161
5.1318,50.6,5.2728,1.1186,451.0,3.7065,40.8277,-123.813,1.9957
4.5293,32.5,2.6052,0.5,1828.0,2.8218,38.9881,-114.9608,1.6867
2.4962,51.1,9.3762,2.2981,577.0,4.6432,35.5917,-117.489,1.3756
9.7973,18.2,3.6169,0.5925,365.0,1.5496,40.7769,-118.0154,4.7241
6.678,36.9,2.78,0.8069,468.0,3.4803,38.1812,-114.7721,2.5068
3.2164,12.4,5.0743,1.2872,119.0,3.2889,40.5624,-114.0668,1.8949
8.1751,14.3,3.5771,0.8917,548.0,1.3552,36.958,-122.7844,3.7169
3.325,27.1,5.3966,1.1338,55.0,2.1082,37.2562,-116.6355,2.3473
2.8033,17.3,6.8755,2.2754,170.0,1.4448,35.2646,-118.4106,1.6735
2.8411,9.5,7.4906,1.2592,450.0,2.2467,36.1831,-119.6595,1.3061
1.5486,14.4,7.1295,2.3097,1331.0,3.7422,37.8936,-114.2351,0.2
5.9472,2.8,4.8887,1.1016,1687.0,3.2483,41.4971,-115.5722,2.683
1.4938,36.9,5.5992,1.826,318.0,3.2148,38.2011,-117.1841,0.2
2.1446,26.1,6.3158,1.8679,471.0,1.982,33.9001,-120.4819,1.278
1.29,5.8,1.9844,0.5,1080.0,4.7029,32.5665,-117.5066,0.9361
4.2561,9.8,6.6412,2.1007,107.0,2.9816,40.5844,-118.9172,1.5272
4.0952,6.2,2.5854,0.7406,605.0,3.0449,35.9611,-121.8816,2.0432
3.6839,32.2,9.5807,1.499,176.0,4.3761,35.4922,-119.771,1.5732
2.3976,5.8,4.691,0.8291,340.0,2.0207,40.1069,-122.2718,1.3371
2.2181,39.5,5.1302,1.4217,255.0,3.2917,41.481,-119.2456,0.6708
5.9217,2.0,3.9606,1.1189,624.0,3.5587,39.6064,-116.9375,2.5558
3.2209,13.7,4.2401,1.2692,699.0,2.4152,34.1515,-124.1152,1.9374
5.4185,46.4,10.0482,2.9547,983.0,3.8999,36.2181,-116.4635,2.739
2.6349,37.6,7.3807,2.0807,571.0,3.6359,39.7143,-124.2901,0.7301
4.996,4.7,2.4016,0.7283,479.0,2.885,41.1158,-119.0686,2.5735
9.7959,42.9,8.5084,2.2549,2576.0,2.8495,41.9867,-118.4785,3.8948
6.3706,26.1,7.8865,1.5943,88.0,3.704,37.3598,-116.5069,3.1491
3.4993,44.2,4.9376,1.6416,2199.0,4.1181,40.314,-116.5092,0.7982
5.2295,31.6,6.1134,0.9393,302.0,3.0807,32.943,-120.1167,2.238
3.8791,35.8,5.4701,1.2215,714.0,4.7024,35.2153,-123.8031,1.3
4.5029,51.7,9.4452,2.7936,291.0,3.9095,36.0294,-117.2182,2.1223
3.6863,12.8,3.9074,0.9199,200.0,1.469,41.7675,-119.1346,1.6757
4.0609,32.8,5.792,0.8976,655.0,1.7126,32.5322,-121.0029,2.5228
5.0899,24.5,4.6437,0.7578,1144.0,4.8206,35.4262,-122.0338,2.6229
2.4694,3.0,2.6339,0.7368,647.0,2.7218,41.3389,-123.2425,0.8604
2.4363,1.7,9.8833,3.3897,235.0,3.2081,35.4134,-121.401,1.1753
1.9481,7.1,3.1369,0.8168,14933.0,4.7385,34.6381,-119.6859,0.2
1.7157,34.1,5.9403,1.4931,1338.0,2.9965,39.4358,-119.4851,0.2874
2.159,29.9,2.0186,0.5,1026.0,3.0493,39.5807,-118.3812,0.2
4.9317,29.2,4.7019,0.9467,283.0,2.1223,36.9857,-120.6941,2.6465
2.623,2.6,6.3439,0.9782,216.0,3.4834,41.4957,-114.8411,1.3868
6.0993,24.9,3.8505,0.7878,305.0,3.7985,34.4257,-119.2934,2.6326
4.576,48.2,6.6736,1.6005,1190.0,2.3842,41.1775,-120.0509,2.4834
1.3756,21.3,4.9619,0.9407,150.0,2.0776,39.6773,-123.9942,0.674
6.6392,32.9,7.8202,1.3096,139.0,8.5893,35.998,-118.2103,2.9
7.2898,40.8,8.2235,2.414,692.0,2.8946,40.1656,-118.1699,3.206
2.4687,41.0,4.3265,1.4231,555.0,2.2854,33.7654,-118.3755,1.4946
5.7668,27.5,5.6535,1.9072,187.0,3.9854,33.7443,-115.1802,2.3231
2.6808,44.8,5.8669,1.6052,135.0,2.9437,41.3344,-116.4895,0.8534
4.7522,21.0,6.7387,1.0819,1699.0,1.9458,33.4004,-115.3922,2.2234
2.0987,46.3,5.5288,1.6485,577.0,3.6445,32.5388,-123.8761,0.5755
1.5283,13.3,5.8804,1.0115,103.0,2.1356,36.1958,-121.1597,1.0664
3.562,15.3,5.0132,1.4235,111.0,5.6439,33.4866,-121.1535,1.6467
4.161,3.7,5.7305,1.7528,281.0,3.6612,40.6988,-117.601,1.9517
3.5303,41.6,8.0959,2.3897,840.0,2.6892,41.2656,-119.7895,1.3416
2.2025,22.3,6.7922,2.3119,731.0,3.1385,37.0831,-116.3365,1.2082
3.5256,12.7,6.9025,2.0544,1251.0,4.3116,36.542,-120.4635,1.4902
5.2676,12.8,6.9461,2.0049,91.0,3.2362,37.6209,-122.1731,2.3699
4.3626,47.0,5.1924,1.0507,505.0,7.0206,34.6488,-121.445,1.4783
5.0003,43.5,6.1377,2.0558,1679.0,4.732,35.3307,-122.5841,1.4852
2.998,29.2,3.3297,0.619,1530.0,3.6512,33.4593,-122.4221,1.5905
9.0524,32.4,8.0376,2.6603,578.0,2.0652,36.7413,-122.2232,4.8208
2.2129,25.2,1.0,0.5,4222.0,2.8327,38.3111,-124.331,1.1933
6.0047,21.0,5.3257,0.9375,742.0,3.6384,41.3371,-116.9811,2.4339
9.1078,47.7,7.7818,2.4539,1145.0,2.1616,39.5212,-120.3042,4.0928
5.9807,7.4,2.7723,0.5,422.0,5.0398,39.3691,-124.262,1.9191
3.9689,22.3,6.2996,1.9933,185.0,2.0347,35.426,-120.6149,2.3198
3.2642,18.6,4.1385,0.8379,168.0,2.3282,40.9388,-114.9936,1.5407
8.3449,26.4,4.7624,1.557,484.0,2.3991,41.4961,-119.1319,4.2479
1.9083,24.3,7.3919,2.131,327.0,4.0452,41.3565,-114.1391,0.2598
2.5041,27.5,5.8961,1.67,69.0,2.1772,32.8686,-118.8304,1.622
3.5306,8.1,1.4313,0.5,145.0,1.4623,38.2413,-114.3906,1.4212
9.4177,27.2,3.5471,0.5742,293.0,4.6423,38.6106,-122.3811,4.6379
5.6286,13.4,7.4507,2.3545,835.0,2.5149,35.3031,-121.4557,2.9767
2.5072,10.4,6.3979,1.1784,397.0,1.9593,41.9279,-117.1503,0.5568
3.7203,4.3,8.9963,2.0192,375.0,2.2212,35.2663,-114.1384,2.0083
3.1,39.9,8.8653,2.3943,150.0,5.9698,34.5578,-115.8344,0.7434
2.9274,22.8,4.8155,1.1868,413.0,2.3098,37.0994,-118.6861,0.9852
8.0634,33.0,10.5065,1.9934,1509.0,2.8595,35.5699,-123.6059,3.7152
1.9679,38.1,5.549,0.9884,471.0,2.5124,41.2783,-120.674,0.4411
11.7666,35.6,3.5747,0.6243,89.0,1.8348,36.6807,-123.5925,5.5
7.3665,25.0,4.2327,1.3655,115.0,2.232,36.3964,-121.2315,3.6351
8.6237,20.8,1.0,0.5,727.0,1.7852,38.4457,-121.7827,4.0112
3.3948,20.2,8.714,3.0099,322.0,4.4033,33.2706,-120.4202,1.6791
4.0961,33.6,8.6895,1.6485,374.0,3.1279,39.689,-115.7086,1.9643
1.8967,26.2,3.469,0.5969,219.0,8.1098,39.7998,-122.921,0.2
3.2713,44.3,5.0442,1.3387,667.0,2.2624,37.0032,-121.2863,1.4745
6.0267,45.6,5.6912,0.9447,299.0,2.1307,41.5791,-121.7583,3.1273
9.7536,9.7,3.5793,0.9682,335.0,5.5484,38.0037,-121.3905,4.3094
2.3064,7.9,1.9898,0.637,172.0,4.5868,39.1047,-120.7135,0.7786
3.5991,33.2,5.0793,0.8106,1014.0,3.504,41.2813,-121.9347,1.4094
4.0928,16.4,4.8578,1.5058,323.0,1.9242,38.8303,-114.6029,2.1387
1.9397,1.9,4.7232,1.0811,741.0,6.0376,36.6023,-120.0889,0.587
6.3905,46.3,5.9454,1.0815,122.0,2.9188,32.7353,-123.3018,3.5194
2.9026,12.6,8.359,1.5483,2284.0,2.5288,39.4188,-119.5896,1.3321
3.9859,48.4,4.8938,1.6333,1447.0,4.7454,41.6662,-122.5635,1.4201
3.4172,37.6,5.8409,1.0053,60.0,2.9775,36.9672,-122.2306,1.7158
2.791,39.9,6.9537,2.2485,181.0,1.8846,35.7278,-121.5071,1.1285
4.4628,11.3,6.6083,1.7105,650.0,3.053,37.433,-123.19,1.7276
3.9378,12.9,4.2712,0.674,108.0,2.1978,39.4202,-116.9283,1.6721
3.5855,27.6,5.6928,1.3827,354.0,1.0,32.5066,-116.1846,2.5217
2.8948,9.8,6.5951,2.0675,618.0,2.1113,40.9285,-120.36,1.154
5.4288,16.6,3.2433,0.9576,335.0,2.4325,40.9204,-117.2656,2.4252
12.0875,17.4,8.0271,1.9888,691.0,1.8922,37.6423,-120.416,5.4501
4.8741,9.1,8.3632,2.693,202.0,3.7814,33.6626,-122.7772,2.5559
8.1472,11.5,4.0544,0.7058,43.0,2.2012,38.8822,-120.3297,3.9324
1.9462,41.2,5.8873,1.9545,1077.0,3.6378,33.8095,-118.6516,0.2
4.9266,9.5,6.7846,2.1662,1070.0,1.8343,37.3217,-124.0696,2.4776
2.32,2.5,4.4088,1.2858,4933.0,4.3219,33.3895,-117.6279,0.2
1.8475,33.1,6.4632,2.0267,44.0,1.8029,38.0961,-116.7026,0.6425
2.8759,50.8,5.8265,1.5077,855.0,1.1775,35.5217,-115.4703,1.7365
9.1627,17.9,2.5642,0.7309,56.0,4.9279,40.3944,-123.4209,4.0236
7.9249,7.1,6.4183,1.6824,2337.0,2.1332,40.0995,-124.499,3.4655
5.1852,30.1,3.2997,0.7295,657.0,6.0664,41.9855,-123.7307,1.5864
1.7867,47.2,7.3784,1.9462,156.0,3.7653,34.9463,-114.7968,0.6752
3.9838,41.0,4.1576,0.8377,880.0,4.121,33.0871,-116.4617,1.8281
5.371,32.7,5.1774,1.2325,232.0,4.564,36.7085,-115.7279,2.0044
4.9795,17.1,8.2446,1.6997,545.0,3.1427,33.2923,-119.0714,2.9538
1.4825,28.6,6.4928,1.1335,496.0,3.157,34.1957,-118.9694,0.3939
2.6269,5.7,3.3411,0.7162,2308.0,5.0155,38.1744,-121.3657,0.2
4.3127,35.6,3.4702,1.1118,2477.0,3.141,38.1252,-115.6511,1.8934
6.1828,38.0,4.3014,0.973,222.0,2.2451,32.9116,-115.7874,3.0182
1.2,50.2,6.2893,1.8843,1162.0,3.7973,36.7076,-120.3822,0.2785
4.0663,14.3,6.2166,1.1503,575.0,1.2899,37.5371,-121.0427,2.2524
4.8833,1.9,3.8138,0.8958,98.0,5.0928,35.0462,-116.7471,1.9554
7.4616,28.8,3.1656,0.5476,201.0,5.1355,40.7844,-124.2252,3.1278
6.7918,37.0,6.0632,1.0776,4172.0,4.8514,34.0304,-115.4705,3.0225
6.3569,41.3,5.1363,1.4047,577.0,4.7775,34.9121,-119.8144,3.3584
2.7733,10.9,9.8144,2.6646,1096.0,2.9047,33.9914,-119.8659,1.346
1.4265,14.3,5.5732,1.0738,326.0,2.8787,33.6072,-117.4747,0.6305
3.5401,27.1,9.1285,2.2354,235.0,1.837,40.8503,-117.7196,1.8521
8.1742,17.9,3.1592,1.0194,415.0,6.0449,35.1397,-121.7073,3.6782
10.3405,44.9,2.3536,0.5,309.0,2.4744,39.364,-114.5956,4.7405
6.8643,25.2,3.2598,0.5015,91.0,3.4417,36.5658,-114.1435,3.671
5.7985,41.8,7.8783,2.2091,148.0,3.3255,38.5408,-118.9771,2.1921
5.6282,30.6,9.0122,1.4483,819.0,1.7574,41.3177,-118.6055,2.2455
3.2102,40.4,3.9356,1.3617,276.0,1.495,40.5238,-118.6797,0.812
4.1453,18.0,4.5789,1.2451,414.0,3.0109,33.1554,-119.3992,2.4261
12.2001,43.4,3.162,0.7718,510.0,2.5055,40.5294,-114.5755,5.5
2.5459,15.0,1.8767,0.5,552.0,2.8986,36.7923,-121.9301,0.5709
11.8091,28.9,6.9368,1.8356,1270.0,4.6005,35.8264,-123.3664,5.5
3.6943,11.9,5.946,0.9997,134.0,3.287,38.8877,-114.7398,1.6358
9.927,25.3,5.521,1.8551,714.0,4.069,41.527,-122.2631,3.7475
1.9269,17.2,2.6999,0.7428,858.0,3.5899,33.3943,-116.6339,0.8262
6.3696,14.6,8.7799,1.6401,1081.0,2.6471,39.7967,-122.3593,2.6631
2.8804,50.3,4.4933,1.1796,98.0,2.0123,34.4333,-114.418,1.6463
1.9171,9.2,6.5673,1.1601,521.0,3.3397,36.1113,-116.1932,0.5365
5.1096,41.2,2.5909,0.5,2244.0,3.1067,40.8013,-114.8535,1.9226
8.2127,51.2,5.1189,1.4134,365.0,4.3321,37.6851,-114.5147,4.0877
2.6994,2.0,6.0827,1.7013,654.0,2.8282,33.1408,-123.6135,1.7188
1.8232,36.7,6.1542,1.6416,880.0,2.6673,37.3265,-119.9494,0.8614
4.2414,13.9,5.8093,1.0846,145.0,2.7407,40.0016,-117.6949,1.877
4.2526,3.1,6.489,1.7565,2525.0,2.0803,37.5244,-116.0742,1.4376
6.2276,21.5,3.239,0.5225,665.0,5.3589,34.0854,-121.9645,2.6234
7.9229,48.7,5.8947,1.6025,678.0,4.7391,36.7279,-114.8966,3.4988
4.3247,1.6,5.7275,1.4938,77.0,1.8493,41.2813,-122.1797,1.8898
13.644,31.0,5.9633,1.676,893.0,4.1437,38.7529,-115.4051,5.5
5.1271,26.6,5.6447,1.8576,669.0,1.4362,39.4339,-119.1165,2.5164
3.6406,45.5,2.9536,0.9454,2047.0,4.4554,39.9664,-119.0881,0.6862
1.7041,5.3,2.8644,0.9915,296.0,2.2738,33.3616,-120.5729,1.3339
3.8282,35.8,1.0715,0.5,150.0,3.4693,38.0246,-123.4132,1.5074
3.6626,35.7,7.1351,2.1724,204.0,1.3885,36.0712,-120.8556,2.2108
7.974,35.1,7.1553,2.442,243.0,1.8599,33.822,-120.0193,4.413
5.915,49.1,7.1871,2.3247,132.0,3.6236,34.4257,-119.4703,3.5023
2.2086,43.0,6.1136,1.8067,1466.0,2.2697,39.921,-116.7395,0.7867
4.9697,3.1,1.2338,0.5,1522.0,2.1469,34.0341,-120.8033,2.1846
6.7054,25.0,3.4466,0.5508,332.0,5.2506,35.468,-120.2308,2.8601
11.2101,21.3,5.8408,1.8546,272.0,7.2746,35.2063,-114.986,5.5
7.6332,16.8,5.771,1.4308,66.0,4.3702,32.962,-116.598,3.3765
7.0746,24.0,5.0545,1.5817,809.0,1.9411,36.8905,-124.26,3.1457
4.6462,20.6,6.2378,1.3261,2108.0,6.0825,39.7763,-115.9731,1.654
5.6575,23.0,5.5233,1.2678,213.0,1.6087,32.7105,-114.1056,2.9946
9.4849,50.9,5.7415,1.6653,359.0,2.6597,33.5692,-114.6324,5.021
2.0144,5.5,4.2219,1.4062,623.0,3.0707,39.3418,-115.7225,0.263
3.634,48.0,7.464,1.2506,2263.0,6.4858,38.139,-117.8937,1.0922
2.8192,25.5,4.6385,1.495,493.0,4.3278,39.2949,-121.579,0.8779
5.6265,32.8,2.8387,0.876,491.0,2.4955,34.686,-117.6285,2.35
9.3758,43.3,3.958,0.8435,483.0,2.0586,40.1358,-117.1963,4.6181
3.1324,19.4,4.8031,1.0617,97.0,4.4856,37.0588,-121.5436,1.2364
1.068,23.0,7.488,1.1928,95.0,2.427,38.2979,-121.819,0.4575
3.4997,21.9,5.4155,0.8294,180.0,3.2762,33.3755,-120.3323,1.5319
7.753,20.1,5.1277,1.2583,1111.0,1.7369,34.4478,-117.768,3.7742
6.1878,48.2,3.0027,0.5078,288.0,3.7724,39.8469,-121.4228,2.2724
5.7945,43.3,7.071,1.335,238.0,3.6527,34.6271,-118.6655,3.0996
3.7886,6.6,4.1961,1.34,233.0,1.8282,33.379,-115.058,2.3221
2.0804,6.5,5.2999,1.4003,352.0,4.5387,38.1734,-121.4014,1.1925
6.1054,22.8,8.4604,2.3412,2213.0,3.7505,37.7054,-114.3573,2.835
2.7167,6.0,6.5175,1.222,347.0,4.0391,38.275,-119.5298,1.0192
15.0,32.6,2.2435,0.7083,184.0,2.5819,38.3739,-123.4405,5.5
6.3111,8.3,1.961,0.6346,414.0,3.2271,37.2519,-123.9221,2.9821
3.1633,27.6,5.3714,1.3679,2333.0,3.0813,37.1909,-120.9439,1.2495
3.1055,1.4,3.0745,1.0223,244.0,2.8313,41.2796,-121.783,1.0891
4.2386,17.1,6.7971,2.168,124.0,3.2162,37.5719,-115.641,1.8969
3.8818,35.5,5.5845,1.6545,244.0,4.9658,38.3644,-116.7548,1.845
8.7592,25.7,5.8308,1.7307,459.0,4.6181,35.0362,-115.2123,4.0115
5.0121,50.9,4.0865,0.6991,803.0,1.8725,40.7754,-118.3128,2.5283
2.8893,45.6,8.9828,1.834,1104.0,4.4556,32.7315,-119.9277,1.4414
13.9331,19.3,11.1852,1.8273,142.0,4.8378,37.7937,-121.659,5.5
4.6163,3.3,4.9428,0.75,156.0,2.8279,36.1466,-118.3774,2.0273
7.1086,44.1,6.2061,1.1274,292.0,3.6817,38.2371,-118.0107,3.2257
3.1114,47.5,5.6948,1.8571,800.0,3.6605,35.9216,-120.3741,1.4301
5.5726,42.9,4.9806,0.986,114.0,2.1383,39.318,-114.6657,2.4559
5.4014,7.5,3.8359,1.3197,220.0,2.5785,32.6931,-117.7805,3.0153
1.4423,51.9,3.3301,0.8973,223.0,4.0565,36.3559,-115.7064,0.2241
15.0,14.2,3.2288,0.6375,1035.0,2.4637,40.397,-117.9859,5.5
9.722,37.9,6.3105,1.574,684.0,4.438,34.8769,-121.1764,4.2456
3.5314,47.3,4.4607,0.8646,996.0,5.0632,33.0011,-116.7655,1.6214
2.3132,13.0,1.0,0.5,1539.0,4.7468,37.217,-122.0823,0.441
5.5209,47.3,6.3897,2.0412,297.0,6.6321,41.7771,-118.2356,2.4455
4.721,16.8,5.4235,0.842,123.0,2.8971,33.1095,-120.2752,2.6684
5.5478,50.8,8.1933,2.7821,124.0,3.2248,33.1655,-122.9262,2.8529
5.0276,15.3,6.2462,1.8377,64.0,3.4153,38.1536,-120.161,2.6838
6.0723,49.6,2.5427,0.5,255.0,2.9325,34.8756,-121.2421,2.9531
10.6801,3.7,1.0406,0.5,275.0,3.7317,36.3972,-123.3217,5.2966
6.302,37.2,4.0611,1.1346,887.0,1.5152,40.3898,-115.8498,2.5659
2.3874,28.1,4.2498,0.8234,410.0,3.2608,34.3891,-119.2649,1.2188
10.1506,25.4,7.3863,2.2284,247.0,1.7316,39.3333,-120.8633,5.141
11.9935,12.4,5.4823,0.9178,359.0,2.0441,37.2926,-119.1979,5.491
15.0,37.0,7.7674,1.9254,143.0,4.0275,41.0971,-116.5769,5.5
2.2839,10.7,2.8503,0.5,1125.0,2.7742,41.7431,-124.3079,0.2679
5.1848,29.2,7.4305,2.5542,184.0,3.9711,37.1071,-118.7591,1.9928
1.285,13.9,6.942,2.0848,129.0,2.7502,38.0541,-119.4689,0.2
6.2457,49.7,1.4635,0.5,914.0,4.6766,39.5855,-115.1228,2.5304
3.2255,2.5,8.1452,1.7784,716.0,2.7302,35.5274,-118.6623,1.18
14.2117,11.2,5.6869,1.0357,72.0,1.3744,34.654,-123.0581,5.5
2.8158,13.4,6.2841,1.9061,949.0,3.2876,41.6645,-120.4188,1.2136
1.6266,22.1,3.7702,0.6099,192.0,1.2617,36.6098,-117.9788,0.8649
3.3779,12.9,8.0505,2.5607,278.0,1.6802,32.5151,-124.0177,1.8047
1.3699,26.1,3.1283,1.0587,486.0,2.1103,40.4583,-115.2112,0.2
7.0333,45.5,7.1642,2.0441,725.0,2.0076,38.1968,-123.7883,3.3367
1.2982,37.3,7.1412,1.3753,630.0,2.4157,34.1013,-124.1788,0.9735
4.5589,30.6,3.5517,0.7885,384.0,1.9802,32.7863,-124.4788,2.5489
1.2883,5.5,9.4667,2.3236,264.0,1.7119,35.2691,-117.3207,1.4385
3.6981,36.4,5.9631,1.6155,609.0,5.5663,41.3149,-119.7128,0.9805
12.0135,9.5,6.8078,1.9316,358.0,2.2904,41.3682,-123.4204,5.3725
5.5644,41.1,2.4458,0.638,2454.0,1.2308,35.4545,-115.5098,2.5986
2.6695,13.8,9.7355,2.1444,725.0,2.6003,40.4413,-122.3714,1.2671
4.3986,22.3,3.0509,1.0013,160.0,1.9157,36.6975,-121.0736,2.0733
4.5304,18.9,7.5498,1.2554,250.0,2.1086,38.7163,-122.6339,2.0091
5.9511,44.8,3.5105,0.8539,423.0,3.9914,35.6772,-114.7691,1.856
1.9737,7.5,4.262,1.3004,1479.0,2.5111,37.4017,-116.5403,0.4119
6.3952,29.8,7.0775,1.1478,1654.0,1.8945,35.2909,-116.8985,3.3435
0.8846,8.2,7.5551,2.199,271.0,3.5913,33.0806,-124.038,0.6105
3.0712,36.9,2.9574,0.9285,159.0,4.7587,33.8241,-119.0116,1.5291
3.3436,47.2,7.6809,2.1673,140.0,3.7238,35.2614,-118.4577,1.679
6.5535,23.2,7.59,1.1581,519.0,1.1259,41.7744,-120.4835,3.3812
4.543,25.9,3.6241,0.6742,4039.0,1.9232,41.6739,-121.1216,1.7734
1.9283,48.3,8.6973,1.8997,692.0,3.0617,40.3628,-115.5546,0.6891
2.4818,27.6,2.5863,0.5088,82.0,2.7245,34.7088,-124.2583,1.1369
5.0491,25.9,4.2505,1.4559,195.0,2.6355,36.6952,-117.9338,1.4866
4.274,30.5,6.458,1.8103,216.0,2.0277,36.6779,-120.3604,1.9213
3.1662,36.2,3.7929,0.7942,177.0,1.7122,36.1762,-117.5075,1.3369
3.3585,6.5,6.0276,2.0249,274.0,6.7067,32.9264,-122.4219,1.3597
6.8053,42.9,5.9822,1.7834,584.0,3.0369,37.578,-121.9941,2.8746
3.2851,23.2,5.1259,1.0606,798.0,3.8839,33.1917,-118.338,1.8135
4.251,4.7,7.1648,1.6176,1202.0,3.0117,40.1182,-114.2106,1.5679
15.0,41.1,5.0433,0.9576,681.0,3.0604,39.0674,-114.2658,5.5
1.9075,20.2,5.9631,2.0526,57.0,2.9305,35.851,-121.8857,0.5997
1.4753,6.1,7.7929,1.9752,140.0,1.919,38.6478,-123.4253,0.5666
7.1718,33.3,7.0814,2.3313,344.0,1.6392,34.7139,-118.3014,3.4921
2.9827,45.9,7.072,1.5509,467.0,3.5061,35.0199,-120.0902,1.2439
3.7027,46.3,3.2016,1.0315,955.0,3.2386,35.4843,-116.5023,1.8877
2.8047,49.8,6.5496,1.053,421.0,4.3724,40.0716,-118.9562,0.857
3.8348,45.3,3.743,1.2966,424.0,4.0315,34.5016,-119.1388,1.551
11.6945,1.1,2.9372,0.9763,512.0,2.1741,37.8464,-117.7122,5.4194
7.252,20.4,5.3566,1.1926,313.0,4.7258,34.4044,-123.1726,3.3533
7.5183,42.7,3.6914,1.1257,440.0,4.0796,35.2079,-117.3898,3.5158
1.916,19.7,7.0812,2.1276,1244.0,3.9604,34.7371,-119.3705,0.7158
2.2464,31.7,7.1291,2.3544,371.0,7.3871,38.6275,-115.8885,0.4198
0.8159,31.9,1.6947,0.5,391.0,6.8045,37.5039,-123.0436,0.2
2.7576,19.6,3.8434,0.9343,390.0,3.9589,39.3523,-121.3422,1.024
7.9568,47.1,2.5804,0.8335,1477.0,3.7662,34.5895,-114.5224,3.2307
6.1115,26.7,4.5747,1.3986,133.0,4.6305,32.5869,-118.6927,2.8939
3.9239,24.7,6.4104,1.466,2382.0,2.3784,38.9648,-114.7423,1.4386
4.4221,51.9,5.0154,1.6006,124.0,2.3919,33.5911,-117.2651,2.3692
2.9644,26.2,4.3205,0.6886,210.0,3.9329,34.8399,-114.7725,1.343
5.0675,10.1,8.1004,2.482,850.0,2.1327,35.404,-121.1628,2.94
7.096,27.2,1.0,0.5,1130.0,3.808,39.5946,-123.5494,2.6781
1.6997,42.5,7.9737,1.6524,99.0,3.1987,38.446,-116.0765,0.6376
5.3644,40.6,4.4114,1.0969,135.0,2.133,34.2505,-116.0531,2.3691
7.8417,41.2,5.3438,1.2822,533.0,3.0354,38.1799,-118.0023,3.626
3.4936,37.1,4.4453,1.1296,4207.0,5.0634,39.2274,-118.4145,0.3503
6.8238,14.0,8.5858,2.2233,1403.0,3.1048,36.1945,-114.8935,3.4103
15.0,45.0,3.038,0.6571,315.0,3.11,34.8366,-122.6468,5.5
4.2097,46.6,5.5235,1.0221,36.0,3.4267,38.9503,-118.0264,1.8498
5.6745,10.9,6.5549,1.9907,438.0,3.6099,38.3035,-123.9774,2.8301
2.8782,7.7,2.278,0.5239,580.0,2.6318,33.2402,-123.0209,1.451
4.9966,50.8,3.6602,0.9193,275.0,3.456,38.8335,-119.9086,1.6952
5.9071,45.3,5.2036,1.4515,172.0,1.9746,37.1409,-115.8773,2.6766
5.0375,46.6,3.7267,1.237,473.0,2.1823,39.657,-116.8021,2.14
2.4307,46.2,3.8688,1.1278,157.0,2.2969,34.3118,-114.2723,1.0618
5.0724,28.6,4.8003,0.7637,2624.0,3.6252,34.9531,-124.0291,2.1041
10.776,34.0,6.7992,2.1602,1839.0,3.203,37.6615,-120.4958,5.5
5.866,28.8,4.8146,1.6748,779.0,2.847,37.0765,-122.8327,2.7128
7.982,3.6,7.6569,1.8721,441.0,3.9603,36.1705,-124.1119,4.0077
3.8876,39.0,3.5045,1.2053,208.0,3.4957,39.5873,-121.7238,0.8903
7.0283,26.8,2.9962,0.7774,395.0,2.6752,37.8651,-121.933,3.4528
5.2992,34.0,9.3527,2.2626,2078.0,1.9856,39.2476,-120.0897,3.2955
2.5331,26.6,4.1841,0.9049,962.0,2.1643,33.9559,-123.0291,1.6296
5.4255,26.1,2.8782,0.8102,495.0,1.6708,39.4254,-119.37,2.3022
2.4719,9.8,2.0159,0.5,1016.0,3.1779,36.8845,-114.839,1.5679
3.0657,15.2,7.6502,1.3081,696.0,2.1279,32.8208,-116.644,1.7674
5.0208,9.1,4.8174,0.7489,600.0,2.4642,34.7277,-115.6571,2.6023
5.3567,11.0,4.9926,1.0408,1076.0,2.8547,32.7447,-116.0503,2.6039
2.1956,50.6,5.1816,1.1874,677.0,4.5613,36.8403,-120.4089,0.6044
8.435,8.8,7.5259,1.9599,952.0,4.3558,35.5959,-117.0559,3.3628
6.3167,14.7,5.1409,1.0721,474.0,2.9391,41.8808,-116.5803,2.994
2.9363,31.1,10.1881,3.5334,313.0,4.9838,40.7508,-122.3407,0.9677
1.7815,32.1,5.7675,1.2017,233.0,1.3432,40.3439,-115.4672,0.6856
4.1085,8.9,7.6236,1.8159,207.0,6.3655,37.2606,-119.6937,1.7568
3.4296,41.5,7.1105,1.2134,81.0,3.963,40.1673,-124.3282,1.2517
4.7965,41.0,5.4271,1.097,162.0,3.1303,35.0353,-117.7445,2.3918
3.6043,13.1,4.3261,0.6907,157.0,2.1032,37.8262,-117.394,2.0582
1.3438,15.7,6.1639,1.6143,243.0,2.5213,36.2327,-118.7065,0.7675
3.5502,48.8,6.5202,1.9574,1924.0,3.8334,34.1277,-122.2696,1.4469
3.7308,43.1,4.3548,0.8237,345.0,3.8684,33.1898,-119.4361,1.6961
6.5548,36.6,5.8327,1.3041,514.0,3.925,37.8031,-120.2987,3.0198
2.9479,5.2,7.9724,1.2224,530.0,2.2448,33.4276,-114.2658,1.4647
12.2706,22.3,9.6399,3.0646,1974.0,2.0711,39.321,-115.8409,5.5
1.4234,29.5,7.2087,2.2058,227.0,3.2481,41.254,-116.5001,0.57
9.8424,10.6,9.2255,1.5005,323.0,4.0875,34.04,-122.5987,5.0345
3.9173,23.9,4.2413,0.9457,363.0,3.008,36.9739,-121.0241,1.6222
7.5064,31.7,6.9038,2.3546,1257.0,5.4336,39.5184,-120.513,3.0598
4.7015,17.7,8.177,1.8677,1547.0,3.0443,35.225,-119.3274,2.4748
8.8794,40.8,3.7073,0.9463,648.0,3.0033,41.2473,-124.1826,3.598
3.5523,43.9,4.5288,1.0011,1384.0,3.9284,40.9404,-118.2734,0.9016
2.3183,17.5,8.9758,2.4165,482.0,4.8924,33.4857,-120.7425,0.6325
10.5097,43.8,3.5498,1.2269,339.0,1.7512,32.7603,-118.6024,5.3089
4.1867,6.3,2.8177,0.9848,1311.0,1.9209,41.7764,-124.4057,1.8788
5.1189,43.7,8.556,2.6091,657.0,2.6504,41.5865,-121.125,2.6348
9.4013,8.8,7.8935,1.8223,193.0,10.0,36.5117,-116.429,4.4745
2.4129,5.2,6.3642,1.584,1094.0,2.7058,32.9804,-119.2386,1.0647
6.4064,33.7,5.4086,1.1972,328.0,2.8613,38.3793,-116.2167,3.0454
3.1458,25.1,4.623,1.6047,290.0,3.8472,35.2874,-117.1609,1.241
4.14,47.3,6.0639,1.7679,985.0,4.4405,41.3989,-115.5233,1.9396
4.6803,19.5,8.6596,2.0765,369.0,3.2153,40.0493,-124.4218,2.5312
1.8219,15.6,5.9771,0.9111,595.0,4.7862,38.6711,-121.7561,0.5708
2.8086,26.5,9.8339,2.4988,782.0,1.8634,35.2028,-118.7376,1.3825
10.0809,24.3,3.7041,1.2845,184.0,2.2113,39.1621,-114.6193,3.7437
7.6272,18.6,5.4606,1.3903,593.0,4.7826,35.2471,-117.3622,3.1139
4.3164,36.4,4.7539,0.8865,1555.0,3.0173,32.8575,-119.7058,1.4818
5.1855,39.7,3.3297,0.5142,155.0,1.8131,37.3301,-123.1335,2.012
3.7564,44.5,5.1938,1.1475,633.0,1.77,37.1425,-119.3212,2.3192
10.1143,50.6,6.3347,2.1135,176.0,2.1719,39.7486,-119.8686,4.4274
3.9741,14.6,6.5485,2.2874,1120.0,3.0067,40.7239,-116.3263,1.2766
5.1506,37.5,9.8409,3.3368,1110.0,3.6217,35.8675,-120.1598,2.1661
8.914,21.1,6.4289,1.9022,283.0,2.6337,36.77,-121.1522,5.1595
2.8111,35.5,7.8003,2.0408,3676.0,3.5043,36.9688,-123.5579,0.9076
11.4189,25.3,5.6322,1.5102,1220.0,2.5223,35.5801,-124.0117,5.5
1.7891,51.7,8.8561,2.2831,818.0,4.9016,39.5622,-119.8891,0.4952
11.9148,38.2,10.2969,3.0006,773.0,8.3373,37.46,-120.8579,4.7465
3.5837,49.6,6.5622,1.5341,1079.0,2.5676,41.1826,-118.6691,1.8454
3.8744,43.6,3.5147,0.9976,149.0,3.64,38.678,-117.0248,1.6434
1.4419,47.0,4.4024,0.7674,490.0,3.5232,34.513,-124.0799,0.5028
3.4114,42.5,6.0639,1.2318,592.0,3.1755,34.0657,-119.2897,2.1726
2.4016,24.4,6.413,2.0342,270.0,3.9013,36.0377,-115.4493,0.9182
3.1125,13.8,6.8969,2.2811,642.0,3.6383,35.7958,-119.7208,1.371
4.1273,19.9,6.4204,1.6552,1383.0,2.4882,36.3678,-119.027,1.8197
7.962,2.0,5.514,0.862,265.0,5.0866,34.2441,-119.3887,4.1437
5.0762,27.7,4.2276,1.4179,382.0,3.2565,41.7931,-120.4072,2.2779
5.3903,26.8,6.3023,1.8303,178.0,2.5756,33.8842,-123.3437,2.8476
2.3226,27.8,9.21,2.1441,68.0,7.9827,38.7002,-123.1733,0.2749
2.642,50.7,7.5399,2.0333,879.0,2.8677,32.6242,-122.6196,1.2484
13.187,47.5,6.5694,1.5501,393.0,3.3267,36.3661,-116.1781,5.5
2.8831,9.2,7.5591,1.8374,423.0,3.2226,35.4372,-121.609,1.7892
12.1063,19.8,4.7579,1.5575,150.0,2.8521,36.1292,-114.5447,5.46
3.8735,22.6,4.4835,0.817,335.0,3.5947,37.2317,-115.9932,2.1568
4.4878,19.4,4.0044,0.6837,1208.0,2.1426,38.2036,-117.3123,2.3691
8.5183,41.7,5.2494,0.7903,404.0,3.8138,38.0434,-116.9359,3.6571
9.6132,27.7,4.656,0.9908,415.0,1.4868,38.4918,-123.9999,4.5546
4.1934,30.2,7.9165,1.4209,496.0,1.7874,40.5232,-118.5319,1.7571
3.5504,44.5,4.5494,0.8826,117.0,6.2357,40.9238,-114.6189,1.1759
4.3338,42.1,3.8946,0.5929,754.0,1.8176,39.5039,-124.0893,2.2951
5.4892,7.7,9.3852,1.8342,115.0,1.3717,33.25,-121.4443,3.5195
7.6506,37.4,4.5972,0.9955,158.0,1.8357,41.6323,-123.9591,3.3797
4.4931,23.2,5.8071,0.9077,141.0,6.0256,41.5003,-118.5177,1.9889
6.4969,16.0,6.4026,1.7388,339.0,1.4671,39.2612,-123.2799,3.5249
11.9773,3.6,3.2266,0.8511,284.0,2.0497,37.4157,-119.4679,5.5
5.6338,25.8,7.971,1.3503,403.0,1.6765,34.8809,-116.9405,3.0049
5.4032,19.1,6.7742,1.8223,163.0,2.6922,39.6853,-122.7734,2.9719
1.8016,13.8,8.6168,3.0135,1103.0,2.5234,40.8397,-116.5687,0.9463
0.9246,36.4,4.1416,1.4035,929.0,2.4786,38.8193,-123.8679,0.4761
5.6577,40.2,5.6983,0.8578,339.0,6.312,38.4762,-122.9289,3.0357
4.2338,13.5,5.5787,1.7242,250.0,1.8596,34.3335,-121.5588,2.3864
3.2908,3.5,6.0278,1.3305,226.0,2.8838,35.8991,-116.141,1.7283
5.1868,44.3,2.5908,0.5,296.0,3.4399,39.3698,-115.5736,2.5297
4.3222,1.5,5.7217,1.197,99.0,2.0298,32.6605,-122.186,2.9967
8.8169,48.8,2.6471,0.5674,155.0,3.6497,38.592,-123.4943,3.7771
4.7193,33.0,6.2167,1.5831,953.0,2.5602,39.7834,-115.5965,1.9901
2.8629,17.4,1.2427,0.5,546.0,3.4894,35.6797,-117.6816,0.7957
8.1181,13.6,1.7968,0.5387,2068.0,2.8772,33.2236,-122.8425,3.8974
3.9343,1.5,7.1371,1.4216,299.0,1.3228,40.2816,-118.644,2.2047
6.1467,13.0,4.4063,0.9445,281.0,5.0654,33.8474,-115.3401,2.5682
3.3654,8.0,3.5243,0.746,268.0,6.877,36.0226,-123.7701,1.4875
3.0347,32.2,8.0417,1.7897,293.0,2.7991,39.2189,-123.6209,1.2272
4.7138,9.5,6.1553,2.1539,209.0,2.0977,40.2614,-121.6271,2.0054
4.5163,28.0,7.2442,2.2137,529.0,5.4871,40.6926,-117.6512,2.0286
5.9769,31.1,5.1675,1.7828,415.0,6.3991,37.539,-122.6309,2.2174
3.8145,16.2,10.8593,3.1342,242.0,2.808,37.0208,-115.9281,1.5653
1.4891,2.8,4.291,0.9923,1410.0,2.7525,40.559,-116.6205,0.5428
3.4568,2.9,8.989,2.049,2688.0,2.9097,37.8492,-118.6094,1.4483
7.2159,2.3,5.3773,1.332,1295.0,1.5375,37.9972,-123.2813,3.8451
3.7493,38.7,2.191,0.5113,705.0,2.6739,36.6227,-114.1237,1.8172
3.8658,17.2,6.4657,2.041,864.0,5.9654,36.0417,-119.3546,0.9806
8.0997,41.6,6.1295,1.4895,2582.0,2.8081,37.0651,-119.7532,4.0659
2.9236,23.0,3.3974,0.7105,863.0,1.9818,35.9661,-114.0465,1.8944
1.7759,24.1,3.6556,1.1148,225.0,3.6644,35.7637,-115.4294,0.9609
4.0699,27.2,5.4506,1.749,597.0,2.3005,41.9398,-119.7081,1.9686
3.3518,37.4,6.1995,1.4512,755.0,2.9254,35.694,-120.1026,1.4761
2.5099,14.9,1.0,0.5,149.0,1.8084,34.9356,-123.493,1.0195
4.0341,7.2,7.6062,1.2304,303.0,1.9845,35.8623,-114.7716,2.2256
6.0189,29.4,4.511,1.1543,1212.0,4.0352,38.1124,-115.6404,2.8257
4.4568,17.7,2.8365,0.5,65.0,3.1467,41.1544,-121.245,2.0544
5.3881,23.6,7.3821,1.1504,116.0,2.2025,39.9847,-116.5901,2.4576
13.3037,34.0,5.4528,1.4863,338.0,3.1513,40.5013,-116.4913,5.5
3.6483,26.2,7.9323,1.6711,575.0,2.3564,40.6606,-122.1069,1.1784
5.2963,32.6,6.3759,1.9033,104.0,2.1957,41.245,-118.0566,2.5774
3.3018,28.8,5.497,1.8097,355.0,4.7856,34.7332,-121.8222,1.2782
2.6971,38.7,5.1945,0.924,1279.0,4.1089,36.8545,-116.2062,0.8721
3.1552,37.0,6.4654,1.9067,432.0,2.9787,36.1594,-122.885,1.9699
3.3627,28.2,4.6729,1.1818,1032.0,3.1827,36.1278,-117.4765,1.6129
5.5605,35.6,3.7949,0.6543,223.0,2.9941,38.6967,-121.0769,2.5629
15.0,45.6,6.7198,1.8837,179.0,3.6503,36.3171,-124.1201,5.5
2.9165,23.0,5.211,1.4168,943.0,2.1819,38.3551,-123.2011,1.662
3.4904,22.1,5.5671,1.4092,584.0,4.2419,36.1317,-117.6236,0.9987
4.3151,40.0,7.6788,2.5746,123.0,3.4605,35.4557,-121.9809,1.9077
5.683,30.7,5.2722,1.3403,181.0,2.7041,35.8542,-117.8741,2.6892
5.2495,4.6,5.5301,1.925,1929.0,2.4717,40.1357,-120.1444,1.9247
9.6838,46.5,4.3007,1.0831,160.0,4.2057,38.21,-117.2265,4.344
1.0452,2.6,6.3615,1.1016,1027.0,2.8287,41.753,-119.324,0.2
1.0702,39.2,6.1997,1.5133,250.0,2.2715,40.4102,-121.2603,0.5602
3.3283,39.7,7.3016,1.3615,402.0,2.5758,37.1149,-122.9689,1.4366
8.6571,49.6,4.3417,1.1698,542.0,4.0865,34.8026,-120.9185,4.107
1.7517,3.8,4.5844,1.3232,49.0,1.5774,38.9021,-117.8336,0.8023
0.7374,31.4,7.0843,1.7263,93.0,2.6061,39.4031,-116.725,0.3681
6.3136,22.8,6.0044,1.018,440.0,4.61,36.9097,-122.8164,2.1319
5.1872,17.9,3.6876,0.8988,196.0,2.8087,34.6843,-117.5251,2.6567
2.33,5.6,8.1131,1.3491,1093.0,3.3506,37.7938,-122.6176,0.9389
2.481,29.7,2.1031,0.6024,81.0,4.64,34.9114,-122.1709,1.0166
2.5047,25.4,7.0686,2.1776,710.0,4.2928,41.43,-118.9212,0.3922
4.789,6.3,2.9696,1.017,102.0,2.5193,38.4744,-121.4634,2.2779
3.0778,32.2,9.2716,1.6667,284.0,2.8515,35.2733,-117.5532,2.0337
6.0281,38.6,2.4108,0.6183,139.0,4.3142,34.5494,-114.4643,2.7667
0.8083,40.1,7.8045,2.0565,2704.0,4.3745,39.3089,-122.9366,0.2
2.6802,47.2,5.3367,1.7851,106.0,2.9002,39.224,-118.5096,0.8273
2.2804,21.9,4.7668,1.313,357.0,2.9405,38.1728,-114.8054,1.0667
3.8428,49.6,5.8708,1.0515,72.0,3.3437,38.3359,-122.6464,1.8362
3.2452,45.1,6.7638,1.6048,1997.0,5.1901,38.2368,-120.6481,1.1327
7.2334,16.1,3.6912,1.0371,603.0,4.6045,35.921,-123.202,3.2495
1.4687,9.1,3.8684,1.1221,463.0,3.9644,41.4054,-117.7586,0.2626
4.6057,23.2,6.7992,2.1935,1762.0,1.9514,37.0531,-117.474,2.1152
6.2651,21.5,2.0853,0.5,468.0,2.6914,32.6931,-117.5261,2.959
13.6534,30.4,4.3315,1.4741,502.0,2.7486,35.8094,-118.8077,5.5
3.3566,30.8,11.5814,1.8742,460.0,5.2983,33.7377,-116.6643,1.8012
5.4449,39.2,3.564,1.2358,709.0,2.7304,35.9521,-124.1233,2.8683
1.5184,27.0,7.7956,2.5067,247.0,4.9599,38.2785,-114.4461,0.7452
1.067,6.3,4.3281,1.2208,326.0,2.391,32.7153,-122.168,0.7142
7.44,44.8,6.5181,1.9359,907.0,2.4686,40.7669,-123.2236,3.5316
4.4668,16.8,6.8087,1.1203,532.0,3.6422,38.2979,-114.6181,1.7259
9.0894,50.5,7.7579,1.228,360.0,5.6252,35.306,-115.7804,4.2453
1.9659,7.0,5.0995,0.8687,99.0,2.7602,35.4564,-116.4689,1.0832
6.1223,49.9,9.4778,1.5873,1805.0,1.0778,36.9238,-123.4002,2.6126
13.7535,5.6,4.3213,1.1213,208.0,1.6069,34.8569,-116.0209,5.5
5.7651,12.8,5.9684,1.1524,1083.0,3.3844,32.5412,-118.1053,2.5978
5.2907,3.4,5.9906,1.9292,481.0,1.6654,32.7523,-116.815,2.6038
4.5048,37.0,3.2561,0.7787,111.0,2.125,35.8985,-114.2303,1.9828
1.7463,44.4,4.9283,1.4248,1411.0,3.019,33.6801,-122.4584,0.6876
10.1082,23.1,5.823,1.6338,520.0,1.1278,32.7125,-119.204,4.8848
3.1065,48.4,4.6358,0.9919,1534.0,2.5808,40.6631,-116.5898,1.311
6.0659,31.1,10.3818,2.0622,336.0,1.8853,35.1043,-119.9466,3.3332
1.7545,33.1,3.8228,0.8352,816.0,1.6493,37.2797,-123.9261,1.2857
2.2085,44.1,7.8588,2.431,69.0,2.1796,34.2044,-123.3299,1.3167
10.6021,16.1,7.2129,1.9277,245.0,1.9588,32.9439,-118.178,5.5
3.6387,19.1,5.4723,1.0983,113.0,3.6248,39.5762,-121.5075,1.2521
10.7184,47.2,3.7696,1.182,277.0,4.8482,33.6871,-123.0527,4.7046
4.2762,46.9,3.9635,0.6379,647.0,2.5967,32.7443,-120.9311,2.2911
1.4842,50.8,4.4641,1.2938,220.0,2.3668,38.0787,-122.3897,0.2
7.6541,47.0,1.9285,0.5,957.0,2.5455,32.6279,-124.2486,3.8704
3.1458,7.5,3.4931,1.0348,171.0,1.9285,36.6447,-122.906,2.0109
6.8156,43.0,2.535,0.8505,978.0,1.7941,35.2439,-115.2277,3.5089
4.55,21.9,8.1918,2.4576,1495.0,1.5555,35.5345,-124.3736,2.4819
1.7756,51.5,6.7369,1.606,1112.0,1.7651,32.537,-116.3746,1.0737
4.946,25.1,7.0719,1.2743,286.0,5.7707,41.6613,-116.5887,1.7715
15.0,29.2,6.6777,2.0786,48.0,2.2792,37.4111,-118.5755,5.5
6.0242,28.0,5.8339,1.4126,722.0,1.0,37.9389,-122.3113,2.8025
4.3297,17.4,8.4214,1.3901,356.0,2.3754,38.8282,-115.2804,1.7363
8.5438,4.8,4.2785,1.2571,152.0,1.5902,40.0765,-119.5117,4.1085
5.0855,46.7,5.7133,1.1905,231.0,3.0765,38.2751,-122.6813,2.6253
5.0821,41.9,6.9941,1.1175,1693.0,2.9466,39.7409,-119.9953,1.7745
2.328,8.1,2.8576,0.9446,129.0,3.0721,36.763,-122.4534,1.3641
5.1568,40.6,11.6932,2.8838,644.0,2.9556,36.0271,-120.5519,3.0203
8.3417,32.9,5.5571,1.1458,502.0,2.5881,40.3198,-119.2848,3.9812
2.7138,21.9,5.784,1.6963,282.0,1.6781,40.7204,-120.721,1.274
10.5349,14.0,8.0138,2.6219,769.0,2.9158,33.8092,-117.601,5.2706
4.2418,44.8,7.3299,1.0999,2064.0,4.5157,37.6553,-114.6729,1.6756
2.6309,36.7,5.5762,1.6035,300.0,6.2057,38.9946,-120.8444,0.5673
8.1546,28.9,5.7603,1.7477,316.0,2.7314,33.2942,-120.7647,4.1275
3.7732,32.1,2.4917,0.5,751.0,2.8524,41.3312,-116.7478,1.392
7.0689,5.6,4.3871,1.0877,1011.0,3.6699,37.441,-118.9288,3.7733
3.762,25.2,6.5344,1.0968,355.0,5.4592,38.6318,-119.9972,1.6202
4.3237,10.9,6.3878,1.9122,297.0,2.4731,34.1933,-115.955,2.1835
6.0263,11.6,7.9423,2.5375,44.0,3.9632,35.0121,-115.1441,2.9545
5.3363,34.7,5.259,0.9026,185.0,2.1617,33.6495,-118.2988,2.5444
1.3535,47.5,2.7254,0.8539,129.0,3.4279,35.008,-122.5564,0.2633
2.287,21.6,7.6135,2.3169,800.0,4.4293,37.1778,-119.604,1.1297
7.8275,11.6,8.3722,1.8367,316.0,1.7926,40.4195,-119.2041,3.7057
4.1401,34.1,7.2965,2.1018,304.0,2.435,37.5704,-119.9618,1.7949
3.2732,45.4,5.1727,0.776,400.0,4.4014,34.8224,-121.7445,1.2243
1.9835,39.2,7.5888,2.5526,169.0,3.8438,32.9239,-119.5406,0.7745
2.3447,45.3,12.3578,3.214,1907.0,4.5466,38.4087,-119.8113,1.1934
1.3323,28.4,5.7303,1.5705,1478.0,4.2181,36.4915,-122.3003,0.3318
4.2175,39.3,2.8765,0.8139,2035.0,2.621,41.8514,-115.014,1.3485
3.1297,8.1,4.3274,1.135,799.0,7.2404,39.9077,-115.2039,0.779
2.5094,18.8,6.751,2.1694,392.0,3.1733,40.1794,-116.524,1.0177
4.3022,20.9,2.2904,0.6228,2028.0,1.0,32.6162,-120.2901,1.8912
5.5755,27.1,5.8388,1.9359,204.0,2.6833,39.8891,-120.6114,2.098
15.0,48.4,6.2607,1.6683,169.0,2.4901,34.3488,-116.9771,5.5
1.8092,45.6,8.5702,1.5788,221.0,4.1293,38.0651,-118.1147,0.9869
8.9856,7.9,8.1204,2.7018,681.0,2.5081,36.7505,-118.1937,4.582
8.0354,9.8,7.2292,2.0699,188.0,4.6627,37.9302,-123.1968,4.0209
2.8082,19.2,1.1746,0.5,345.0,3.7556,33.7677,-118.008,1.7302
5.0629,15.8,7.3421,2.5484,81.0,2.0137,36.8405,-115.0304,2.4028
3.4056,32.4,6.911,1.1406,653.0,2.8401,32.851,-123.5989,1.4602
5.0099,47.0,6.0119,1.4171,88.0,2.2029,32.8895,-120.9387,2.8296
11.0837,50.1,2.0396,0.5,159.0,3.2346,38.7485,-119.1553,4.6569
6.4454,34.3,3.9465,1.0896,1363.0,2.1977,41.5411,-117.2969,2.7361
6.081,43.7,3.1664,0.9859,1313.0,3.095,39.8852,-123.5588,2.3973
3.4619,27.8,1.47,0.5046,587.0,2.6941,36.957,-115.3355,1.6049
1.8396,11.6,5.4942,1.3237,531.0,2.8267,33.0308,-124.0743,0.8363
3.9548,27.8,3.9044,1.1996,237.0,6.8235,32.9277,-115.4943,1.9266
9.2439,29.3,10.7506,3.5844,186.0,2.6008,34.0,-124.2097,4.6047
1.7927,38.9,5.1625,1.4799,281.0,1.3857,41.7702,-122.888,0.8241
2.3796,12.2,8.0875,1.6057,89.0,4.5102,36.2873,-116.0966,0.8814
4.8344,19.8,2.3618,0.6414,519.0,4.496,40.5124,-115.4683,1.9575
2.4824,19.6,4.4398,1.5273,424.0,1.3613,39.1989,-114.1862,0.7701
2.7857,49.9,5.6938,1.9787,159.0,2.2697,38.2516,-123.285,1.1859
3.4759,23.6,3.6837,1.0258,1937.0,3.5763,41.5043,-118.9723,1.4539
1.9751,39.5,4.6556,1.5242,740.0,3.705,34.6889,-123.6899,0.7859
2.4981,39.3,5.0641,0.9625,806.0,2.9985,36.8215,-122.8577,1.3686
6.835,14.5,5.0322,1.0025,248.0,3.0257,40.7149,-122.6678,3.079
2.0454,30.2,9.2102,3.1368,403.0,2.0638,37.7417,-123.8344,0.8621
1.7182,46.6,6.2565,1.1077,755.0,1.1503,34.8412,-115.1237,1.0033
3.0709,25.2,6.459,1.2157,470.0,6.8196,34.4847,-123.1733,1.3416
6.953,49.2,6.5793,1.5403,2002.0,2.0392,39.6524,-117.8919,2.5371
3.9822,11.9,6.7253,1.8018,329.0,3.2239,32.6215,-117.9297,2.2518
3.3914,4.8,5.3342,1.4443,244.0,2.8192,41.1848,-122.4142,1.0976
4.6026,46.5,4.8585,1.0125,761.0,4.3011,32.675,-114.0167,1.7643
1.5724,44.2,5.8336,1.9491,114.0,3.1455,38.4944,-120.8526,0.6723
6.0305,51.6,7.8136,2.6021,1017.0,3.1943,38.2451,-114.9965,3.1168
5.641,35.6,7.7525,1.7708,110.0,1.0474,37.9949,-114.543,2.9654
3.5058,48.8,5.0192,1.1888,764.0,2.1526,37.0063,-114.5356,1.1602
8.1952,43.2,7.0357,2.0439,211.0,4.0465,40.5981,-116.5952,3.4745
2.2785,44.1,5.1108,1.4443,650.0,3.9035,38.7637,-121.835,0.5799
8.8176,30.0,5.5677,1.2609,1000.0,2.0531,39.9277,-123.2331,4.1839
4.917,20.5,4.553,1.0601,470.0,1.5981,33.5975,-118.5162,2.5445
3.6622,48.7,5.1367,1.1281,122.0,3.1602,32.974,-120.7196,1.9672
4.4286,23.0,8.1827,1.6126,165.0,1.0,32.771,-115.7741,2.9078
4.2023,28.5,5.6848,1.3736,195.0,1.8975,33.8985,-116.6776,2.3228
9.3201,23.8,5.7706,1.6578,61.0,6.0743,38.8366,-121.5971,4.3988
2.349,29.8,2.6056,0.7775,1246.0,5.355,37.1932,-124.3213,0.4634
2.8363,25.0,4.8815,1.4926,450.0,3.6506,39.6464,-122.0082,1.9989
8.346,3.4,5.0174,1.1286,130.0,3.3971,34.3214,-118.5453,4.319
3.1352,46.0,3.8417,1.1638,1730.0,1.377,35.9861,-123.6705,1.5664
7.6931,23.7,5.5433,0.8387,200.0,2.2339,40.9407,-117.5881,4.1297
12.4244,31.0,4.6416,1.1391,518.0,2.6696,41.3893,-117.4472,5.5
3.5216,8.1,5.66,1.7477,177.0,2.2529,41.2564,-122.7214,1.3083
6.7451,1.2,5.743,1.5851,54.0,2.6114,40.2739,-118.2387,3.5557
2.2429,13.5,3.5885,0.8785,103.0,5.0515,39.0382,-118.1268,1.0309
7.0487,36.9,4.7026,1.3117,258.0,2.4188,41.1799,-119.4812,3.2025
5.0513,6.1,5.6547,1.8739,991.0,2.6212,39.2847,-114.4909,2.7738
5.9526,47.4,7.8686,2.0716,571.0,4.0383,41.5624,-123.3643,2.4782
3.0424,12.0,6.0134,1.8639,464.0,1.7027,32.7355,-120.2304,1.9996
1.6543,11.4,4.1761,1.4456,54.0,2.1467,41.2556,-115.2293,0.977
6.0615,10.3,6.298,1.8334,1437.0,2.2365,37.7795,-120.4437,2.875
1.2995,1.7,8.9151,2.3595,505.0,3.0717,33.5621,-120.0413,0.949
3.7047,40.4,7.3334,1.155,358.0,2.617,34.5417,-117.4831,2.2253
7.883,45.6,6.5951,1.4832,1252.0,2.6503,40.5955,-117.5116,3.4408
5.0286,32.3,6.9512,1.8288,1405.0,2.3026,37.3081,-124.2595,2.0937
14.4256,10.6,8.3799,2.5931,1280.0,1.9575,41.8368,-119.7152,5.5
8.2901,15.5,7.6513,1.8181,315.0,3.833,33.6165,-120.9981,4.2702
3.0273,25.3,6.6335,2.2687,148.0,2.6245,36.4188,-117.9092,1.3042
4.5557,49.7,7.6373,1.5607,1085.0,3.8482,35.6528,-118.6651,2.1003
4.3561,13.6,3.3367,0.9974,103.0,1.9258,37.4033,-117.666,2.2073
1.7345,38.3,2.4955,0.5835,2828.0,2.3023,38.5177,-117.6354,0.2
2.5492,23.4,5.8142,1.4373,415.0,2.7498,38.7855,-121.8238,1.27
3.2013,16.2,5.6374,1.7504,140.0,2.8544,32.5123,-121.9121,1.8276
1.3208,24.3,4.4122,0.9232,118.0,4.0623,33.3451,-120.612,1.0569
4.6112,4.6,7.1517,1.2112,112.0,2.5289,32.8331,-121.9594,2.484
3.8596,41.7,1.7743,0.5,464.0,4.0499,40.7137,-117.3305,1.6911
1.6426,13.4,4.4305,1.1331,401.0,3.4903,35.4763,-118.1699,0.6443
5.7118,38.0,4.5301,1.4018,117.0,2.8785,35.9871,-122.2279,2.7432
6.8862,4.5,2.2274,0.7655,282.0,2.0534,36.7785,-115.2169,3.3767
5.1357,49.7,8.4895,1.3673,103.0,4.0664,40.5684,-119.663,2.8709
3.6898,10.8,2.7816,0.7464,727.0,2.074,32.6346,-123.1659,1.4987
6.3908,46.0,4.3233,1.2376,382.0,2.9787,33.6269,-122.2639,3.2512
6.7405,42.3,7.316,2.5398,276.0,2.94,39.009,-118.8316,3.1405
5.3894,50.4,6.7921,2.2992,111.0,2.7653,41.657,-120.9465,2.3126
2.7325,25.4,3.2837,0.9604,299.0,2.5709,38.6065,-115.5622,1.2489
5.2908,38.1,6.865,1.7462,266.0,2.1623,34.9807,-119.3053,3.0325
9.1824,19.9,6.0796,1.1083,554.0,1.5734,37.4387,-114.8894,4.7358
3.1331,10.4,10.1661,2.306,477.0,5.2673,41.7623,-123.4308,1.5198
15.0,23.6,6.3079,1.6844,891.0,2.4678,37.5167,-117.4798,5.5
3.2694,9.5,5.2175,1.5394,248.0,2.8541,36.0483,-115.1993,1.5379
4.5697,51.1,3.787,1.0493,63.0,2.8471,36.1425,-121.4242,1.7817
2.9937,5.9,4.0115,1.1747,1087.0,4.6564,41.6868,-123.0753,1.4248
5.1241,31.0,3.8485,0.9076,158.0,6.5096,39.3297,-119.7052,1.8168
1.5756,32.9,8.2422,2.4358,133.0,3.2025,39.0281,-114.406,0.5124
3.2297,28.4,5.5359,0.9895,386.0,2.8213,34.7045,-117.8486,1.7712
2.3273,34.8,6.6305,1.2102,546.0,1.9167,37.8151,-117.7382,1.4224
4.8608,6.9,8.5285,1.557,237.0,1.6863,35.8891,-117.4492,2.4363
8.139,29.3,1.0,0.5,235.0,1.4776,34.7819,-124.0825,4.3365
6.6035,15.6,8.0577,1.3312,273.0,2.1851,41.0077,-119.8207,3.0829
1.08,48.9,5.6108,1.741,1663.0,1.3017,36.14,-123.6855,0.8287
15.0,39.9,6.3701,1.2531,402.0,4.6253,35.1865,-121.1835,5.5
5.3504,50.6,3.8432,0.9365,153.0,3.5581,41.3513,-115.8732,2.3606
2.8126,2.9,3.9898,1.3294,155.0,2.7165,34.3748,-117.6092,1.4037
4.9248,15.5,6.4777,1.7308,314.0,4.6821,39.5823,-114.0465,1.7193
4.9814,11.0,10.2692,1.9719,512.0,1.9572,38.7011,-122.6924,2.1466
3.0038,1.6,7.5066,1.5525,655.0,2.1641,41.2446,-120.3309,1.095
5.0468,13.4,8.031,2.6831,457.0,1.3861,40.4044,-115.9988,2.7342
3.1128,35.6,5.116,1.2045,174.0,4.0949,39.2003,-122.2352,0.5729
3.5162,12.8,4.2996,1.1497,264.0,2.1725,35.4884,-122.8859,1.8336
2.969,27.0,3.9384,0.953,840.0,3.0231,37.2079,-120.0101,1.2667
1.8972,46.3,4.5235,1.0209,128.0,4.4863,41.4727,-120.4709,0.2
4.8915,36.4,1.3944,0.5,253.0,5.1983,32.7204,-114.2078,1.8525
6.3673,21.1,4.0502,1.1634,733.0,2.9693,40.0462,-119.7094,2.5352
6.1039,20.0,4.3793,1.286,968.0,3.5033,34.8922,-115.4601,2.8536
7.3299,24.2,5.1493,1.0555,333.0,2.0927,34.2577,-115.1764,4.1662
5.4445,10.0,5.7635,1.774,267.0,5.8905,34.7061,-122.8423,2.7408
3.2556,33.3,6.2249,1.9976,108.0,2.811,33.0676,-116.9893,1.5891
7.4172,19.6,5.4701,1.8278,682.0,3.1022,41.9238,-121.5851,2.9964
1.9847,44.5,4.3371,0.7904,1508.0,2.553,40.7638,-123.5052,0.2
2.6106,39.6,1.5733,0.5,5246.0,4.8535,37.45,-115.3156,0.2
2.513,32.1,4.3494,1.4008,594.0,3.2538,39.2935,-121.4295,0.5846
8.568,19.6,3.5551,0.6744,383.0,4.073,37.7877,-120.8737,3.8998
7.8906,11.7,6.4321,0.9693,161.0,3.4611,40.21,-121.0981,3.6826
6.0037,40.6,7.3186,2.3724,62.0,2.7506,40.5253,-122.3969,2.5916
8.5263,25.8,7.3771,1.5882,482.0,4.357,34.7115,-119.9377,4.0111
2.6444,12.5,7.0139,1.6335,4232.0,3.4491,36.8676,-120.0029,0.613
5.5243,11.0,5.2329,1.2521,1438.0,2.0454,38.5311,-120.2081,2.3732
4.1574,9.4,4.4561,1.4244,1232.0,2.0225,41.7952,-114.8789,2.0912
7.4494,40.6,4.0058,0.8716,516.0,3.1884,38.9855,-120.9326,3.4945
4.1823,12.7,2.485,0.8162,578.0,4.3188,41.0275,-124.181,1.6258
3.5574,27.9,7.4837,2.046,36.0,5.7879,40.5381,-122.6264,1.5597
6.2,24.0,5.1506,1.3158,865.0,1.4757,38.0296,-116.9243,3.2484
7.5814,30.6,3.0073,0.6469,226.0,3.0352,40.9897,-118.296,3.7559
3.0011,45.7,3.847,0.7646,200.0,3.6541,36.0855,-114.5068,1.4077
4.3204,45.3,3.7661,1.035,292.0,3.3813,36.1032,-117.2084,1.9557
2.3749,24.0,5.586,1.3372,282.0,4.4984,39.9192,-122.4605,0.564
1.0012,1.8,7.6349,2.5356,197.0,3.9048,33.7782,-123.2332,0.281
5.0545,22.7,4.804,1.193,409.0,2.0255,35.4053,-119.032,2.7752
6.4582,31.9,1.0,0.5,231.0,2.0019,38.2814,-117.5147,2.8746
5.2448,29.4,5.1216,1.1951,446.0,3.4041,36.4906,-122.7608,2.0043
1.3913,34.2,5.1876,1.597,91.0,4.4647,41.4369,-118.1822,0.2
3.6309,8.9,5.0502,1.1866,326.0,3.1815,41.6058,-115.4172,2.0661
1.1841,34.0,4.2451,0.8654,135.0,1.5981,37.2745,-116.8605,0.2189
10.1942,10.3,5.9349,1.9134,212.0,1.9761,37.6211,-117.526,4.8409
2.3358,39.3,5.6323,1.5171,466.0,3.9614,39.384,-116.212,1.1168
9.5185,18.3,5.4503,1.4623,81.0,2.6131,36.844,-123.4071,4.3125
7.9052,37.2,6.3253,1.7215,177.0,3.1493,34.3059,-122.3598,4.0871
2.6108,3.4,4.6403,1.3632,713.0,4.6005,39.5962,-124.1,1.3615
2.2712,21.8,4.5268,0.9625,98.0,1.8573,39.509,-122.9777,1.593
5.5302,37.0,8.2602,1.2949,2387.0,2.5454,34.8273,-114.9116,2.5335
2.7004,12.6,6.6187,2.0658,1345.0,2.4372,40.4127,-122.1675,1.0209
4.7659,41.6,7.1539,1.2575,246.0,3.4631,38.3297,-117.548,2.0509
3.3545,33.2,7.9522,2.3408,184.0,4.0925,34.7449,-117.2385,1.5946
1.5393,31.0,6.5519,1.0906,494.0,1.6618,38.6944,-117.7241,1.0809
1.1755,19.0,7.3568,1.6557,95.0,2.9975,34.7193,-118.6838,0.2363
5.1346,25.6,2.3413,0.5,54.0,4.2535,35.0197,-119.3956,2.4758
3.1997,31.5,5.9083,1.5033,255.0,1.4306,40.5561,-120.0908,1.3672
3.216,25.1,5.1346,1.4409,353.0,2.9278,41.3302,-114.8726,1.6229
6.8041,36.6,8.8554,1.6319,443.0,1.8472,34.9404,-124.4001,3.9748
9.0618,23.1,7.3553,1.65,218.0,2.3242,41.3165,-123.9384,4.1942
3.8056,11.3,4.2391,1.4245,1442.0,1.1029,34.7686,-119.3286,1.859
3.6533,11.9,6.2456,1.4894,90.0,5.244,33.614,-121.0296,1.9592
6.0502,1.3,5.8354,1.8119,129.0,2.6056,33.0531,-120.2136,3.4606
1.9854,16.3,6.4087,2.1497,656.0,2.1752,34.8001,-114.0226,0.2796
5.1238,39.2,3.4623,1.194,126.0,3.4257,36.1598,-116.3611,2.5625
6.2409,41.5,6.22,2.0505,121.0,1.98,41.3117,-115.2872,3.3347
6.7405,11.3,5.0437,1.0767,456.0,1.9062,34.8005,-120.63,3.5071
1.4021,49.9,6.0649,2.0773,141.0,5.4966,35.9719,-121.9846,0.5941
2.8382,26.6,4.0512,1.2659,353.0,6.1933,39.4745,-116.4361,1.1231
2.646,47.8,4.3299,1.3745,200.0,2.3707,35.3697,-116.0205,1.2799
4.7585,37.0,7.8477,1.201,170.0,4.6041,39.0015,-118.7261,2.3162
5.9802,37.8,3.3969,1.1578,49.0,3.464,36.6047,-115.0926,2.7102
11.0014,5.3,3.5445,1.0833,464.0,1.7065,34.3662,-114.3431,5.5
3.3302,12.2,5.3968,1.6384,116.0,2.0725,39.4736,-119.5543,1.304
3.325,1.4,3.9562,0.6579,341.0,5.587,32.7569,-122.162,1.5023
8.9335,37.5,3.7299,0.733,242.0,1.6977,35.2772,-119.0703,5.0071
5.3545,18.6,5.7102,1.9555,328.0,7.4812,35.8837,-114.1099,1.8516
9.5888,41.1,2.4899,0.6228,347.0,2.3904,36.8531,-121.4243,4.7304
5.3294,18.3,3.4841,0.7998,490.0,5.6538,38.9588,-118.0152,2.1543
2.2383,42.8,9.6082,3.0553,195.0,2.6585,36.8643,-117.2132,1.5557
2.014,7.7,6.419,1.075,1398.0,4.137,38.1461,-122.2537,1.1577
1.7667,9.8,4.0069,0.9352,64.0,5.2489,38.1599,-118.3212,0.2
6.6674,18.4,6.3364,1.4266,322.0,5.2382,36.0461,-121.1977,2.8761
9.1446,21.8,6.6347,1.4594,931.0,2.378,41.3727,-115.5308,4.0966
13.5938,18.8,7.4888,1.5842,650.0,2.132,41.5806,-116.9951,5.5
7.4325,39.9,5.2457,1.0073,152.0,2.9081,38.0276,-115.8242,3.3814
9.0043,5.9,7.453,1.3757,180.0,1.7857,33.1811,-122.4033,4.9064
3.1645,18.9,1.4231,0.5,147.0,3.3059,37.1657,-124.137,0.9865
2.2393,43.7,3.3874,1.131,735.0,2.1634,34.252,-115.5695,0.7907
7.4637,4.4,5.8277,1.4673,192.0,4.6324,37.0905,-120.4391,3.2315
5.7581,49.1,6.1593,1.291,521.0,2.3916,34.2906,-122.6129,3.0293
4.7801,51.3,3.6764,0.6685,525.0,1.4965,39.1866,-123.5351,2.1139
5.6543,5.5,6.0188,1.9021,4309.0,5.2612,33.2641,-119.0767,2.1984
5.4407,15.9,4.2523,1.4641,552.0,3.2328,41.5564,-122.9237,1.9839
9.6822,20.0,4.9461,1.0873,179.0,3.0394,34.3561,-118.5497,4.334
9.7473,40.6,7.5495,1.5717,94.0,4.6541,38.7762,-116.8633,5.0329
6.2123,31.4,7.3179,1.978,306.0,4.2573,41.2111,-118.8819,2.5766
7.4445,33.9,3.5059,1.0695,358.0,2.215,34.8549,-115.0112,4.4501
6.1009,39.6,3.3855,0.8162,44.0,2.5095,41.3758,-122.8665,2.8655
3.3984,7.0,4.6777,1.2911,198.0,1.9248,36.1924,-119.3135,2.2443
7.0564,43.5,5.4465,1.5975,543.0,1.6723,41.625,-122.7865,3.4949
1.9412,37.0,4.1842,1.4315,237.0,3.7865,41.728,-115.303,0.4574
8.4345,30.4,7.5813,1.3874,1063.0,3.5144,34.2868,-114.7115,3.9786
2.1887,46.4,6.1948,2.1649,85.0,4.0728,40.3953,-120.3,0.3461
5.32,36.7,6.3122,1.4419,794.0,5.016,34.3375,-121.2896,2.7326
2.6991,11.3,2.9669,0.8742,1006.0,4.0951,34.6512,-121.5672,1.1272
6.2466,22.9,7.8346,2.0721,1050.0,4.2435,33.2992,-115.4729,3.2269
4.3914,26.2,1.0,0.5,84.0,1.3084,33.9871,-117.3344,2.4291
1.7214,3.8,7.1681,2.076,553.0,2.657,38.5061,-115.2538,0.839
5.7685,49.7,7.3686,1.6885,207.0,4.4186,36.7679,-123.2661,2.4933
3.1685,7.6,4.6352,0.8122,99.0,1.8827,40.014,-119.5017,1.7233
7.6041,36.6,8.0458,1.9936,267.0,3.1164,35.654,-117.4001,3.721
4.4853,26.8,5.3738,1.367,163.0,3.698,41.7019,-115.0805,1.809
5.6817,2.3,5.6249,1.0709,1013.0,3.5864,32.9738,-120.4888,3.0312
2.523,48.2,6.1791,2.0831,674.0,3.4817,33.0979,-121.2126,1.1527
3.1468,44.4,11.8731,2.3211,127.0,3.8174,39.1631,-114.9139,0.9374
3.4035,27.7,8.1889,1.8986,196.0,3.2294,40.9316,-124.0009,1.7529
7.4934,12.7,6.9023,1.2492,276.0,1.6734,40.0573,-119.4642,4.0452
12.261,7.2,3.6744,0.9449,375.0,3.6795,37.1533,-119.6844,5.2996
2.7646,19.5,5.7872,1.2241,1104.0,3.3666,35.0616,-122.9664,0.9205
8.5515,14.0,3.8738,0.9601,805.0,1.6822,32.6278,-120.353,4.98
1.2192,26.8,7.1442,1.3926,425.0,5.2169,37.3398,-116.9127,0.3459
2.1891,50.3,5.7809,0.9293,311.0,3.7193,37.0185,-120.6479,0.843
2.5212,30.3,3.251,0.9943,68.0,1.7295,35.7703,-121.2486,1.0765
1.9907,46.4,5.6622,1.5753,1469.0,2.1665,37.9917,-116.2901,0.4004
1.733,34.2,3.8012,0.8292,258.0,2.3974,39.4237,-114.1185,0.5099
5.742,25.2,5.8024,0.9255,1910.0,2.3967,39.1584,-116.3168,2.8273
3.9415,44.6,3.7818,1.222,491.0,3.3778,35.0009,-115.6134,1.7302
5.6274,25.0,5.555,1.0219,3057.0,2.0329,38.0604,-114.6352,2.6215
6.7821,45.3,7.0009,2.3534,740.0,4.7174,33.9134,-116.0814,3.6947
5.256,15.9,5.3939,1.3254,96.0,4.5646,33.6552,-114.2063,2.3399
6.6503,7.6,4.7182,1.0289,218.0,3.8487,39.9656,-116.6535,3.0406
4.2986,44.6,5.9066,1.7622,341.0,3.0578,39.0906,-117.554,2.1418
2.1986,31.0,6.8944,2.2432,168.0,4.3709,39.7953,-117.2198,0.4188
8.4544,46.3,3.2856,0.7365,277.0,2.6902,33.9484,-115.0491,4.1786
3.1473,48.8,6.0213,1.3937,103.0,2.2484,41.1889,-117.3284,1.8384
2.5565,3.7,8.1351,1.925,406.0,4.8358,33.7646,-116.5073,1.1361
4.0279,26.5,6.6473,2.2233,512.0,3.411,40.7654,-122.2319,1.9443
2.5917,20.1,5.6155,1.6201,148.0,2.285,35.8476,-114.9172,1.2436
3.4887,32.9,6.7795,1.3527,2808.0,2.5419,33.5016,-119.8043,2.1432
5.5093,41.5,6.405,1.1977,430.0,2.2377,35.2243,-122.8088,2.2724
5.5235,15.3,7.0072,1.3739,178.0,6.7455,34.2238,-116.1022,2.4924
2.6151,29.4,1.4521,0.5,79.0,3.0091,37.1614,-120.7579,0.5408
3.3447,37.1,2.3931,0.5,428.0,3.1999,41.5226,-122.5667,0.8985
8.5386,7.9,7.5097,2.1155,311.0,4.0088,35.6148,-121.8094,3.9697
6.0366,42.5,2.4894,0.5,883.0,1.8475,38.3149,-124.133,2.6189
15.0,31.9,6.3031,1.4338,350.0,4.6582,40.9713,-123.5485,5.5
9.0982,49.4,4.7959,1.3189,122.0,2.3558,38.4857,-118.2774,4.2937
8.9047,18.3,3.5076,0.7302,2145.0,6.2464,35.9409,-115.4047,3.9139
1.9489,6.5,6.1993,1.0108,624.0,2.651,41.913,-119.7904,0.2
7.0874,26.8,5.9021,0.9819,313.0,4.5497,34.2804,-117.9264,3.2051
4.3411,5.4,9.7207,1.703,476.0,1.1066,37.4709,-115.9978,3.1583
3.2201,50.4,4.2504,1.3481,648.0,1.8775,40.0687,-120.7539,1.3605
4.957,3.0,8.3802,2.3596,97.0,2.6713,32.5062,-117.6297,2.1998
7.9021,39.4,6.2048,1.0108,472.0,1.3333,39.1694,-120.8205,3.4328
6.0527,27.8,4.178,0.9535,257.0,3.8204,35.0317,-117.7515,2.9
2.6456,19.8,7.0985,1.4603,670.0,3.4048,34.1124,-122.2151,1.3468
6.997,4.4,6.6315,1.7614,192.0,2.0212,35.1048,-114.2327,3.448
3.057,32.7,5.5717,1.4183,220.0,2.9851,41.6848,-123.7001,1.7881
5.1039,30.8,6.0326,1.4854,2128.0,4.1479,40.9734,-119.1951,2.6919
3.7359,15.3,4.306,0.9168,1381.0,1.2953,34.5307,-121.4939,1.7924
3.9302,47.4,3.8484,0.6833,15.0,1.8051,33.6118,-118.1912,2.2846
7.0975,16.5,7.0189,2.095,1283.0,2.6273,35.9594,-120.0028,3.7209
2.401,23.9,5.0521,1.6468,375.0,3.0328,38.1272,-121.28,1.259
14.3984,28.7,5.3398,1.8093,199.0,2.9346,40.7379,-121.8746,5.5
1.5028,6.1,6.0596,0.98,147.0,4.2876,41.6779,-122.5838,0.9074
3.1311,48.5,6.0306,1.797,156.0,3.636,39.636,-116.2798,1.1665
5.5964,20.1,2.6413,0.78,204.0,3.9696,38.1906,-122.1669,2.5085
6.3636,5.1,8.0725,2.74,131.0,1.723,33.8522,-116.378,3.4382
4.2195,20.8,5.7424,1.1518,104.0,3.1833,33.2033,-119.4071,2.1285
4.33,31.6,5.0947,1.5204,143.0,2.6569,38.1623,-123.7416,2.0412
5.7335,27.2,6.3617,1.0238,557.0,5.3915,37.6211,-122.7629,2.1078
3.9015,36.4,5.9731,1.6501,424.0,3.2212,40.5378,-115.1245,0.9778
10.3389,3.8,7.0341,1.5487,703.0,2.2988,35.5648,-118.1704,5.1591
7.4158,15.5,6.576,1.9977,378.0,4.2249,32.8771,-122.5645,3.4075
7.5662,42.8,6.9357,2.2379,109.0,3.7634,36.5252,-117.1105,3.7556
2.5101,5.1,8.202,1.8287,661.0,2.1627,41.7072,-115.8558,1.1942
4.2732,44.6,7.2672,1.854,148.0,2.6133,40.058,-121.0281,1.9116
3.7424,5.7,5.179,0.8985,770.0,2.6312,32.8208,-118.6558,2.3961
2.4514,43.6,3.2542,0.7595,126.0,4.9086,40.8094,-121.4188,0.5751
5.5628,19.4,8.8356,1.9629,203.0,3.2586,36.9811,-123.6594,2.3232
3.246,32.2,5.0246,0.9377,281.0,4.0177,35.9653,-120.3052,1.327
6.6409,8.8,4.5538,1.4977,792.0,2.4662,35.794,-116.61,3.5564
2.3582,4.4,2.0265,0.5,481.0,3.4347,38.1539,-119.6839,0.2371
12.5714,12.0,6.1769,1.7119,412.0,5.0599,37.5407,-120.2447,5.5
2.6174,7.5,5.7978,1.9018,2659.0,2.6002,38.738,-120.6569,1.0673
5.112,16.9,2.4698,0.8209,64.0,3.1458,37.9496,-119.6814,3.04
7.2075,27.2,6.4065,1.9774,143.0,1.7414,33.8675,-121.1586,4.1212
3.1823,31.0,4.5036,0.8342,137.0,2.2117,34.9437,-118.0721,1.6287
7.4744,41.3,10.8806,3.4109,69.0,2.628,40.4898,-123.8326,3.7743
2.1436,34.5,4.3613,0.8954,196.0,1.9653,38.801,-116.0224,0.3096
10.711,32.0,4.6296,1.5485,803.0,5.0977,36.7598,-122.6817,4.568
4.5199,22.0,3.7504,1.0944,223.0,2.1486,34.2347,-117.8488,2.4561
3.1335,25.2,8.0558,2.4735,289.0,4.1153,32.5731,-119.7762,1.6495
3.7453,22.1,4.7544,0.794,72.0,3.2373,35.4629,-116.3783,1.8669
7.2816,44.0,4.0502,1.0796,182.0,3.0415,33.021,-115.8255,3.5991
3.1561,12.7,6.9139,2.1725,254.0,5.4437,37.0817,-122.3559,1.236
2.8588,1.3,2.7393,0.8829,767.0,1.2162,40.3071,-117.3896,1.1956
3.9239,34.2,6.7502,1.0512,76.0,2.7774,35.2113,-122.506,1.6763
2.2118,11.3,9.0628,3.0617,256.0,1.95,40.5537,-123.198,0.947
13.3608,46.4,6.6332,1.0525,1196.0,1.3709,39.1934,-114.7319,5.5
3.1905,44.8,6.7758,1.8491,259.0,1.8628,33.69,-122.7739,1.5379
7.3814,4.9,7.2401,2.0901,49.0,3.025,38.6233,-122.1046,3.9295
5.0819,6.4,8.9194,1.5294,1450.0,2.2476,33.941,-123.1316,2.6419
2.4825,26.3,7.9198,1.264,841.0,4.3001,38.7205,-119.5619,1.1128
4.4657,32.1,6.3793,1.9583,962.0,2.7579,33.8558,-114.8441,2.2291
7.1736,15.0,7.3078,1.6584,71.0,2.6382,36.2289,-121.7274,3.508
4.003,37.6,3.7281,0.6391,1831.0,2.6429,37.8826,-118.8106,1.2932
9.1694,31.3,7.0526,2.1336,186.0,2.8881,32.9786,-120.1797,4.5629
8.2723,17.6,3.4889,1.1159,242.0,2.5411,33.9564,-120.9719,4.1596
7.7784,2.3,4.766,1.2748,200.0,2.1372,35.5439,-118.4924,4.0851
3.4015,39.3,1.0,0.5,1040.0,4.4623,36.892,-118.6316,1.1441
2.3446,12.0,6.3029,0.9646,337.0,2.3405,40.6556,-120.7267,1.1692
3.1014,43.6,4.2123,1.2222,653.0,2.5769,34.2791,-115.5691,0.9823
5.0417,22.4,7.7223,2.008,435.0,3.5671,35.801,-123.9417,2.7015
6.2181,30.4,6.2804,1.7595,367.0,3.4127,37.0199,-123.605,2.5744
1.2178,45.5,7.7482,2.4224,157.0,2.1014,35.3099,-114.0968,0.9621
4.4599,45.0,3.3328,0.7894,2470.0,4.0633,38.4446,-116.6493,1.7001
4.9276,19.9,7.5768,1.3252,93.0,3.725,34.9377,-116.0587,1.91
3.7942,11.7,9.7117,3.2825,609.0,3.2258,39.8373,-118.1716,1.9238
9.7256,40.5,7.0283,1.8207,588.0,2.5281,37.299,-120.0915,5.0323
5.7723,23.1,7.0807,1.9334,1280.0,2.5531,33.3199,-117.8931,3.2948
9.8366,10.8,5.8392,1.966,1617.0,2.7712,38.4565,-123.5279,4.3679
3.937,47.1,4.4507,1.4968,352.0,1.8354,37.9078,-116.5434,1.8266
7.8655,11.1,7.0224,1.8569,686.0,2.9573,35.7167,-118.8222,4.0956
11.9537,2.3,2.4878,0.5213,2356.0,4.2924,32.606,-114.4543,5.5
9.8455,2.0,4.6645,1.6299,378.0,4.2655,34.4067,-117.8065,4.8749
2.3273,32.7,1.9579,0.5603,139.0,2.5797,36.3542,-122.9072,0.8061
3.8489,34.7,4.0927,0.9482,275.0,4.5981,34.3992,-119.4857,1.9608
3.6433,16.9,6.7841,1.7772,109.0,6.4389,37.9862,-123.8929,1.6501
6.0108,17.3,6.5108,1.5181,585.0,2.6472,39.2671,-116.673,2.7527
6.7653,18.3,5.6018,1.8355,1170.0,3.9614,40.6322,-119.2308,2.6229
2.7092,35.7,5.8408,1.4398,357.0,1.2152,38.6463,-120.6186,1.0597
4.6679,4.0,1.7283,0.5439,80.0,1.8162,39.0456,-114.3302,2.5082
1.3338,48.4,4.7549,1.5122,1121.0,3.1157,38.2802,-114.6237,0.545
10.6458,12.3,4.1373,1.3027,68.0,2.0083,41.8621,-114.4953,4.9962
3.2956,52.0,4.1819,1.2313,86.0,6.7916,34.9795,-122.1798,1.0572
4.6345,9.7,6.6992,2.1503,338.0,3.8158,35.0295,-116.85,1.6994
3.7218,40.3,3.779,0.8595,519.0,4.4209,33.7002,-114.5735,1.5805
8.9139,12.4,4.2906,0.742,615.0,2.9695,37.114,-118.5059,3.8955
0.8167,5.1,1.3259,0.5,378.0,2.0112,33.4135,-122.2513,0.4325
4.4372,45.6,4.9118,1.2261,2345.0,2.4412,35.0664,-115.913,2.2976
4.206,44.8,3.3243,0.5833,431.0,3.3259,37.0855,-115.2609,1.4822
3.4138,21.6,5.6584,0.9793,1135.0,2.3276,41.5972,-117.116,1.4029
12.6257,36.8,3.5978,0.6543,886.0,3.9294,41.6562,-121.4177,5.5
2.6316,29.4,5.7091,1.7138,111.0,3.9931,39.5655,-122.4977,1.0013
7.1212,44.5,5.2106,1.5224,340.0,3.0102,36.1979,-117.9452,3.2191
5.5497,17.1,8.8441,1.6871,3372.0,1.4474,40.719,-119.4306,2.4507
9.5535,27.7,6.4944,2.0742,244.0,5.965,40.8168,-117.4778,4.4386
3.0032,25.8,1.8207,0.5,205.0,2.7592,41.1469,-123.3272,1.0961
2.887,19.0,2.9702,0.9166,478.0,8.8792,38.5802,-123.0729,0.5015
8.6507,46.5,5.6104,1.39,253.0,3.9001,34.417,-120.6897,4.5181
5.7846,9.5,3.6403,1.0787,182.0,2.7622,33.3653,-121.783,3.054
1.7736,8.6,1.0,0.5,249.0,3.5935,41.1904,-117.9969,0.2
3.2427,30.4,8.1991,1.7991,1689.0,1.3395,33.0277,-120.6408,1.9837
5.651,34.5,6.9404,2.2089,352.0,4.5288,35.311,-117.3183,2.8963
7.4087,10.9,6.542,1.0275,107.0,8.3878,37.1261,-116.4276,2.7415
2.9816,20.9,4.2854,1.4782,89.0,1.3025,32.7088,-122.5347,0.9989
0.7799,49.3,6.3554,1.7772,3666.0,2.6779,41.1157,-114.8418,0.2
6.1345,13.6,4.0913,0.9676,323.0,2.8802,35.2276,-116.2348,2.9436
2.155,35.1,5.9097,1.6288,623.0,4.2635,32.7708,-117.9188,1.2634
1.3359,38.7,3.6588,0.6386,187.0,6.9754,41.9391,-114.9562,0.2
0.8192,23.9,8.5326,2.1571,556.0,3.5014,35.4582,-121.7084,0.5401
7.3038,48.8,2.3595,0.8188,1736.0,7.0761,40.8293,-120.072,1.6991
4.8412,38.6,7.9646,1.5694,210.0,3.2161,36.808,-123.5992,2.4
3.9142,24.4,5.5778,1.6424,638.0,3.5987,38.7997,-119.7101,1.4859
10.3131,30.0,4.5211,1.0715,99.0,3.4257,34.7904,-119.1828,5.5
6.5692,36.3,5.834,1.6364,3050.0,4.8945,37.2773,-118.0313,2.0623
11.8198,31.2,6.9667,1.3305,528.0,2.5372,34.9477,-123.8276,5.5
1.9432,45.8,8.2335,2.0097,267.0,4.1675,41.5353,-124.1591,0.2
4.3897,19.2,6.1263,2.1198,300.0,1.8362,33.079,-120.0912,2.1956
1.6989,16.3,3.7186,0.703,242.0,2.681,35.1094,-122.5141,0.2665
3.9054,11.9,5.6113,1.5559,255.0,2.3287,40.9845,-116.5327,2.3799
3.8606,2.9,9.1336,2.4215,35.0,3.1117,37.0603,-117.4783,1.8599
6.5271,3.2,8.1954,2.1555,366.0,2.6474,38.2008,-121.0788,3.1561
4.6059,45.4,7.3175,1.9979,351.0,4.7249,38.6911,-124.0193,1.8932
6.5146,35.6,7.0914,1.776,658.0,2.1139,33.1738,-122.5843,3.0441
6.8351,34.7,6.8989,1.0582,239.0,1.503,32.6685,-117.2374,4.0097
15.0,32.3,7.8175,2.5799,187.0,1.7456,41.4095,-114.1033,5.5
3.7092,44.3,4.5867,1.4466,400.0,4.4712,35.0793,-121.0722,1.8217
2.5482,25.5,2.7898,0.5157,80.0,2.0384,36.113,-116.079,0.8091
5.1948,45.4,5.638,1.3117,466.0,3.5224,38.9799,-115.3955,2.5788
2.7694,19.3,3.8648,1.1753,63.0,2.67,34.7449,-123.9941,1.6377
10.9045,48.3,3.39,1.173,1237.0,4.1774,39.4642,-114.8797,4.7439
3.7813,36.6,4.0594,1.3811,800.0,2.7393,36.8533,-119.6049,1.8871
3.192,14.1,10.4706,3.454,160.0,9.077,40.6378,-114.3755,0.9294
3.3778,29.8,5.7722,1.0487,781.0,6.4189,35.1461,-118.8452,0.7705
6.8968,28.2,6.2238,2.0719,451.0,2.6483,34.4363,-122.031,3.3837
4.077,8.0,3.0553,0.9951,147.0,2.5071,40.401,-114.266,1.5554
3.0496,31.2,1.8125,0.5,53.0,10.0,35.6001,-121.9453,0.6234
12.1729,17.1,3.8619,0.884,554.0,1.9512,36.4128,-115.234,5.5
2.6813,3.7,8.3764,2.0269,182.0,2.9388,40.0402,-122.6822,0.7145
4.5784,49.4,6.1686,1.7348,1206.0,3.0313,38.538,-117.4149,1.7958
6.6285,33.7,6.6972,1.354,409.0,3.0014,36.6964,-120.1814,2.9551
1.684,45.7,6.9771,1.0786,200.0,1.4986,34.874,-114.2938,0.759
5.9784,35.5,4.3173,0.7695,2435.0,3.6643,39.7599,-122.5599,2.1084
2.3796,19.2,8.2759,1.9699,718.0,2.0378,34.2141,-120.2077,1.3706
7.3424,27.1,4.2344,0.874,10.0,5.3356,41.3187,-117.7823,3.2001
2.5153,35.5,8.3125,2.5179,248.0,1.678,33.928,-114.235,1.5671
6.7914,50.0,6.3846,1.0939,101.0,3.0765,40.1469,-121.3094,3.1518
8.7015,13.9,1.9219,0.6409,181.0,1.2381,36.5304,-120.3329,4.4614
7.5147,45.6,4.004,1.3176,349.0,1.269,34.2671,-119.6512,4.5025
5.2111,48.1,1.9301,0.6403,575.0,2.1474,36.3226,-121.8466,2.3826
3.9009,35.2,7.8266,2.3317,524.0,2.2721,34.6047,-115.9178,2.3246
3.1713,48.5,5.4505,0.9342,1185.0,5.3994,33.7919,-123.534,1.515
10.8333,21.3,1.0433,0.5,762.0,2.9558,34.772,-117.0997,5.5
2.9456,49.6,6.2515,1.102,717.0,5.0378,40.7403,-118.8937,1.0478
2.4055,36.8,4.4257,1.5381,493.0,2.5808,33.5065,-121.9598,0.9028
6.6807,3.1,2.5324,0.5485,1461.0,3.8284,41.7391,-119.3253,2.7643
2.7796,47.3,8.8559,2.3651,294.0,2.2475,32.5475,-115.7855,1.6873
2.5344,25.7,5.7146,1.748,302.0,2.1872,38.7533,-119.8229,1.3396
1.8848,24.5,4.9131,1.6416,60.0,1.4501,40.6369,-123.2201,0.4786
3.3543,29.9,4.7012,1.4156,1160.0,3.436,41.3726,-124.0716,1.4975
4.2647,8.6,2.4734,0.7047,374.0,3.3362,33.8679,-116.3331,1.9978
5.1854,24.9,2.8909,0.7031,7583.0,4.0997,39.133,-121.0305,1.6362
7.931,43.4,8.0698,2.1876,269.0,3.2739,33.5198,-114.7219,4.1074
6.1481,1.8,4.5522,0.7686,441.0,6.7563,35.8498,-118.02,2.6419
3.9967,14.9,5.5441,1.8117,697.0,3.2233,39.4533,-119.919,1.7287
3.9792,1.1,1.4113,0.5,134.0,4.4671,35.7867,-118.5731,1.8401
6.0866,22.2,2.8638,0.5,577.0,2.6389,35.4771,-119.7001,3.4642
9.6171,38.1,6.7196,2.2442,418.0,2.0888,33.6025,-114.989,4.2925
4.8346,41.7,6.2554,1.5505,298.0,4.0031,33.1312,-119.6908,2.5099
3.3822,49.2,9.0068,2.9156,1303.0,2.8989,33.5951,-123.4073,1.6896
2.4702,32.0,8.1859,2.6308,163.0,4.1905,40.817,-118.2306,0.7957
1.883,14.0,5.0386,1.5778,531.0,3.4597,32.6064,-117.9587,0.214
6.6843,48.1,6.4459,1.046,1728.0,2.1876,39.0822,-116.464,3.2047
6.3394,40.5,4.8668,0.9705,199.0,4.617,39.8019,-114.7005,2.634
6.3371,30.3,9.6096,3.1242,300.0,2.1202,37.8949,-119.8476,2.9264
4.1487,36.5,7.798,2.5718,4210.0,3.8579,39.4424,-120.8032,1.3722
10.4245,48.1,5.8394,1.4109,648.0,5.0161,38.6966,-119.3469,4.6124
3.3519,37.3,5.9008,1.4044,243.0,2.5758,36.8278,-115.0479,1.0441
7.9499,19.8,8.3897,1.5523,900.0,4.7702,36.1357,-114.2102,3.7954
4.3787,37.4,6.6592,2.2886,229.0,3.5221,41.4427,-114.302,1.9329
3.1111,3.1,8.6173,1.6599,84.0,4.224,41.7334,-122.0882,1.0817
6.395,20.7,1.1127,0.5,1591.0,2.1496,38.6871,-119.2826,2.8118
5.7304,21.7,6.4225,1.8121,134.0,3.273,34.3743,-121.7755,2.8934
5.5521,9.5,4.4691,0.8874,4683.0,1.7105,36.755,-120.6362,2.6316
4.7057,2.2,9.0128,3.0441,247.0,5.9567,37.2171,-124.1673,2.015
4.3809,7.8,8.5928,1.3077,3406.0,1.3423,39.7007,-122.8137,2.1827
15.0,34.4,5.5657,0.8413,103.0,2.6067,38.8439,-120.3307,5.5
9.1208,41.9,8.5713,2.1512,1125.0,2.0695,37.3907,-120.6706,5.0703
6.915,51.4,9.0662,2.2449,665.0,3.9349,38.9635,-121.5723,3.029
4.7926,18.7,5.6488,1.0319,932.0,6.4856,32.7285,-122.0817,1.8664
8.2013,31.6,10.4439,2.5995,1062.0,3.9039,39.878,-116.636,3.7851
6.1153,48.8,5.4373,1.2633,245.0,9.8209,34.5105,-121.4072,2.0809
4.5527,9.5,5.071,1.6636,109.0,1.7312,38.7359,-117.0813,1.7989
3.7354,37.6,7.2317,1.0981,383.0,1.7852,33.5827,-120.6294,2.2825
4.2693,39.5,4.7924,1.6546,504.0,2.1017,33.5874,-116.0792,1.2203
0.6688,5.5,5.6707,1.5587,252.0,3.1535,32.8387,-122.744,0.2
5.0853,44.9,8.3189,1.5005,532.0,1.9922,41.1472,-122.8452,1.9464
3.3432,42.5,5.5384,0.8826,561.0,2.2241,38.2433,-117.3634,1.5302
11.6534,2.7,2.11,0.5436,162.0,3.8505,35.9386,-114.8934,4.9001
4.534,5.6,6.2346,1.2281,599.0,1.83,39.9839,-122.9986,2.2906
2.196,3.5,4.1074,0.8635,309.0,1.9093,38.4478,-123.7261,1.1644
4.3495,18.1,7.2305,1.4391,200.0,2.5615,38.3908,-114.6863,1.6071
2.3925,27.0,6.8924,1.9301,887.0,2.6597,37.1269,-123.2681,1.1059
5.9539,28.1,8.4428,2.2011,185.0,4.4997,32.5753,-121.8711,3.1623
5.3365,14.7,7.3151,1.2113,256.0,2.0954,34.9554,-114.7403,3.1055
7.9622,47.5,7.6805,1.9609,434.0,2.2522,33.5362,-116.0694,3.6556
2.7884,19.8,4.1618,1.2828,1594.0,3.7911,38.7929,-120.901,0.4003
4.5741,3.3,7.108,1.1816,489.0,4.1394,34.8619,-114.4775,2.6834
1.9758,16.3,9.4369,3.0948,684.0,5.3201,36.7766,-118.5355,0.4675
6.8271,28.1,4.1227,1.0952,300.0,3.6243,35.8576,-123.7414,3.0262
6.1185,21.8,9.0995,3.095,373.0,3.165,33.8604,-117.1178,3.3399
6.0344,15.0,4.4013,0.7906,384.0,3.7811,41.6045,-118.8586,2.1782
4.486,7.7,3.7961,1.3237,541.0,2.6994,41.3675,-118.4878,1.7423
5.7481,42.8,6.0924,1.6989,300.0,2.6915,33.3038,-114.0619,3.1783
11.7353,51.8,6.9318,1.8265,1541.0,1.4775,40.36,-122.8986,5.1414
3.7771,17.8,7.3235,1.8533,278.0,4.2946,37.1395,-117.6036,1.5307
4.8705,20.5,3.5765,0.5534,73.0,3.2693,39.8505,-119.6832,1.7362
2.3357,32.5,6.3691,2.1523,6265.0,4.0993,33.936,-121.6451,0.2197
2.6619,37.6,4.1289,1.1511,291.0,1.0,33.7566,-117.2178,1.8049
4.7526,21.0,2.5222,0.5,1500.0,2.9481,40.9622,-117.4838,2.219
8.6916,47.2,3.6425,0.5616,1644.0,2.1333,41.0293,-115.5068,3.9093
3.8429,29.6,3.9982,0.6403,1038.0,5.4769,36.9262,-115.2719,1.5485
3.8902,24.0,6.5432,1.779,331.0,3.8408,40.7665,-118.6009,1.6991
3.5109,34.0,7.8044,2.1291,537.0,3.2992,38.8409,-121.0815,1.3151
3.2516,49.6,2.5536,0.6382,113.0,2.5275,34.2576,-118.9394,1.5733
5.3494,41.5,6.2039,1.3112,2952.0,3.5215,35.6251,-120.7278,1.8822
1.8251,3.0,3.1466,0.8066,172.0,2.0724,33.7926,-121.5878,0.6799
9.6655,17.9,6.7582,1.7116,313.0,2.8867,39.8525,-118.7085,4.5777
3.0064,25.0,4.2545,0.6547,445.0,2.3837,41.8599,-117.5917,0.7956
6.9112,17.0,3.3973,0.7015,362.0,7.438,37.6906,-118.299,2.3669
2.0917,36.7,7.0993,1.1404,209.0,5.4085,38.7307,-114.4786,0.4199
6.6946,43.1,4.3262,1.4278,1627.0,4.5961,39.5879,-121.3643,3.0124
6.7071,38.3,4.8681,1.4363,1043.0,1.6551,34.6305,-120.5904,3.7787
5.6436,51.5,1.06,0.5,557.0,4.2447,35.692,-117.4898,2.3274
2.4678,14.9,7.3931,1.5558,271.0,3.2384,36.4171,-118.1962,1.3645
5.2056,45.6,7.1418,2.3261,1169.0,4.9007,38.1486,-124.4804,1.9421
2.2038,40.1,5.5109,1.4913,254.0,3.4177,40.5797,-121.221,0.2
3.851,19.5,2.4448,0.5883,1940.0,2.9961,34.9149,-121.8355,1.3279
8.3116,38.4,7.9187,1.5403,451.0,3.2987,36.9734,-115.6809,3.9471
7.2284,6.3,4.1675,1.2406,1380.0,1.459,39.6396,-115.4044,3.3868
4.5227,41.3,4.5933,1.5196,360.0,2.2101,33.3302,-121.5191,2.2439
2.4971,28.1,10.1241,1.9951,433.0,3.488,37.3725,-123.4283,1.1234
6.6019,15.9,4.0927,0.7575,1374.0,4.7387,33.8716,-122.3454,2.8162
4.5341,34.4,6.9844,2.0202,3619.0,2.4104,37.6219,-122.646,1.9357
1.1138,33.7,6.6242,2.288,1921.0,2.9555,39.7943,-122.0069,0.2
7.1677,11.7,6.2803,1.884,970.0,1.5834,34.751,-122.0362,3.8969
4.417,2.6,6.064,1.2547,727.0,5.3856,40.57,-119.4617,1.4907
9.2209,23.1,6.2528,1.4631,243.0,4.6903,35.6806,-121.1438,5.0111
2.3229,30.0,6.0439,1.3711,542.0,3.8995,34.3125,-118.6219,0.9444
0.6663,45.7,5.3962,1.729,162.0,3.535,36.9206,-120.8866,0.2
5.2986,48.3,8.5226,2.5932,587.0,5.5902,40.8227,-115.9459,1.8973
5.3385,28.0,2.8747,0.7698,626.0,2.1771,33.1549,-114.5167,2.4971
1.6251,39.4,7.5429,1.5462,57.0,2.0849,35.6119,-120.2589,1.0864
2.4915,23.4,7.1447,2.412,419.0,4.5933,38.7051,-123.9806,0.8605
15.0,39.1,6.8968,1.9357,611.0,4.4715,35.897,-121.9844,5.5
3.7308,11.4,7.734,2.6612,371.0,1.8638,33.1728,-123.4305,2.23
6.9488,19.9,5.3148,1.4139,577.0,2.4289,35.654,-120.88,3.4199
3.0332,33.3,1.7621,0.5537,105.0,5.904,40.2991,-117.7263,0.8618
1.2787,1.9,5.3554,1.6742,186.0,3.5419,41.6964,-119.0515,0.5876
4.0465,37.8,3.5176,0.765,1136.0,4.1159,32.8779,-121.9498,1.9708
3.8215,43.6,4.0363,1.3837,404.0,1.8896,37.9082,-116.4438,1.7794
3.5257,21.4,3.0152,0.5,567.0,3.9066,33.5004,-123.1195,1.7054
4.1838,23.8,4.5453,1.3806,234.0,1.7026,38.9638,-122.1039,1.5786
5.2517,44.4,4.3068,1.4777,411.0,1.3608,32.575,-117.4015,3.5088
4.0957,40.6,1.0,0.5,40.0,4.0178,32.64,-122.429,1.9673
2.0993,15.7,6.9004,1.9295,940.0,5.3323,39.8804,-117.373,0.7032
5.9997,17.5,9.9406,2.6089,2460.0,2.7142,33.2071,-114.2421,3.0211
1.3915,35.6,6.7125,2.0292,139.0,2.4142,35.3992,-115.7708,0.2
1.3097,29.7,5.0942,1.6466,158.0,5.9556,41.6014,-122.8199,0.2
6.9832,9.3,5.3905,1.4587,627.0,2.779,41.8598,-119.0348,3.1234
6.0752,16.8,4.658,1.4588,1761.0,2.9262,34.0333,-120.0656,2.6113
4.33,46.9,5.6801,1.2068,403.0,5.9155,37.8286,-114.0875,1.3842
1.9401,36.1,5.426,1.062,118.0,2.608,37.8119,-114.3738,0.7117
2.9307,51.3,3.8179,0.9015,327.0,2.3126,36.7976,-123.1653,1.4952
3.828,40.1,8.8658,2.5316,144.0,4.1629,41.2847,-114.9583,1.9076
1.7202,49.0,2.5257,0.5,207.0,2.2598,39.6633,-122.4691,0.5398
2.8765,12.0,6.9367,1.9844,298.0,2.8353,39.763,-121.1458,1.06
6.6286,40.3,5.2976,1.2122,159.0,1.7724,35.0609,-120.7892,3.2451
10.5527,2.0,9.3017,2.8753,185.0,3.2354,36.626,-121.4884,5.3289
3.4846,35.2,6.1817,0.9728,435.0,3.0871,37.1305,-115.5409,1.6487
7.0561,24.9,4.7802,1.3556,500.0,4.4247,35.3397,-121.0357,3.384
1.4213,18.7,5.0046,1.4011,97.0,4.233,33.4008,-115.9242,0.4826
6.657,45.0,5.5798,1.887,600.0,3.7457,33.7004,-114.059,3.3313
2.7666,44.6,3.2144,0.9408,275.0,3.5173,34.2164,-115.672,1.3123
5.3893,2.1,3.9663,1.2266,829.0,2.9174,34.4347,-120.8655,2.4747
3.8626,32.1,1.9301,0.6387,881.0,3.8337,34.8015,-117.0318,1.0608
9.8972,19.8,3.654,1.0414,234.0,1.9253,34.9269,-118.8938,4.6724
2.6521,22.2,5.6878,1.1832,746.0,1.174,36.8293,-116.2416,1.8056
6.531,43.4,6.1004,1.9762,175.0,4.7816,37.3409,-122.8925,2.3839
3.7897,16.8,1.5413,0.5,1516.0,3.934,35.4344,-117.7996,1.8469
4.0756,49.1,5.2256,1.2274,181.0,2.8554,41.1193,-116.3765,1.1236
4.0136,10.2,6.6268,1.9357,574.0,4.6174,37.7548,-116.5071,1.4516
2.6982,34.8,5.1742,1.674,334.0,2.2421,39.981,-114.3823,0.9521
4.4439,35.3,4.2324,1.4607,146.0,2.2655,41.2803,-123.8867,2.3841
4.3164,13.9,4.6757,1.5919,993.0,2.1433,34.0498,-120.8693,2.1423
5.1797,17.6,4.4185,0.9503,218.0,3.7699,36.5648,-119.4962,2.2964
4.7148,43.6,4.2265,0.9904,74.0,1.5949,36.6155,-121.2475,2.0137
7.234,39.9,5.8476,1.0053,23.0,2.2105,35.8675,-121.2472,3.7794
7.7999,17.8,10.1154,2.0181,168.0,3.3733,32.5846,-122.6506,4.0022
2.386,28.2,4.0126,1.3101,1597.0,1.8558,40.2517,-115.964,0.7082
7.5479,4.1,4.8637,1.0806,1419.0,2.3068,33.5598,-114.9653,3.6575
2.1994,11.6,5.3966,1.4793,197.0,1.2403,41.9571,-123.6356,1.1115
6.3771,25.8,4.1253,1.1683,277.0,3.8279,39.8431,-122.8736,2.9724
6.5003,5.4,7.6965,2.3579,253.0,2.2816,38.0101,-122.1012,2.9587
1.4236,44.0,1.0,0.5,106.0,1.9353,33.9688,-119.1556,0.413
4.7388,37.6,4.4379,0.9362,156.0,1.7896,37.3962,-116.1927,2.0465
3.3835,49.1,7.1366,1.7104,1076.0,2.5414,34.9805,-123.7497,1.6761
2.8427,36.4,4.9118,1.0952,668.0,1.5967,34.8971,-117.8135,1.7011
10.0796,49.0,3.8583,1.3372,530.0,6.5336,40.3805,-122.932,4.2649
3.0277,29.3,6.3815,2.0229,106.0,1.1573,36.1161,-114.2997,0.9541
2.7626,31.6,7.3127,1.7985,446.0,2.5087,36.7819,-115.0629,1.5551
4.6899,50.8,5.9213,1.9295,40.0,3.1354,40.5082,-114.5294,1.5645
6.7622,33.7,3.8976,0.8556,937.0,2.2031,33.334,-123.3853,3.129
4.1165,2.6,6.4124,1.9697,522.0,3.2702,38.1489,-119.3756,1.9178
9.0234,37.9,4.6959,0.9145,105.0,2.1818,37.993,-122.7649,4.3306
6.1631,47.2,6.9904,2.1283,2031.0,5.5402,36.5395,-118.1963,2.7793
1.213,41.6,8.4665,2.0429,67.0,1.9202,40.3829,-122.0562,0.3139
3.2619,30.8,1.0,0.5,686.0,1.1729,41.4575,-116.4084,0.9007
3.1992,35.2,5.7221,1.171,703.0,1.7871,36.9207,-117.738,1.4299
5.9752,51.5,2.0285,0.5,117.0,3.5064,36.8334,-118.4982,2.9051
0.9278,5.6,10.3836,3.1136,388.0,2.8658,37.2696,-115.8351,0.6973
15.0,35.0,4.5638,0.7512,79.0,4.0587,39.3697,-119.2471,5.5
6.1633,15.5,6.9927,1.9713,23.0,3.6719,38.8466,-121.6666,3.2575
4.9004,33.6,5.4294,1.5919,139.0,2.3291,34.6169,-117.9826,2.8066
9.1061,32.0,3.8938,1.0933,218.0,2.4704,33.107,-114.4508,4.8024
15.0,8.8,3.6559,1.1046,768.0,2.575,41.5179,-118.1878,5.5
7.5568,11.5,8.6714,1.6097,432.0,6.3836,34.9802,-117.889,3.7789
7.9192,32.7,7.4119,1.9821,443.0,3.9603,38.5667,-114.6851,3.6061
4.8473,7.5,9.3872,3.175,146.0,6.4024,40.3702,-119.0896,1.809
4.1168,14.5,5.6109,1.527,237.0,4.2052,35.3526,-114.0382,1.6822
3.3687,43.6,6.0758,1.6543,159.0,2.9287,38.5366,-122.8235,1.3976
2.7301,17.7,4.9656,1.4762,119.0,1.9982,33.5251,-118.8611,1.2933
2.9677,25.9,4.9258,1.0671,223.0,3.2564,41.7143,-122.2645,1.103
1.9931,49.0,3.4162,0.991,435.0,2.9319,33.0525,-119.7401,0.8385
4.2822,12.6,5.668,1.8888,228.0,2.8937,36.6627,-122.709,2.0947
1.631,20.9,3.9215,0.5968,292.0,2.7631,37.5998,-122.1634,0.7765
5.0256,31.9,6.3838,2.0685,808.0,1.3218,40.0096,-122.2866,2.2336
4.3851,39.5,5.84,1.1314,245.0,4.9746,33.6507,-121.1397,1.7846
4.8947,47.0,6.0754,1.4653,106.0,2.9441,36.6877,-123.0866,1.7072
3.2763,47.7,8.8503,2.8362,709.0,1.7063,35.3473,-116.0019,1.9442
15.0,40.6,5.4246,1.7076,526.0,3.6426,35.4641,-122.1829,5.5
10.1358,12.6,7.0135,2.3031,560.0,2.1333,39.8985,-120.126,4.834
2.1239,2.3,9.603,3.2466,754.0,3.7616,32.5519,-124.3314,1.5301
5.1537,20.6,8.1132,1.9426,637.0,4.2745,39.6163,-123.3987,1.8552
3.1118,8.2,7.8063,2.1957,415.0,4.517,40.1988,-115.0891,1.2057
2.4383,37.2,4.8866,1.1146,4409.0,2.8169,41.0629,-115.7098,0.2
2.0056,34.7,5.9593,1.3119,112.0,2.5459,38.4554,-115.6703,1.0371
5.8085,3.2,2.8634,0.6767,224.0,2.3391,35.6678,-120.1808,2.1563
2.9778,43.7,6.4978,1.9404,1061.0,2.2501,36.5587,-123.0139,1.5809
8.01,13.7,6.0489,1.514,465.0,2.9835,41.7125,-123.3671,3.8678
8.1358,23.0,5.5468,1.7351,861.0,2.7629,40.8713,-118.1412,3.3969
10.22,35.1,7.5544,2.2591,478.0,2.1595,36.9035,-115.804,5.0882
2.6874,22.9,3.0845,0.5,1594.0,1.9012,41.4591,-115.0488,0.5892
5.9609,23.5,8.7697,2.4209,147.0,2.8763,40.3181,-121.4683,2.9351
6.55,4.3,7.3035,1.7332,1545.0,2.5252,41.0604,-121.1292,3.1983
3.372,21.5,5.3587,1.2932,1301.0,1.903,38.9883,-123.4408,1.1379
2.8206,40.0,5.2025,1.6319,120.0,4.188,40.6477,-116.3687,0.5229
11.7719,47.7,6.4612,1.6768,758.0,6.1033,40.9718,-121.6053,5.4908
5.1371,22.1,8.5417,2.7942,386.0,4.4151,33.3742,-119.4502,3.1232
6.5639,22.6,5.7032,1.6685,220.0,2.2522,41.6696,-114.7466,3.1228
2.7367,36.8,5.7881,1.5082,61.0,2.9444,35.6693,-116.6017,1.4603
2.1564,49.1,5.5362,1.6659,147.0,5.5632,36.679,-123.9463,0.5356
3.1846,14.6,9.064,1.4291,819.0,1.8786,40.0231,-124.4144,1.5922
4.1603,23.4,4.7622,0.7401,910.0,4.1084,38.8165,-116.2322,1.7543
2.3666,41.6,5.441,0.9068,327.0,1.6833,40.9841,-118.6987,0.8809
4.4553,32.1,8.4269,2.0015,913.0,5.8921,36.3055,-116.9365,2.2639
1.6273,6.6,5.794,1.1419,1038.0,2.5291,36.0462,-122.8534,0.7884
2.2887,33.0,7.7741,2.6965,471.0,7.3274,32.801,-115.3435,0.881
6.7029,10.5,3.6774,0.9505,196.0,5.9968,36.8959,-116.3801,2.8136
6.4384,27.0,5.0894,1.4377,627.0,2.879,39.3787,-115.1462,2.8745
3.5426,28.0,8.4689,1.7426,657.0,2.2529,35.3612,-120.9185,2.2257
2.4335,45.7,4.1473,0.889,792.0,3.2476,36.8959,-121.6051,0.9423
2.4195,24.6,5.1974,1.1283,959.0,2.7953,34.5843,-122.9068,1.1715
3.5824,15.3,6.0134,1.7424,103.0,2.5584,39.8415,-114.7341,1.6381
6.5976,12.8,3.5217,0.8619,242.0,1.5477,33.0749,-122.6433,3.3228
7.8221,45.6,4.6724,1.1846,60.0,2.4453,39.2011,-123.2472,3.2231
3.327,9.7,5.7253,1.5367,851.0,1.9267,36.0999,-122.4769,2.1078
2.2432,22.7,5.5934,1.6991,326.0,3.7459,32.8952,-116.4005,1.4064
5.263,10.5,8.0607,1.3548,621.0,4.4657,40.608,-115.1599,2.6449
2.7343,40.4,8.5829,2.621,92.0,4.0401,37.1334,-115.9854,0.8689
3.284,25.2,3.7878,0.9949,1638.0,3.4451,38.1935,-118.586,1.6067
9.9261,18.9,5.7225,1.6242,122.0,2.1358,39.4543,-114.0642,5.3879
7.3615,19.4,6.8485,1.4759,875.0,3.2614,38.7232,-123.777,3.7389
4.9273,44.5,8.5327,1.9785,454.0,4.1252,39.4431,-115.3945,2.6365
2.0893,29.2,6.937,1.3613,334.0,2.3762,39.7417,-120.009,1.1099
5.0878,37.6,6.0818,2.1035,308.0,3.1506,38.0969,-119.7212,2.0339
8.479,46.7,6.8331,1.7042,213.0,2.8344,35.9736,-123.1603,4.3184
3.5773,47.0,6.8475,2.3913,1473.0,5.8413,34.8099,-124.149,1.0134
10.0812,17.8,3.6446,0.9037,409.0,4.2233,41.0776,-121.1754,4.3049
9.7342,49.6,5.8856,1.1415,113.0,3.8331,41.7143,-122.664,4.4811
12.1611,2.3,8.4183,2.1171,275.0,1.5118,35.8978,-119.4249,5.5
5.3825,20.2,5.0853,0.8031,459.0,3.2192,33.567,-122.953,2.8157
6.3753,46.7,5.7589,1.9059,990.0,2.8235,34.6141,-123.0518,2.5063
10.47,15.0,5.015,1.5732,220.0,2.8138,38.8713,-115.2917,4.9495
5.8617,14.9,1.0,0.5,236.0,1.6074,34.1429,-114.8264,3.0542
3.3177,16.4,5.5412,1.507,413.0,1.9443,39.9112,-114.3757,1.686
3.4242,32.2,6.1036,1.6234,966.0,2.9235,41.2688,-117.3547,1.5296
5.1713,23.4,4.475,1.5633,103.0,4.6915,41.6547,-116.4043,2.0634
2.0661,38.1,3.1907,0.656,669.0,2.3721,32.5886,-115.7243,0.8929
4.1126,46.6,3.7388,1.1438,254.0,2.56,41.6025,-117.5813,1.7431
8.6532,35.4,7.0284,1.8715,292.0,6.1254,39.5318,-121.0324,3.6742
1.2035,11.4,9.445,3.2602,2986.0,2.6678,33.2985,-122.8579,0.8108
11.2536,48.6,8.2649,2.6081,331.0,2.8533,36.4448,-122.0086,5.5
8.7883,14.5,2.8113,0.9831,858.0,2.8688,39.1504,-115.6757,3.9677
3.4012,8.6,7.2093,1.9297,828.0,1.7538,41.5885,-117.191,1.2483
6.2092,5.6,4.1737,0.7968,124.0,3.7762,34.0593,-119.7141,3.3631
4.4902,29.7,4.3355,1.0871,64.0,2.3137,33.7135,-124.1912,2.4532
9.3745,6.8,4.576,1.3372,917.0,2.9682,36.9873,-121.7049,5.092
8.0818,8.1,6.9121,2.1073,137.0,3.5886,41.6969,-116.8466,3.8366
1.9347,16.3,7.4185,1.1135,76.0,6.534,41.7281,-119.1199,0.5467
6.3748,15.4,5.3039,1.3313,1126.0,1.7734,34.6652,-119.9269,2.7559
3.9615,31.8,5.3379,1.0518,146.0,4.2461,35.5338,-121.2064,1.8692
4.7101,42.7,6.4285,2.0892,186.0,4.2524,41.1263,-118.1272,1.7624
2.8953,39.8,6.636,1.1983,2906.0,2.3273,39.481,-114.353,1.2525
12.7928,14.4,7.8525,2.2245,77.0,3.8183,41.737,-115.0382,5.5
8.3648,13.5,2.9313,0.5957,115.0,5.7972,40.9849,-124.1798,3.7833
2.8752,50.3,5.5401,1.2261,255.0,2.2123,34.5434,-119.45,2.081
2.0122,1.4,3.364,1.1374,317.0,3.3088,39.7174,-121.0406,0.388
3.5559,45.9,5.3981,1.0693,165.0,3.5322,32.9614,-119.1387,2.0295
5.8165,11.2,5.0476,0.8531,127.0,3.7198,40.2694,-118.1348,2.7611
5.1765,49.3,5.4065,0.8859,1826.0,4.0866,38.2148,-122.3997,2.6663
9.5056,18.5,3.9005,0.9787,525.0,3.2108,41.583,-116.2935,4.4807
7.1991,23.5,2.5254,0.7029,724.0,3.6891,41.6203,-119.5118,3.1588
8.0184,37.1,1.3111,0.5,352.0,2.0863,32.9827,-114.0839,4.1931
5.4527,31.0,5.2376,1.5087,539.0,3.2079,34.025,-124.2362,2.9164
1.9473,17.2,4.638,0.7523,1025.0,2.483,37.1,-122.5079,1.2215
3.9852,29.2,4.1481,1.3335,149.0,1.8369,40.8552,-117.2589,1.451
8.466,38.3,8.1451,2.552,526.0,2.4506,40.2372,-117.2006,3.8844
4.3453,3.2,3.7811,1.3124,809.0,3.3461,41.6615,-118.387,2.1749
6.0609,1.6,8.3337,2.811,1891.0,3.5763,38.3718,-114.2944,2.1286
3.7015,24.4,8.7477,1.9353,2830.0,1.8087,34.9374,-120.1392,1.7759
2.416,7.7,1.5982,0.5,433.0,2.0646,32.7385,-120.1211,1.2607
4.162,34.9,5.6848,1.7008,1260.0,4.0143,34.6178,-114.94,1.7661
5.3948,11.9,4.7006,0.8311,28.0,3.6813,38.9151,-118.8464,2.8829
3.024,23.1,1.0,0.5,1905.0,4.2838,41.2996,-120.7859,0.8048
3.8906,11.1,2.6107,0.5,195.0,5.1921,35.5486,-116.9512,1.4513
2.5506,29.0,7.0499,1.6989,317.0,3.7253,40.8192,-117.9935,0.7164
8.7718,6.9,9.5384,2.4838,627.0,2.5449,36.2515,-121.2827,4.5544
3.7559,2.2,7.3054,1.4043,346.0,3.1454,35.4286,-121.3717,2.2619
10.7151,3.6,6.1473,0.9548,491.0,5.8355,37.334,-120.3461,5.0117
11.215,49.7,5.4573,1.6038,1974.0,9.0773,36.7016,-123.748,4.5863
4.269,8.3,8.8653,1.3653,275.0,3.6155,41.1811,-114.6025,1.7
2.4472,37.1,9.7965,3.3767,136.0,3.7219,36.9484,-122.5783,1.2331
1.2821,4.5,4.3263,0.8407,2474.0,4.016,35.1347,-122.4648,0.3547
1.8529,6.5,1.5,0.5,683.0,3.0329,40.5044,-117.7061,0.2044
1.9654,27.0,1.3036,0.5,2758.0,4.7853,41.9881,-116.8954,0.2782
10.248,24.7,8.1438,1.3188,957.0,4.4961,38.6576,-116.7632,5.3127
4.8042,49.5,5.4059,1.3214,107.0,3.4617,34.8794,-120.5617,2.2843
5.6619,49.2,5.8665,1.4863,769.0,2.6453,34.7687,-115.33,2.8272
1.1826,40.8,1.9187,0.6158,151.0,1.6351,33.0482,-118.788,0.2686
2.1841,31.7,3.9936,1.184,406.0,4.0268,33.2343,-119.8948,1.1471
7.6312,24.2,4.909,0.8142,374.0,3.2712,41.1923,-115.9909,3.5452
5.3231,19.2,5.9157,1.1348,80.0,2.2365,33.4166,-121.9426,2.7233
4.1028,49.3,4.7028,0.9988,179.0,1.9118,37.1013,-115.4681,1.7108
6.2896,31.7,3.4253,0.5935,3660.0,3.9141,39.1322,-118.8423,2.9191
11.9589,30.5,3.9309,0.9488,512.0,1.5833,40.5784,-115.0494,5.5
3.925,12.8,7.9166,2.746,338.0,3.3867,34.1271,-122.3831,1.7187
4.6722,3.4,5.9896,1.5149,2472.0,4.2098,36.6589,-114.6713,2.1737
5.0307,49.2,6.7243,2.0064,271.0,3.7433,34.8891,-117.2773,2.4459
15.0,17.0,3.7023,1.061,368.0,2.5695,34.9303,-118.0076,5.5
1.2717,23.6,1.0,0.5,1087.0,1.8226,35.3865,-120.0683,0.7021
6.7526,6.8,4.4538,0.8602,270.0,3.7993,38.0776,-114.4587,2.3062
4.1834,43.7,3.7669,1.1329,191.0,4.856,32.6575,-119.8388,1.3176
6.2969,2.4,6.198,2.0222,42.0,2.3891,36.3833,-119.2653,3.5741
3.021,43.5,12.0714,2.2248,158.0,3.6794,34.2749,-116.2943,1.6518
4.3519,8.2,6.8903,1.5115,157.0,5.6554,41.6876,-121.5092,1.5001
6.8678,46.2,10.9719,3.7746,473.0,3.4402,38.0359,-121.4393,2.8947
15.0,38.2,6.6375,2.0321,219.0,2.5632,40.7469,-116.3594,5.5
7.2777,9.4,4.2402,0.8757,3491.0,4.5555,34.3591,-123.1499,3.2196
2.6944,29.9,6.1958,1.6282,140.0,2.2366,40.1951,-115.8589,1.5669
